# JTTY TBCC ladder oracle, WSJT-X 3.2.0-rc1 (see scripts/jttysim/)
# seed=1 cases_per_condition=3
# CASE id snr_db dphi dhalf ; PAYLOAD 34 bits ; ZS/ZH per symbol ; DEC ; RUNG lists
CASE 1  0.00  0.00  0.00
PAYLOAD 0110000101111010000110000110111100
ZS  1  4.35876012E-01 -4.67212081E-01  2.73304939E-01  5.72670341E-01 -1.31338692E+00 -1.07684457E+00  4.25760627E-01  1.22921050E-01
ZS  2 -1.19813585E+00  3.64278048E-01 -1.27116993E-01  1.13498938E+00  6.17353767E-02 -7.35884070E-01 -8.14298868E-01 -6.41623557E-01
ZS  3  2.70155162E-01 -1.69580624E-01 -1.62897348E+00 -4.71891999E-01 -1.41713750E+00 -1.15695238E-01 -1.09471902E-01 -5.12993336E-03
ZS  4  1.13961017E+00 -6.44293666E-01  6.18599832E-01 -3.26870739E-01  5.20666480E-01 -1.53554380E-01 -4.78066504E-02  1.21064115E+00
ZS  5 -2.34634787E-01 -2.05130363E+00  8.40322137E-01 -4.35933530E-01  5.58319867E-01 -7.85496294E-01 -6.17509842E-01 -6.72634840E-02
ZS  6  4.85819876E-01 -2.36132860E-01 -6.71515942E-01 -6.30426943E-01 -5.40199399E-01  2.13359088E-01 -1.38699472E+00  8.62550512E-02
ZS  7 -4.60237980E-01 -4.31427240E-01  1.34984469E+00  6.88251019E-01  3.20037484E-01  1.75387239E+00 -1.09783721E+00 -1.35674521E-01
ZS  8 -6.90241456E-02  3.69798392E-01 -5.82907461E-02 -1.10597038E+00 -6.59758329E-01 -1.66180563E+00  5.48062742E-01 -8.53132248E-01
ZS  9 -8.21624577E-01  1.67961037E+00 -1.60232234E+00 -2.27881253E-01 -4.52134699E-01  2.06377581E-01  2.65998214E-01 -1.04326777E-01
ZS 10 -1.56409419E+00 -4.56333011E-01 -5.82174361E-02 -6.79642320E-01 -1.59999883E+00  1.67012691E+00 -7.48958826E-01  7.53141880E-01
ZS 11  1.56641781E-01 -4.80934411E-01  6.89221025E-01  9.00888503E-01 -8.82099569E-02  1.05688751E+00 -6.23776436E-01  8.60440552E-01
ZS 12 -6.14767075E-01  2.63811976E-01  7.96330750E-01 -1.16228282E-01 -1.22651076E+00 -5.08189321E-01  2.28963852E-01 -5.34851015E-01
ZS 13  6.01971209E-01 -1.10385156E+00 -2.96415186E+00  4.83180076E-01  1.25753117E+00 -3.18446100E-01  4.40071106E-01  1.56914592E-02
ZS 14 -8.94661427E-01 -3.46428931E-01 -1.43576050E+00 -7.84371123E-02 -9.69214439E-02  6.47536814E-02  1.15447366E+00  6.73555911E-01
ZS 15  6.19142711E-01 -8.42382610E-01 -1.27722955E+00  5.71001291E-01 -4.02953982E-01 -5.41424394E-01  1.10718179E+00  6.72924578E-01
ZS 16 -3.54518414E-01 -3.06964397E-01 -1.27115202E+00 -1.45164132E+00  1.95512503E-01  8.23256850E-01  5.51498532E-01 -1.39540553E+00
ZS 17 -1.89923361E-01  1.66660950E-01 -1.02727771E+00 -3.92648876E-01 -1.24192856E-01 -2.23033571E+00 -1.06637442E+00 -4.35843855E-01
ZS 18  8.75442386E-01  1.40698278E+00 -8.03105116E-01  8.02653134E-01  9.25114274E-01 -6.94376349E-01  4.86163437E-01 -4.40359324E-01
ZS 19  5.40623188E-01  9.80516791E-01  6.69186175E-01  5.85436642E-01 -3.88613552E-01 -3.78097653E-01 -9.01265979E-01  5.61043739E-01
ZS 20 -8.14673901E-02 -7.02035576E-02 -5.31444788E-01 -2.42181838E-01  7.78391212E-02 -4.70854521E-01 -1.05618596E-01 -1.60155684E-01
ZS 21 -1.67756391E+00 -5.54806232E-01 -7.44914949E-01  2.46425077E-01  9.07977939E-01 -1.10826170E+00  5.44114590E-01 -1.37370622E+00
ZS 22  9.31919694E-01 -2.01627553E-01 -4.96108711E-01  4.21864897E-01 -8.04534554E-02 -1.61558062E-01 -9.96029854E-01 -4.45161045E-01
ZS 23  2.10719764E-01 -1.00673342E+00  9.91141140E-01  7.37747669E-01  5.46011090E-01  8.57415318E-01  7.70997405E-01 -7.93634176E-01
ZS 24  5.11864901E-01 -1.51782602E-01 -5.33158898E-01  3.39414775E-01  1.24695969E+00  5.09165645E-01 -5.86972117E-01  4.86173719E-01
ZS 25 -5.70652008E-01  1.58637121E-01 -7.31510043E-01 -1.20821357E-01 -1.03509593E+00 -5.38584054E-01 -6.13931179E-01 -1.67546928E+00
ZS 26 -4.00264293E-01 -1.03152704E+00 -2.04810828E-01 -5.56078255E-01 -1.64470744E+00 -1.32276273E+00 -6.46716893E-01  3.28637332E-01
ZS 27  1.65561473E+00 -1.06298363E+00  6.67342782E-01 -7.10771859E-01 -3.05479348E-01  1.01653981E+00 -2.02021718E+00  4.60440040E-01
ZS 28 -1.37751091E+00  1.64537892E-01  9.64718759E-01 -8.59398961E-01  1.06343520E+00 -4.21108693E-01 -1.51035056E-01  7.22612083E-01
ZS 29 -3.94570082E-02 -4.12208468E-01 -9.07997906E-01  6.26478612E-01  1.51073682E+00  1.84321535E+00 -6.28318429E-01 -4.83895540E-01
ZS 30 -1.41011703E+00 -5.14610648E-01 -5.79225540E-01  2.25410968E-01 -1.28459358E+00 -5.98655820E-01  1.12414375E-01 -8.13023746E-02
ZS 31  7.56289244E-01 -4.81458187E-01 -3.57702911E-01  2.66652346E-01 -7.43403375E-01 -4.48830605E-01  1.78286210E-01  1.18741959E-01
ZS 32  5.75160086E-01  1.70950115E-01 -7.67237008E-01  5.64448714E-01 -1.48956239E-01  8.35927367E-01 -4.19082910E-01  8.88511240E-02
ZS 33 -1.17236435E+00 -1.96252078E-01 -2.41388351E-01  6.96824789E-01  8.20001721E-01 -9.10269856E-01 -3.50019932E-01 -6.68712974E-01
ZS 34  6.72415495E-01 -9.96838987E-01 -3.59750748E-01 -2.80472130E-01 -1.35820854E+00  1.54285252E-01  9.04704690E-01  2.56056577E-01
ZS 35 -1.56403637E+00 -1.91295251E-01  1.13138556E+00 -8.40736747E-01 -5.33269823E-01  8.50080788E-01  1.69255567E+00  1.27712941E+00
ZS 36 -8.06425154E-01 -2.02066943E-01 -1.41033220E+00 -5.82990825E-01  2.82248259E-02 -1.73998725E+00  1.07676828E+00  4.12657589E-01
ZS 37  4.37933534E-01 -4.71483529E-01 -1.94876671E-01 -3.18413079E-01  6.18999541E-01 -7.86248147E-02  1.16385363E-01 -2.08880335E-01
ZS 38  1.61877275E-02  1.04688656E+00 -9.71687317E-01  3.60551775E-01  6.67027235E-01 -5.84704340E-01 -1.55405498E+00 -1.84558183E-02
ZS 39 -1.80355275E+00 -1.82125986E-01  1.03427148E+00 -1.43769526E+00  1.75219953E-01 -8.23217630E-03  4.26259458E-01 -6.22953355E-01
ZS 40  5.57499707E-01 -3.91804129E-01 -5.46856642E-01 -4.31907773E-02 -4.77487355E-01  1.11714697E+00  1.31369099E-01  5.15988588E-01
ZS 41 -2.21168309E-01  1.32339072E+00  4.41264063E-01  6.42929971E-02  1.41733479E+00  4.10103321E-01 -4.39446270E-01  1.89190015E-01
ZS 42  3.49338710E-01  1.92312002E-02  2.65885741E-01  4.79322582E-01 -4.32724357E-01  3.69062126E-02 -8.89526784E-01  1.21825814E-01
ZS 43 -6.14046454E-02  1.07203782E+00  3.92572701E-01  8.26978147E-01  4.68522936E-01  2.00279042E-01 -1.54566002E+00 -5.93862593E-01
ZS 44  4.00340527E-01 -1.18898809E-01  3.10197741E-01  5.37814558E-01 -1.19951379E+00 -1.21333015E+00 -1.23654675E+00 -1.05082119E+00
ZS 45 -1.31401420E+00 -8.77331376E-01  2.97675073E-01  5.19699752E-02  6.26360297E-01 -4.39364195E-01 -5.51570594E-01 -4.17528331E-01
ZS 46 -8.70576560E-01 -3.76592614E-02  7.62194693E-02 -1.05944526E+00 -1.19889450E+00 -1.57440209E+00  3.15326691E-01  6.21282578E-01
ZH  1  9.45345879E-01  7.91779816E-01  1.48032546E+00  1.05125904E+00
ZH  2  1.15851963E+00  1.03640318E+00  6.16275489E-01  1.09490478E+00
ZH  3  7.33078122E-01  1.20391965E+00  1.17574286E+00  7.83272326E-01
ZH  4  1.51461244E+00  1.17254519E+00  9.87802386E-01  9.79106963E-01
ZH  5  1.49773121E+00  8.20378125E-01  8.59893382E-01  8.22593868E-01
ZH  6  4.41254944E-01  6.88822269E-01  6.44455314E-01  1.07278955E+00
ZH  7  1.34239852E+00  1.09673560E+00  1.31612492E+00  9.27869439E-01
ZH  8  6.64202750E-01  8.22453976E-01  1.29526758E+00  9.87869680E-01
ZH  9  1.55709457E+00  1.22605968E+00  4.35322523E-01  2.67926276E-01
ZH 10  1.72728491E+00  8.10828686E-01  1.97842193E+00  1.66852844E+00
ZH 11  1.08113408E+00  9.52349663E-01  1.25334609E+00  7.89091885E-01
ZH 12  7.83558130E-01  8.43797028E-01  1.28412199E+00  1.57926881E+00
ZH 13  9.40891206E-01  2.16614246E+00  1.01662338E+00  6.37478471E-01
ZH 14  8.79262447E-01  1.03358841E+00  1.16531289E+00  1.70058727E+00
ZH 15  9.07825887E-01  1.63890159E+00  7.13718653E-01  1.00274479E+00
ZH 16  1.26566565E+00  1.61182702E+00  6.26197278E-01  1.59728444E+00
ZH 17  1.85713708E-01  9.35706198E-01  1.84456861E+00  1.12297463E+00
ZH 18  1.24667132E+00  9.09153402E-01  1.04224563E+00  5.38255036E-01
ZH 19  1.01024568E+00  8.46740305E-01  8.89717996E-01  7.70703495E-01
ZH 20  1.01296020E+00  6.76659524E-01  4.26534623E-01  4.29416627E-01
ZH 21  1.25271213E+00  6.51300609E-01  1.25649273E+00  1.13848472E+00
ZH 22  1.13513076E+00  7.89325714E-01  7.92607963E-01  1.05517244E+00
ZH 23  7.35919058E-01  9.00312006E-01  1.32031739E+00  1.11986208E+00
ZH 24  5.23981571E-01  6.24771595E-01  9.93418217E-01  7.03356266E-01
ZH 25  9.11746919E-01  1.10867167E+00  1.03581333E+00  1.62173498E+00
ZH 26  9.40708518E-01  9.57720518E-01  1.54684794E+00  1.05170441E+00
ZH 27  2.05362272E+00  1.47345448E+00  9.55632091E-01  1.57243836E+00
ZH 28  1.13601422E+00  1.61711180E+00  8.38278711E-01  1.01126909E+00
ZH 29  4.93308723E-01  1.05027390E+00  1.91785216E+00  8.46426070E-01
ZH 30  1.27585483E+00  8.81084800E-01  1.10781157E+00  4.07341540E-01
ZH 31  7.04819262E-01  8.85484457E-01  9.10546720E-01  4.29983705E-01
ZH 32  1.55054867E+00  1.28101146E+00  9.84726787E-01  8.64584804E-01
ZH 33  1.37124777E+00  1.03263414E+00  1.53508103E+00  1.53186238E+00
ZH 34  1.19505048E+00  1.95196164E+00  1.09621811E+00  7.33045578E-01
ZH 35  1.35746574E+00  1.10090005E+00  7.94898808E-01  1.61862612E+00
ZH 36  9.66273606E-01  1.08511257E+00  1.31975853E+00  1.23995185E+00
ZH 37  9.55691338E-01  3.29434246E-01  4.62392718E-01  7.77408838E-01
ZH 38  9.62479472E-01  8.88347685E-01  1.17619872E+00  1.12126315E+00
ZH 39  1.92496693E+00  1.60723209E+00  1.24567139E+00  8.06655169E-01
ZH 40  8.98922622E-01  1.02663934E+00  1.23712122E+00  4.83252734E-01
ZH 41  1.10577071E+00  5.69406450E-01  1.23591697E+00  8.21127355E-01
ZH 42  4.54354733E-01  9.18813109E-01  5.52255332E-01  1.29616094E+00
ZH 43  1.47457933E+00  7.22636282E-01  7.87641943E-01  1.25520682E+00
ZH 44  1.14353704E+00  9.20181990E-01  1.41305375E+00  1.40142286E+00
ZH 45  1.16801739E+00  6.24118268E-01  1.02742541E+00  5.98218739E-01
ZH 46  7.56217897E-01  1.28204274E+00  1.48389435E+00  1.26954997E+00
DEC F rungs=4 block=0 rank=0 half=F pool=0 metric= -1.7976931348623157+308
DECPAYLOAD 0000000000000000000000000000000000
RUNG L1 count=4 pool=4
H 1 0110000010001110101110110101111101110100100110 F   1.1428201562166214E+02   2.2984553767740726E+02 294
H 2 1010011010000111101100000110111001011101011101 F   1.1319688855111599E+02   2.3107542522996664E+02 349
H 3 0111010001111001100011111010101001010011001000 F   1.1319013821892440E+02   2.2880453855358064E+02 200
H 4 0101010001111001100011111010100000000000111111 F   1.1297655471973121E+02   2.3020161819271743E+02 63
RUNG L2 count=4 pool=4
H 1 1001011110000011010001110100100101011001010110 F   8.4657134339213371E+01   1.6955838702619076E+02 86
H 2 1001011110000011010001110100101101011001010110 F   8.2546216346323490E+01   1.6744746903330088E+02 86
H 3 1001011110000011010100111000000101011001010110 F   8.2151449441909790E+01   1.6705270212888718E+02 86
H 4 1001011110101110111011010100100101011001010110 F   8.1641395017504692E+01   1.6654264770448208E+02 86
RUNG L4 count=3 pool=3
H 1 1001011110000001000000000101111101111001010110 F   6.3402333021163940E+01   1.2680466604232788E+02 86
H 2 0010010011001111111101000011111101110100100110 F   6.2556723117828369E+01   1.2605006599426270E+02 294
H 3 0100001111100100110100011100110000100111010001 F   6.1295743644237518E+01   1.2783119183778763E+02 465
RUNG H1 count=1 pool=1
H 1 0001011111101100010101011011010100000010101110 F   9.2344366550445557E+01   1.8468873310089111E+02 174
CASE 2  0.00  0.00  0.00
PAYLOAD 1011001101100010111111010111111001
ZS  1 -7.75456071E-01 -9.22570527E-02 -4.92408454E-01  9.40193474E-01  1.23577356E-01  1.21913157E-01 -1.53723896E+00 -1.24843371E+00
ZS  2 -6.08236790E-01 -9.11393166E-02 -5.51023364E-01 -2.57051617E-01 -1.88150316E-01 -1.06017911E+00  3.56084108E-01  5.27315617E-01
ZS  3 -8.35676491E-03 -1.65765190E+00 -1.64915621E-01 -5.41247368E-01  1.62393355E+00 -5.94646931E-02  7.58564174E-01  4.66662705E-01
ZS  4  2.74239361E-01  9.47788298E-01  5.94227850E-01  5.81703782E-01 -3.16254556E-01 -1.17620170E+00 -1.58896923E-01  1.01636553E+00
ZS  5  5.39857030E-01 -1.00554347E+00 -5.08563936E-01  9.12233651E-01  1.03967690E+00 -4.64216411E-01  4.35916871E-01 -1.56758398E-01
ZS  6 -6.23490334E-01 -3.94469202E-01 -6.54569268E-01 -1.58838117E+00 -6.92312479E-01 -4.60814148E-01  5.14693499E-01  1.16938543E+00
ZS  7 -1.13206089E+00  5.63990176E-01  1.19534910E+00 -3.70581239E-01 -7.09371328E-01 -3.71386111E-01  1.59821296E+00  4.29721832E-01
ZS  8 -1.52857125E-01  3.59202564E-01 -9.70825672E-01 -2.73094445E-01  4.39123899E-01  2.03912884E-01  3.79994631E-01  3.84472460E-01
ZS  9 -4.09477174E-01 -9.99343991E-02  9.24708247E-01 -1.18996906E+00  1.66106582E-01  2.92401910E-01  2.74771452E-01  2.26956576E-01
ZS 10  3.77396345E-02 -8.77267361E-01  2.53749132E-01 -7.80763507E-01 -4.88421321E-01  6.67448282E-01  2.21723944E-01 -3.73047769E-01
ZS 11  3.19055200E-01  5.73212743E-01 -2.24033892E-02 -1.30853963E+00  1.52957737E+00  1.08273637E+00  2.32035995E-01 -4.81740534E-01
ZS 12 -1.34084105E-01  7.59527564E-01 -1.80430067E+00  6.65525854E-01 -1.39836073E-01  1.23196721E+00 -3.02332580E-01 -1.39481318E+00
ZS 13  5.33136427E-02 -1.61281869E-01 -8.16546679E-01  8.58314261E-02 -7.85743296E-01 -2.29538143E-01 -7.07468092E-01 -3.30083817E-02
ZS 14  8.04489017E-01 -2.89088488E-01  2.85233930E-02 -1.90635514E+00 -2.47843385E-01 -4.56094682E-01 -1.16980970E+00  9.22110438E-01
ZS 15  2.39137024E-01 -1.83356062E-01  6.45984411E-01 -3.41729403E-01 -5.65901577E-01 -1.67544818E+00  7.74022698E-01  8.69253159E-01
ZS 16 -6.48994684E-01 -1.57343292E+00 -1.22630596E-03  2.51117826E-01 -2.61560977E-02 -1.00180912E+00  5.38570464E-01  2.41698027E-02
ZS 17 -1.54708719E+00  3.50209773E-02 -6.35248661E-01 -7.77758539E-01  1.31526995E+00  6.31583214E-01 -9.46636200E-02  1.21514750E+00
ZS 18 -8.96340847E-01 -1.09958863E+00 -4.36875045E-01  3.92134368E-01 -1.14310987E-01 -1.38286591E+00  6.49399281E-01  9.71240997E-01
ZS 19 -1.20848775E+00  1.66005611E+00  9.80076790E-02  2.35730670E-02  2.48030126E-02  8.66340876E-01 -5.27789235E-01 -1.82617474E+00
ZS 20  1.14453471E+00 -4.61283028E-01  3.91715169E-02  4.26528692E-01 -4.43881303E-01  6.03893220E-01 -5.74606895E-01 -4.71053630E-01
ZS 21  9.91701055E-03 -1.32471657E+00 -4.04425412E-01 -4.86039519E-01  2.95064926E-01 -7.57439971E-01  4.25080806E-01  8.44641268E-01
ZS 22 -1.96612924E-01  2.19071329E-01  8.23882580E-01 -3.06813300E-01 -1.52422428E-01 -1.49312806E+00 -8.18520486E-02  7.03665376E-01
ZS 23  5.50551951E-01 -1.29573911E-01  8.90780270E-01 -4.36498702E-01  5.83143711E-01 -8.18493426E-01 -5.87679088E-01 -1.16568422E+00
ZS 24 -6.85215950E-01 -6.51256263E-01 -2.63267159E-01 -8.70563984E-01 -6.91058040E-01  1.07848501E+00 -8.32170784E-01 -8.95565748E-02
ZS 25 -1.40477312E+00  1.23723507E-01 -4.94905829E-01 -6.41418338E-01  7.78960347E-01 -1.65662837E+00 -3.33904564E-01 -3.51796508E-01
ZS 26 -7.26951063E-01 -1.83177173E-01 -1.94353372E-01 -1.13631618E+00  7.63552427E-01  9.39813375E-01  4.04595196E-01  3.59356582E-01
ZS 27  4.98059690E-02 -1.78296492E-01 -1.88349128E+00  1.37721151E-01  1.01746291E-01 -9.06451106E-01  1.03091645E+00  1.55498549E-01
ZS 28 -8.29346299E-01  5.74872017E-01 -1.07634139E+00 -8.25467587E-01 -5.36402106E-01 -8.37564766E-01  4.01516259E-01 -1.14141911E-01
ZS 29 -5.13903022E-01 -1.07897842E+00 -6.47165298E-01 -1.83378875E-01 -2.03680515E-01 -1.45253563E+00  7.04441607E-01 -8.53598416E-01
ZS 30 -3.95425737E-01 -3.95312518E-01 -4.99158859E-01 -8.19847465E-01  1.79406488E+00  8.96262079E-02 -4.66981232E-01  8.69667590E-01
ZS 31 -1.54011428E+00 -4.33992714E-01 -1.05629420E+00  4.98050228E-02 -8.33496749E-02 -7.98445046E-01 -9.46012616E-01  7.77536690E-01
ZS 32 -3.45271230E-01 -5.80122292E-01  8.39148700E-01 -1.84109360E-02 -6.47805184E-02  3.19374382E-01 -4.97649789E-01 -1.28095913E+00
ZS 33 -8.55460167E-02 -3.56587768E-01 -1.00392997E+00 -2.59201527E-02  2.54792094E-01 -7.93982863E-01  6.04341209E-01 -1.38648331E+00
ZS 34 -1.02233577E+00 -1.97313714E+00  4.88153547E-01  8.84107351E-01 -3.99557531E-01  3.84686649E-01  3.83092284E-01  1.04835010E+00
ZS 35 -4.59500581E-01 -9.71873701E-01 -7.97831655E-01 -1.15241289E+00  1.51877746E-01  5.84830940E-01  5.19602060E-01  5.24754286E-01
ZS 36 -5.89097798E-01  1.26488686E+00 -1.15134247E-01 -1.39077020E+00 -1.14211833E+00 -4.65427190E-01  9.08976078E-01  1.54190063E-02
ZS 37  3.57024312E-01  2.02054903E-01 -2.77642280E-01 -4.15449142E-02  7.08100200E-01 -7.13469267E-01  8.23833346E-02 -1.74362987E-01
ZS 38  6.04905605E-01 -8.72310340E-01 -6.90830350E-01  8.32335174E-01  5.13387024E-02 -1.70721555E+00 -1.47584522E+00  7.07453966E-01
ZS 39  2.07875282E-01  3.68593633E-02  4.13447618E-02 -4.10959214E-01  3.77416313E-01 -4.48959708E-01 -1.18653393E+00 -5.14153481E-01
ZS 40 -5.78482151E-01 -1.03137898E+00 -1.45501375E-01 -3.71892661E-01 -8.36386532E-02 -9.84323919E-01 -3.76300901E-01  1.02497935E-01
ZS 41  7.46145725E-01 -5.08314192E-01  5.84033966E-01 -4.93207693E-01 -1.57056034E-01 -1.30129427E-01  7.80598164E-01 -1.00755847E+00
ZS 42 -1.09015417E+00  1.00156736E+00 -1.13068387E-01 -7.62975216E-03  9.72741395E-02 -1.98336005E-01 -3.42078269E-01  1.36317420E+00
ZS 43  1.92483306E-01  1.20504892E+00  2.59933680E-01 -8.79456580E-01 -3.60859722E-01  3.15572947E-01 -5.93737602E-01  2.10881695E-01
ZS 44 -9.69510317E-01  8.69046807E-01  2.23301470E-01 -1.05884862E+00 -5.13273478E-03 -7.48860061E-01 -4.17809278E-01  5.95939994E-01
ZS 45  1.43662822E+00 -2.65442431E-01  3.61331731E-01  6.72231555E-01  7.91497231E-01 -1.38778913E+00 -6.13042861E-02 -4.77890432E-01
ZS 46  4.29824948E-01  8.04743052E-01  3.03971022E-01 -5.56417644E-01 -4.65920776E-01 -8.14290404E-01  8.47020686E-01  1.27186269E-01
ZH  1  7.41247535E-01  1.25354123E+00  1.18217731E+00  1.48012316E+00
ZH  2  6.61284387E-01  8.61496806E-01  1.11097836E+00  8.10622275E-01
ZH  3  1.26240098E+00  6.24262810E-01  1.28335309E+00  7.74804413E-01
ZH  4  8.41777623E-01  8.42052400E-01  8.95876586E-01  7.32922912E-01
ZH  5  9.08776402E-01  9.40157831E-01  9.59788144E-01  8.84758353E-01
ZH  6  7.75722921E-01  1.41203392E+00  7.16603994E-01  1.11554623E+00
ZH  7  9.66203928E-01  1.22567642E+00  5.94591320E-01  1.49058366E+00
ZH  8  2.88235217E-01  7.79900610E-01  5.39630711E-01  4.06175017E-01
ZH  9  8.79807115E-01  1.79496562E+00  1.10595858E+00  7.10219145E-01
ZH 10  1.23090911E+00  8.62719715E-01  1.20138645E+00  4.59324628E-01
ZH 11  6.43651187E-01  9.62691784E-01  1.50660086E+00  9.19100344E-01
ZH 12  1.15615451E+00  1.41895115E+00  1.57902145E+00  1.34341586E+00
ZH 13  4.43144470E-01  7.91171610E-01  8.31627846E-01  8.49659860E-01
ZH 14  6.18334770E-01  1.36665678E+00  1.15211332E+00  1.20812953E+00
ZH 15  4.69596475E-01  7.35334933E-01  1.26117337E+00  1.06431150E+00
ZH 16  1.59040296E+00  5.45352101E-01  8.04637074E-01  8.32415164E-01
ZH 17  1.24138379E+00  8.16067457E-01  1.11474609E+00  1.57154095E+00
ZH 18  1.01236236E+00  7.51144230E-01  9.99332607E-01  1.14130533E+00
ZH 19  1.62425768E+00  1.98099822E-01  7.61971831E-01  1.36157715E+00
ZH 20  8.72992873E-01  8.40407729E-01  9.30466354E-01  8.34553838E-01
ZH 21  1.06478047E+00  5.85219920E-01  8.00733268E-01  7.54704893E-01
ZH 22  1.18369424E+00  6.85551763E-01  1.35906470E+00  6.77030146E-01
ZH 23  4.09380287E-01  1.29073119E+00  1.07427943E+00  1.18457222E+00
ZH 24  1.12496865E+00  6.66408300E-01  9.46052432E-01  8.79809558E-01
ZH 25  1.35107195E+00  9.78463650E-01  1.50171638E+00  8.08826923E-01
ZH 26  1.17503631E+00  8.64071071E-01  9.30289209E-01  4.69479114E-01
ZH 27  6.65055275E-01  1.67698228E+00  1.08901215E+00  7.93931961E-01
ZH 28  8.59827697E-01  1.13195920E+00  7.66330123E-01  8.72682929E-01
ZH 29  1.02204132E+00  1.51331437E+00  1.29707003E+00  8.36920321E-01
ZH 30  9.66183543E-01  1.04554570E+00  1.43792951E+00  8.38843822E-01
ZH 31  1.17120087E+00  1.06881130E+00  7.33661115E-01  1.76521063E+00
ZH 32  1.18991005E+00  7.21825719E-01  1.04678178E+00  1.15228963E+00
ZH 33  5.25009334E-01  1.21661675E+00  1.03905606E+00  1.10716319E+00
ZH 34  1.60734367E+00  8.02236795E-01  6.33415580E-01  8.62849891E-01
ZH 35  8.28935683E-01  1.24398994E+00  4.95741010E-01  1.52806342E+00
ZH 36  1.12661242E+00  1.01998782E+00  1.09173703E+00  1.18263113E+00
ZH 37  3.54707181E-01  7.92854011E-01  1.38492250E+00  1.12566841E+00
ZH 38  9.65614855E-01  1.23145878E+00  1.25806272E+00  1.17178476E+00
ZH 39  6.39388919E-01  6.02880180E-01  6.38553143E-01  1.03384364E+00
ZH 40  8.43489408E-01  1.52765894E+00  9.19742167E-01  6.73809350E-01
ZH 41  1.08081830E+00  1.26978433E+00  1.11496794E+00  1.51621616E+00
ZH 42  1.30474186E+00  3.72477651E-01  9.06618059E-01  1.12641740E+00
ZH 43  1.57481813E+00  7.73890555E-01  4.25620764E-01  5.35674751E-01
ZH 44  1.37488997E+00  1.33059680E+00  9.37363684E-01  6.53955102E-01
ZH 45  1.21762347E+00  9.72259581E-01  1.51639700E+00  5.63993096E-01
ZH 46  8.12853873E-01  5.14404774E-01  8.19642603E-01  8.46639931E-01
DEC T rungs=3 block=4 rank=4 half=F pool=4 metric=  5.6182898581027985E+01
DECPAYLOAD 0010101111010100010101010110110000
RUNG L1 count=3 pool=3
H 1 0011000111100111001011110101011000100101111110 F   9.7201776146888733E+01   1.9446156068146229E+02 382
H 2 1010000011110111001011110101011000100101111100 F   9.4981937661767006E+01   1.9192239639163017E+02 380
H 3 0010010111001010111011000011100000100000100111 F   9.3675900056958199E+01   1.8782957980036736E+02 39
RUNG L2 count=4 pool=5
H 1 0001111001111011100000011100110100011100101000 F   6.9460426062345505E+01   1.4089311027526855E+02 296
H 2 0001111001111011100000011100110100011101010101 F   6.9413799107074738E+01   1.3955338269472122E+02 341
H 3 0100010111001010111011001001000000000101101100 F   6.9058639138936996E+01   1.3811727827787399E+02 364
H 4 0101011001111011100000011100110100011100101000 F   6.8790525108575821E+01   1.4022320932149887E+02 296
RUNG L4 count=4 pool=4
H 1 1101111110110001001000000001101000010010111101 F   5.7756812572479248E+01   1.1621050119400024E+02 189
H 2 0011000110101111110001010110110000111011110110 F   5.6971967518329620E+01   1.1394393503665924E+02 246
H 3 1010101111010100010101010110110000111010001101 F   5.6599096655845642E+01   1.1454894030094147E+02 141
H 4 0010101111010100010101010110110000111011010000 T   5.6182898581027985E+01   1.1478988730907440E+02 208
RUNG H1 count=4 pool=5
H 1 0111010111110100011000000011000100100001011010 F   7.8419137910008430E+01   1.5812084521353245E+02 90
H 2 1111011000010110011000000011000100100001011011 F   7.8065056383609772E+01   1.5775568109750748E+02 91
H 3 0100000111100110001010010011000100100001011010 F   7.7905436277389526E+01   1.5760714358091354E+02 90
H 4 1110111100100011100110000101110001101110000110 F   7.7705794245004654E+01   1.5654248151183128E+02 390
CASE 3  0.00  0.00  0.00
PAYLOAD 0100110011101010011110100010000000
ZS  1 -1.93603367E-01  2.66170621E-01 -6.29764199E-02  5.41618943E-01 -8.53549957E-01 -4.95405883E-01 -8.81560966E-02 -1.41098499E-02
ZS  2 -5.73249459E-01  1.13297701E+00  2.25608349E-01  1.33098513E-01  1.13234542E-01 -3.88762534E-01 -9.02374744E-01  2.71881670E-01
ZS  3 -5.68955719E-01 -7.91087747E-01  8.66418600E-01 -4.19690251E-01  1.41011751E+00 -2.68448353E-01  2.86056638E-01  8.06690991E-01
ZS  4  3.72072130E-01 -7.42579818E-01 -6.81168199E-01 -1.32066488E-01  1.23243630E-02  1.05701089E+00 -1.51306093E-01  7.46660173E-01
ZS  5  4.98740315E-01 -1.04237449E+00 -4.15371984E-01 -1.84867963E-01 -1.42881536E+00  1.19860172E+00 -1.01697475E-01 -5.92752457E-01
ZS  6 -8.33143890E-01 -1.77704543E-01 -1.24020231E+00 -6.44342065E-01  2.97159106E-02  4.80932057E-01 -5.00410616E-01 -7.47375846E-01
ZS  7  8.00866723E-01 -1.46769869E+00  2.70303726E-01 -1.11089557E-01  2.96163201E-01  3.85013610E-01 -4.68549132E-01  1.93092799E+00
ZS  8 -1.25434065E+00  1.49909306E+00  7.54217803E-01 -1.34352541E+00 -1.34535921E+00  2.85747796E-01 -4.64170396E-01 -5.11002779E-01
ZS  9  1.06514287E+00 -1.32069731E+00 -1.20336401E+00 -1.90542281E-01  1.51758528E+00 -5.37167251E-01 -6.30910695E-02  8.24538231E-01
ZS 10  9.60794091E-01  2.18701228E-01 -6.80251062E-01  6.16557360E-01 -1.74301580E-01 -9.03090477E-01 -3.02584171E-01  2.11293012E-01
ZS 11  9.62923348E-01  1.11513734E+00 -1.67476964E+00  1.72404730E+00  1.50123224E-01  6.38757586E-01  6.89246118E-01 -3.89087468E-01
ZS 12 -6.79201603E-01 -5.59779346E-01  1.54222891E-01 -8.17714572E-01  2.87968814E-01 -2.74823248E-01 -1.24906152E-01  2.01207972E+00
ZS 13 -1.50250435E-01 -5.59938252E-01 -1.14872396E+00  1.62580645E+00 -8.96701336E-01  1.75217032E+00 -1.07268441E+00  9.31732833E-01
ZS 14 -1.69001579E+00  7.87388921E-01 -4.38236475E-01  1.19170976E+00  7.66474128E-01 -4.82189000E-01  9.31818068E-01 -5.08191884E-01
ZS 15  1.48421383E+00  1.18299991E-01 -6.84680998E-01  7.53436089E-02 -4.94640291E-01  4.31678325E-01  6.42751575E-01  3.70376706E-02
ZS 16 -4.88649011E-01 -2.76756287E-01  3.89988005E-01 -2.53635108E-01  1.26928115E+00  2.37581134E-01 -1.08522272E+00  1.23562789E+00
ZS 17  1.09035164E-01 -6.69378936E-02  8.21536362E-01 -4.10683036E-01 -1.14022672E-01  6.37100935E-01 -9.47152972E-01 -1.05075729E+00
ZS 18  4.01582241E-01 -1.23283720E+00  5.68649769E-02  1.54033825E-01  1.03206730E+00 -2.10301712E-01 -1.02144790E+00  6.95958614E-01
ZS 19 -1.42367339E+00 -1.12455153E+00 -4.71574992E-01 -1.61440229E+00  4.55273241E-01  1.64532036E-01 -6.06403232E-01  1.76764429E-02
ZS 20  8.87249887E-01  8.82262528E-01 -2.88088083E-01  8.05001438E-01  2.52043754E-02  2.15796918E-01 -3.51889729E-02  6.53432429E-01
ZS 21 -5.72781563E-01  1.01294279E+00 -2.79162407E-01 -1.18106008E-02 -2.02502355E-01 -5.88519573E-01  6.90343827E-02  1.73864156E-01
ZS 22 -7.71904230E-01  1.26647520E+00 -6.62920713E-01  5.32172740E-01  1.79246998E+00 -1.07770610E+00 -5.39101958E-02 -9.58126605E-01
ZS 23 -2.35415578E-01  6.70246780E-01  1.52827764E+00 -5.54513335E-01  4.10380125E-01 -7.28769958E-01 -3.37433159E-01  4.62554216E-01
ZS 24  2.88154483E-02 -1.35713422E+00 -2.08756626E-01  8.29952955E-01 -1.32775462E+00  1.76915288E+00 -1.55893600E+00  6.50852442E-01
ZS 25 -3.40817362E-01 -1.06835854E+00 -3.37301314E-01  2.06452817E-01  5.92335284E-01  7.77369440E-02 -2.49194115E-01 -6.77581310E-01
ZS 26 -5.58028877E-01  1.72462666E+00 -1.40194118E+00 -2.98218429E-01  1.04765749E+00  1.24705207E+00 -2.43781433E-01 -3.60985368E-01
ZS 27 -7.72213161E-01  8.79865110E-01 -1.79265574E-01  9.08658147E-01  4.30504084E-02 -5.40301621E-01  1.61190927E-02  6.46241784E-01
ZS 28  2.15419069E-01  4.92080867E-01 -7.58821130E-01  1.02428719E-01 -1.32831025E+00  1.62170315E+00 -1.01629376E+00  1.45476723E+00
ZS 29 -4.71620172E-01 -5.19037485E-01 -2.47191161E-01  4.18716490E-01  5.78958988E-01  5.60539901E-01  3.60138118E-01  8.61723125E-01
ZS 30 -2.11756557E-01 -1.99976921E-01  1.25404751E+00  8.49763691E-01 -4.36118692E-01  6.05301499E-01 -1.40948951E-01 -4.36416924E-01
ZS 31 -1.06659210E+00 -2.83878237E-01 -1.50956464E+00 -3.89563560E-01 -1.73821902E+00  1.78648734E+00 -2.84843445E-02 -7.57865310E-02
ZS 32 -3.94106776E-01  1.54721522E+00 -2.92228222E-01  2.56761342E-01  5.24215877E-01  6.85902774E-01 -5.02871990E-01 -1.23954558E+00
ZS 33  1.15000153E+00  3.33741844E-01  8.30569148E-01  5.75126410E-01  2.01878399E-02  1.12931669E-01  5.90314746E-01 -9.96444583E-01
ZS 34 -8.57242823E-01  3.57922584E-01 -1.55199647E+00  1.50343701E-01  1.03105080E+00 -1.12259758E+00 -3.93411934E-01 -9.08072829E-01
ZS 35  5.85985780E-01  2.85941511E-01 -3.37890923E-01  9.83543754E-01  1.69109970E-01  1.13516402E+00  5.79527020E-03  1.74081832E-01
ZS 36 -4.27015334E-01  1.43721664E+00 -1.34391606E+00  9.61798906E-01  4.51031089E-01 -1.34281456E-01 -1.15375593E-01  8.59328747E-01
ZS 37  1.29140615E-01  7.68976331E-01  4.66556728E-01  4.82043594E-01 -1.25831687E+00 -3.48633796E-01  8.65544379E-01 -2.23748237E-01
ZS 38 -7.16729462E-02 -3.55935574E-01 -1.53375387E-01  1.26219964E+00  5.58981776E-01 -2.25424170E-02  5.92240334E-01 -3.49081546E-01
ZS 39  1.03432441E+00 -1.50071025E+00  9.75070953E-01  8.22336733E-01 -6.69222951E-01 -1.34264871E-01  5.60077667E-01 -3.10861021E-01
ZS 40 -1.47998333E-01 -2.83839464E-01 -9.80262399E-01  7.98062921E-01 -2.25644529E-01  7.72973597E-02  1.21473682E+00 -9.43611622E-01
ZS 41 -1.14021465E-01  1.27619565E+00 -5.44916391E-01 -6.11054957E-01 -3.16523463E-01  5.41657686E-01  9.05020833E-01 -3.69835317E-01
ZS 42 -9.64893699E-01  2.93577015E-01  8.77268553E-01  2.33618036E-01 -1.38220835E+00 -3.27087760E-01  2.36662477E-02 -4.02077824E-01
ZS 43  1.83727950E-01  1.04948962E+00 -6.59331083E-02  4.99176979E-01  1.07331681E+00  1.23191333E+00 -1.20336735E+00  7.15987802E-01
ZS 44 -1.75809789E+00  8.98516178E-01 -1.03242546E-01 -1.10259545E+00 -1.03629553E+00 -3.05438101E-01 -5.68531871E-01 -1.73608494E+00
ZS 45  3.73193398E-02 -3.60968739E-01  2.07179487E-02 -3.46406698E-01 -1.33157098E+00  9.28249717E-01  1.07074153E+00 -1.63075700E-01
ZS 46 -3.79767865E-01  1.33677375E+00  1.31718266E+00 -6.22268498E-01 -2.52031088E-01 -1.62496066E+00  2.08918619E+00  3.81584674E-01
ZH  1  3.17771316E-01  5.95784009E-01  9.18067515E-01  7.67010510E-01
ZH  2  1.23593616E+00  6.67706788E-01  1.09442961E+00  1.00775957E+00
ZH  3  7.77794123E-01  7.03702211E-01  1.64498937E+00  6.21104240E-01
ZH  4  8.49831998E-01  9.36995924E-01  8.65138233E-01  8.40952814E-01
ZH  5  1.12507892E+00  3.78754020E-01  1.70455849E+00  6.66929781E-01
ZH  6  9.83597994E-01  1.00685441E+00  4.58306700E-01  1.23312199E+00
ZH  7  1.59121442E+00  4.04908448E-01  4.67009097E-01  1.54115641E+00
ZH  8  1.46506011E+00  1.11220610E+00  1.13836443E+00  7.49061167E-01
ZH  9  1.52284110E+00  1.09837031E+00  1.13842773E+00  7.58716881E-01
ZH 10  7.68965244E-01  6.50445998E-01  7.17507720E-01  1.11404264E+00
ZH 11  1.07470942E+00  1.75966668E+00  1.04895341E+00  6.36914909E-01
ZH 12  1.05021203E+00  6.56078815E-01  8.71005893E-01  1.45066381E+00
ZH 13  5.36441863E-01  1.59654617E+00  1.42129672E+00  1.05751050E+00
ZH 14  1.35477507E+00  9.46146071E-01  1.14560008E+00  7.74346530E-01
ZH 15  1.47167909E+00  5.83511829E-01  8.85825455E-01  7.15057254E-01
ZH 16  7.59469390E-01  1.03929949E+00  1.26956725E+00  1.52353585E+00
ZH 17  4.53925401E-01  9.87347186E-01  6.18155718E-01  1.34611690E+00
ZH 18  9.67110753E-01  4.85255003E-01  8.13826144E-01  1.66786766E+00
ZH 19  1.55184543E+00  1.26384652E+00  7.80137241E-01  4.64931160E-01
ZH 20  1.24531817E+00  7.08667099E-01  7.26181149E-01  8.72254610E-01
ZH 21  1.51772356E+00  1.31459522E+00  7.99834907E-01  6.54071867E-01
ZH 22  1.20869923E+00  7.02719450E-01  1.51220679E+00  1.46580279E+00
ZH 23  1.24793410E+00  1.16607344E+00  6.32582843E-01  4.91741180E-01
ZH 24  1.23674667E+00  9.88338590E-01  1.58809364E+00  1.47461212E+00
ZH 25  9.03081775E-01  4.19068784E-01  1.40406287E+00  8.73836517E-01
ZH 26  1.37067473E+00  1.16446877E+00  1.21299279E+00  3.21107775E-01
ZH 27  1.15048790E+00  1.34904087E+00  1.25519037E+00  8.13939750E-01
ZH 28  6.91508412E-01  1.38376224E+00  1.50728106E+00  1.52902961E+00
ZH 29  7.88636804E-01  7.41130531E-01  1.13425052E+00  7.14366317E-01
ZH 30  1.14785230E+00  1.55114281E+00  1.01446342E+00  3.75068069E-01
ZH 31  9.45435822E-01  1.17994845E+00  1.91944849E+00  1.22310030E+00
ZH 32  1.37011147E+00  9.61368918E-01  8.41930926E-01  1.31772804E+00
ZH 33  8.61627340E-01  9.94113088E-01  2.06752181E-01  1.44149077E+00
ZH 34  6.71053946E-01  1.45352399E+00  1.11245298E+00  8.39539945E-01
ZH 35  5.05325615E-01  1.07552445E+00  9.49912190E-01  4.90031004E-01
ZH 36  1.18778050E+00  1.20474684E+00  9.31783915E-01  7.32249916E-01
ZH 37  1.43513978E+00  7.13054061E-01  1.06953144E+00  1.13005924E+00
ZH 38  6.80948138E-01  1.14275372E+00  7.41701245E-01  7.37032592E-01
ZH 39  1.37719381E+00  1.67392659E+00  5.95497131E-01  7.15019584E-01
ZH 40  9.79844391E-01  9.49702621E-01  9.79855955E-01  1.24485731E+00
ZH 41  9.78883803E-01  7.69883335E-01  4.69468772E-01  7.17000842E-01
ZH 42  7.17087030E-01  7.86784112E-01  1.03116131E+00  3.56448084E-01
ZH 43  1.04438102E+00  1.40363586E+00  1.75707710E+00  1.37342823E+00
ZH 44  1.42862046E+00  8.43448043E-01  9.97693896E-01  1.40411675E+00
ZH 45  4.08911586E-01  2.82991529E-01  1.19567096E+00  1.04598880E+00
ZH 46  1.21961915E+00  1.18810546E+00  1.75978220E+00  1.62748730E+00
DEC F rungs=4 block=0 rank=0 half=F pool=0 metric= -1.7976931348623157+308
DECPAYLOAD 0000000000000000000000000000000000
RUNG L1 count=2 pool=2
H 1 0101011010011100101010000000100000111111101000 F   1.1434786125645041E+02   2.2869572251290083E+02 488
H 2 0101011010011100101010000000100000001010111000 F   1.1055219234526157E+02   2.2417119988799095E+02 184
RUNG L2 count=4 pool=6
H 1 0011111111110111110101010001000101110110011110 F   8.3689357880502939E+01   1.7024991430714726E+02 414
H 2 0000011010101001011111011110111000110101000101 F   8.3275829061865807E+01   1.6655165812373161E+02 325
H 3 1010000100010000110110100101011100101011111100 F   8.2811290085315704E+01   1.6676184427738190E+02 252
H 4 1100010001100111001010100001111000110000001000 F   8.2436549007892609E+01   1.6617443172633648E+02 8
RUNG L4 count=4 pool=5
H 1 1100111111010110010001110011100100100101101001 F   6.2984465062618256E+01   1.2815138477087021E+02 361
H 2 1110101101010011110111010100001000011100111001 F   6.2403965830802917E+01   1.2606258702278137E+02 313
H 3 1110101101010011110111010100001000010000111001 F   6.2207265973091125E+01   1.2738950455188751E+02 57
H 4 0111110010011000011110001101001101011110001111 F   6.1164475128054619E+01   1.2617641036212444E+02 399
RUNG H1 count=4 pool=4
H 1 1111100000001010110011000101001100001011010011 F   8.5733015634119511E+01   1.7286298782378435E+02 211
H 2 1110111001100011000001101111100101011111111001 F   8.5120329469442368E+01   1.7114253297448158E+02 505
H 3 0011010100110111000011111000010000101011001001 F   8.4849805176258087E+01   1.7091532036662102E+02 201
H 4 1010001101011110101111101110100101010010111111 F   8.4841615840792656E+01   1.7096763285994530E+02 191
CASE 4  2.00  0.00  0.00
PAYLOAD 1101011010001011001101001101100001
ZS  1 -7.50473976E-01 -1.40460455E+00  1.82496339E-01 -5.42967737E-01  1.24382174E+00  9.68763828E-02  7.21729517E-01  7.36612678E-01
ZS  2 -8.04659307E-01 -5.02212405E-01 -7.27167845E-01  3.14094424E-02 -1.87807620E-01 -5.76193392E-01  9.91274834E-01 -6.09365284E-01
ZS  3 -6.87394857E-01  1.16383946E+00 -5.66233516E-01 -1.28920770E+00 -7.15335071E-01 -5.09631753E-01  3.61404061E-01  6.73768580E-01
ZS  4  8.20484638E-01  3.04093182E-01 -4.06210363E-01 -4.74518776E-01  9.29857492E-02  5.86077750E-01 -1.69712055E+00 -1.85221028E+00
ZS  5 -1.32632494E+00 -1.70979750E+00  1.28204501E+00 -2.09190190E-01 -3.32691580E-01 -1.28125936E-01 -2.01589718E-01 -2.06913859E-01
ZS  6  3.71115923E-01 -1.05231047E+00 -3.19864154E-02  9.41356003E-01 -3.28557760E-01 -1.01296380E-02 -1.11113489E+00 -1.24314880E+00
ZS  7 -9.18110371E-01  1.98653355E-01 -4.70645845E-01  1.63915291E-01 -1.04254913E+00 -1.29346538E+00  1.49343178E-01 -4.10984159E-01
ZS  8 -3.76863480E-01 -2.37998486E-01  1.45092070E-01 -5.13932109E-01 -4.21218663E-01 -1.76863670E-02 -1.53110623E+00  6.01937771E-01
ZS  9 -8.52413118E-01  1.13085657E-01  1.32584321E+00 -9.09918547E-01  1.66430831E-01 -4.50971007E-01 -1.66858768E+00 -1.57034707E+00
ZS 10 -5.62407136E-01 -3.24396402E-01 -6.06098592E-01 -1.24261618E+00  8.54499102E-01 -2.25758284E-01 -5.20435274E-01 -6.79507703E-02
ZS 11  8.32965374E-02 -3.20951432E-01 -1.17807698E+00 -8.70120049E-01 -3.50546509E-01  6.04354858E-01  1.63384378E-01 -6.91167057E-01
ZS 12 -1.10085034E+00 -7.69024014E-01 -2.47611666E+00 -9.83225465E-01 -4.46830124E-01  9.06278968E-01  7.15734303E-01  8.14833641E-02
ZS 13  2.95969546E-01  4.19124365E-02 -1.11668956E+00 -1.32163477E+00  8.15277100E-02 -1.58114600E+00 -1.57411182E+00  4.07292724E-01
ZS 14 -1.36468261E-01 -1.15574002E+00  7.49079764E-01  2.33466953E-01 -1.17236769E+00 -6.24258995E-01  6.93990409E-01  9.79823887E-01
ZS 15 -8.85244310E-01  5.08435071E-01 -5.85147440E-01 -1.77380192E+00 -7.21078753E-01 -1.69412233E-05 -2.44266033E-01 -9.92592275E-02
ZS 16  2.26344764E-02 -1.27982569E+00  5.52744627E-01 -5.45378774E-02  6.68036461E-01  3.74457151E-01 -7.10589170E-01 -4.46754068E-01
ZS 17  2.72504389E-02 -4.36527073E-01  3.29187930E-01 -2.68559754E-02 -6.60398364E-01  9.08321261E-01 -9.25553799E-01  8.17346573E-02
ZS 18  5.08127987E-01  5.35384655E-01  2.06282482E-01  5.06431878E-01 -1.16488552E+00 -1.59900391E+00 -8.49763274E-01 -8.76643419E-01
ZS 19 -1.12082684E+00 -3.81426454E-01  8.86233807E-01  6.58216000E-01 -2.39344776E-01 -4.91491914E-01  2.36938715E-01 -1.17661095E+00
ZS 20 -1.13151956E+00 -7.61870623E-01  2.38715187E-01  1.45235217E+00 -4.57140565E-01  1.06969905E+00  2.85325706E-01 -6.19911790E-01
ZS 21 -1.28944612E+00 -1.21899152E+00  8.22852254E-02  1.30856693E-01 -1.13307989E+00 -1.63413143E+00  9.33210790E-01  1.37118256E+00
ZS 22 -7.30156958E-01 -9.59188104E-01  1.40747726E-01  8.39761555E-01 -5.25639117E-01  1.01272821E+00 -6.61763847E-01  1.58399686E-01
ZS 23  6.14468217E-01 -1.23539582E-01  2.83062816E-01 -9.92663026E-01  8.93817604E-01  1.48965192E+00 -1.38699502E-01 -5.69530368E-01
ZS 24 -1.60162210E+00 -1.55851912E+00 -4.30831462E-01 -1.15638173E+00 -6.43764675E-01  6.36244059E-01  4.07643676E-01  2.59972274E-01
ZS 25 -6.64471388E-01 -1.86176825E+00 -6.45836413E-01  7.13415146E-01  1.63070470E-01 -1.13600361E+00 -9.89529490E-01 -6.79120421E-02
ZS 26  6.48720860E-02 -1.82942009E+00  2.47981936E-01  5.94757140E-01  1.21731162E-02  2.76556015E-01  4.79449302E-01 -5.24179757E-01
ZS 27  5.93743742E-01 -1.75394416E+00 -2.01742128E-01  2.37066478E-01 -3.23684245E-01 -1.03786922E+00 -7.01166332E-01 -2.69615352E-01
ZS 28 -4.99672651E-01  5.97548544E-01  1.35642618E-01 -1.68326783E+00  8.47278714E-01 -6.10628784E-01 -8.42770934E-01  7.56060004E-01
ZS 29 -7.50451326E-01 -2.01109385E+00  6.16984606E-01 -2.32416630E-01 -4.02768075E-01 -1.16444550E-01  1.24217331E-01  5.38747430E-01
ZS 30 -2.33453929E-01  6.05194122E-02  5.34252763E-01 -1.69612026E+00 -6.60856724E-01 -1.33690369E+00 -5.19375682E-01  4.44467068E-01
ZS 31  4.30759132E-01 -8.51105094E-01 -8.72033954E-01 -6.17570519E-01  2.93473899E-02 -9.33642030E-01  3.05542767E-01  5.98252416E-02
ZS 32 -2.40859210E-01 -3.81524652E-01  3.03282559E-01 -1.49235797E+00  1.20568466E+00 -7.30656683E-01  4.55517709E-01 -7.65821338E-01
ZS 33 -1.05177832E+00 -1.20759273E+00  1.91554397E-01 -3.33556712E-01  7.53368855E-01  1.25568509E-01 -7.49317944E-01  5.90402365E-01
ZS 34 -2.11806521E-01 -8.84335756E-01 -1.40703034E+00 -1.29230165E+00  7.86570728E-01 -8.96259189E-01 -1.00801289E+00 -1.42852888E-01
ZS 35 -7.49726355E-01  4.17453051E-02 -6.51060462E-01 -2.38348627E+00  8.96156132E-02 -1.42134577E-02 -1.36587429E+00  5.34788847E-01
ZS 36 -6.64199293E-02 -5.14135420E-01 -6.20906055E-03 -1.62086713E+00 -1.00245166E+00 -5.51275730E-01  5.67769885E-01 -3.58119249E-01
ZS 37  4.85600650E-01 -6.16639972E-01  4.46665466E-01  9.44080830E-01 -2.06042266E+00  1.83887094E-01  8.66428018E-02  3.51898313E-01
ZS 38  6.11121118E-01 -1.61782146E+00  3.14626515E-01 -4.64609146E-01  7.04049647E-01 -6.60335779E-01 -5.88815629E-01 -3.95124286E-01
ZS 39 -9.90308881E-01  3.84933949E-01  6.90945864E-01  1.12717301E-01  5.59580088E-01 -1.09584045E+00 -1.49647981E-01 -1.00019073E+00
ZS 40  9.68244523E-02 -9.01127696E-01 -1.86863542E-01 -1.22364497E+00 -5.68849564E-01 -9.33953404E-01 -8.84147167E-01 -5.30018687E-01
ZS 41  1.02422178E+00 -4.12801206E-01 -5.74672699E-01 -1.61677754E+00 -3.86493385E-01 -5.74438334E-01  1.23440790E+00  3.75953615E-02
ZS 42 -1.17260373E+00 -1.92669344E+00 -3.62440109E-01 -7.91693568E-01 -4.27104533E-01 -1.43794787E+00 -1.68135166E-02 -1.32780361E+00
ZS 43 -8.17183971E-01 -2.20028329E+00  2.56891221E-01 -1.99364364E-01  6.35343641E-02 -9.15438294E-01 -3.03951979E-01  5.51694632E-03
ZS 44  1.98116809E-01  3.90590250E-01 -9.10525799E-01 -7.81381786E-01  1.06163418E+00  2.24917531E-02 -1.19041789E+00 -1.82983029E+00
ZS 45  1.85654894E-01 -2.18232453E-01 -2.33930159E+00 -2.09055614E+00 -3.03958595E-01  4.42851007E-01 -3.56709421E-01  9.37822223E-01
ZS 46 -5.16026616E-01  1.24724671E-01 -8.54729414E-01 -3.65342163E-02 -8.46570075E-01 -2.07210398E+00  1.23431540E+00  2.01854184E-01
ZH  1  1.12889242E+00  7.28023291E-01  1.11916912E+00  8.56602609E-01
ZH  2  1.19502115E+00  6.89478815E-01  4.33293760E-01  9.38755631E-01
ZH  3  9.82972324E-01  1.36881769E+00  7.02141047E-01  6.26139641E-01
ZH  4  1.03058290E+00  4.62650478E-01  5.30623615E-01  1.80513585E+00
ZH  5  1.71713078E+00  1.42089939E+00  3.39395612E-01  2.53744453E-01
ZH  6  1.43520617E+00  1.32032430E+00  5.85092127E-01  1.27800703E+00
ZH  7  8.55081081E-01  6.00543261E-01  1.19088554E+00  5.07183671E-01
ZH  8  7.12494433E-01  7.99969018E-01  5.92065096E-01  1.32787466E+00
ZH  9  9.47380602E-01  1.57347333E+00  1.66331780E+00  1.95620394E+00
ZH 10  1.07030678E+00  1.21215582E+00  7.56584048E-01  5.91543853E-01
ZH 11  1.32880592E+00  1.15588069E+00  1.45635521E+00  5.02289593E-01
ZH 12  1.37332284E+00  2.01488662E+00  9.30160940E-01  1.33710945E+00
ZH 13  1.02431214E+00  1.33926094E+00  1.25172460E+00  1.89626610E+00
ZH 14  1.12068772E+00  5.75232208E-01  1.03992152E+00  9.68186915E-01
ZH 15  1.07783914E+00  1.33733809E+00  5.56339622E-01  1.27094436E+00
ZH 16  1.07604122E+00  5.30131757E-01  5.49870312E-01  8.46672177E-01
ZH 17  6.25517964E-01  3.92411888E-01  8.64591599E-01  1.49041331E+00
ZH 18  1.48036194E+00  5.70117652E-01  1.49972200E+00  1.03845358E+00
ZH 19  1.14444959E+00  1.17887068E+00  7.11486518E-01  8.68220925E-01
ZH 20  1.02985764E+00  1.27939236E+00  1.04007578E+00  8.85175169E-01
ZH 21  1.33614480E+00  1.43721819E+00  1.62982845E+00  1.53748357E+00
ZH 22  1.03509450E+00  7.72771001E-01  1.12996387E+00  6.10525608E-01
ZH 23  9.88186657E-01  9.49543715E-01  1.34159303E+00  5.16693175E-01
ZH 24  1.97692811E+00  1.20098221E+00  1.35229850E+00  4.41707194E-01
ZH 25  1.50915766E+00  1.21333861E+00  9.49181020E-01  8.95108819E-01
ZH 26  1.31170154E+00  5.99683642E-01  9.80398834E-01  5.35023928E-01
ZH 27  1.52990651E+00  4.77972746E-01  8.58240724E-01  6.92122102E-01
ZH 28  9.32664454E-01  1.26141202E+00  1.01855004E+00  1.17216814E+00
ZH 29  1.55301368E+00  9.32988286E-01  3.40384394E-01  8.57564390E-01
ZH 30  5.97039700E-01  1.28774631E+00  1.13106525E+00  6.02271199E-01
ZH 31  1.02497613E+00  7.75123537E-01  7.65413165E-01  5.60179472E-01
ZH 32  5.66015303E-01  1.27485168E+00  1.15256524E+00  9.15191174E-01
ZH 33  1.17809951E+00  6.64259315E-01  1.61431980E+00  7.00323343E-01
ZH 34  8.85068715E-01  1.35468674E+00  1.08234620E+00  7.38602698E-01
ZH 35  1.02783763E+00  1.80617046E+00  3.76966059E-01  1.10034144E+00
ZH 36  1.30355358E+00  1.20409012E+00  8.75536084E-01  4.98834997E-01
ZH 37  7.07833529E-01  1.11803722E+00  1.47934306E+00  1.02863312E+00
ZH 38  1.33108604E+00  8.23802054E-01  9.50609386E-01  8.79721522E-01
ZH 39  1.02121270E+00  8.74122918E-01  1.80785477E+00  1.01301837E+00
ZH 40  6.78612888E-01  8.98228347E-01  9.61324036E-01  1.24773502E+00
ZH 41  8.33168268E-01  1.42806792E+00  7.83912599E-01  1.00272095E+00
ZH 42  1.75125301E+00  6.30917907E-01  1.07824242E+00  1.29490423E+00
ZH 43  1.66556263E+00  1.41648626E+00  6.94548428E-01  3.25106740E-01
ZH 44  4.72940743E-01  1.01221383E+00  1.11847103E+00  1.89523065E+00
ZH 45  2.90980101E-01  2.40328312E+00  1.39845431E+00  7.20537424E-01
ZH 46  4.98713702E-01  6.60896838E-01  1.65807140E+00  1.16347742E+00
DEC T rungs=2 block=2 rank=1 half=F pool=4 metric=  1.2189710092544556E+02
DECPAYLOAD 1101011010001011001101001101100001
RUNG L1 count=3 pool=3
H 1 0011101011011010000110110111101101011101001010 F   1.4017383660376072E+02   2.8432823155820370E+02 330
H 2 1101011010000001011101001101100001111000110110 F   1.4003606198728085E+02   2.8453447302430868E+02 54
H 3 1010000010100000000100100100010001100100011101 F   1.4002366712689400E+02   2.8276256087422371E+02 285
RUNG L2 count=4 pool=4
H 1 1101011010001011001101001101100001111000110110 T   1.2189710092544556E+02   2.4427509665489197E+02 54
H 2 1101011010001001001011111000110001111000110110 F   1.1678586294502020E+02   2.3916385867446661E+02 54
H 3 1101011010000001001011111000110001111000110110 F   1.1572297545522451E+02   2.3810097118467093E+02 54
H 4 1101011010001011001101001111001101111000110110 F   1.1480243200063705E+02   2.3718042773008347E+02 54
RUNG L4 count=4 pool=4
H 1 1101011010001011001101001101100001111000110110 T   1.1700462198257446E+02   2.3400924396514893E+02 54
H 2 1001010001000001001011111000110001111000110110 F   1.0626956689357758E+02   2.2327418887615204E+02 54
H 3 1101011010001011001011111000110001111000110110 F   1.0568322788923979E+02   2.2268784987181425E+02 54
H 4 1101100101111011001101001101100001111000110110 F   1.0568142072856426E+02   2.2268604271113873E+02 54
RUNG H1 count=4 pool=4
H 1 1011111110111110111010011100001100001110111101 F   9.4627191901206970E+01   1.9474741220474243E+02 445
H 2 1011111110111010011010011100001100001110111101 F   9.4526653230190277E+01   1.9464687353372574E+02 445
H 3 1011111110111111111000101011000100001110111101 F   9.4424704998731613E+01   1.9454492530226707E+02 445
H 4 1011111110111001001111011100001100001110111101 F   9.4355200469493866E+01   1.9447542077302933E+02 445
CASE 5  2.00  0.00  0.00
PAYLOAD 0100110001110101001010110011101000
ZS  1  2.82125384E-01  9.49041545E-01 -5.14031231E-01  1.18544090E+00 -4.75919604E-01 -9.55643058E-01 -9.65640187E-01  9.85942334E-02
ZS  2  6.11542404E-01  6.53736055E-01  6.68215275E-01  3.09527814E-01 -8.16466451E-01  1.87216282E+00  8.02857637E-01  1.24919921E-01
ZS  3  2.22647905E-01 -4.05012012E-01  1.91262305E-01  1.76242352E+00  3.00704300E-01 -2.68137246E-01 -6.27242744E-01 -3.15999836E-01
ZS  4  2.24470161E-02 -1.24068975E+00  1.09923899E+00  1.02595553E-01  5.53061724E-01 -8.12451422E-01 -6.84869528E-01 -1.02404684E-01
ZS  5 -1.15344369E+00  4.17404771E-02  2.78821707E-01  6.66612625E-01  5.06727457E-01 -8.05396065E-02 -7.29546189E-01  1.67251304E-02
ZS  6 -3.79314810E-01  1.68428302E-01  1.44748592E+00  2.93085992E-01  7.57463217E-01  5.58322132E-01 -8.49978805E-01  1.62786531E+00
ZS  7 -1.71165355E-02 -3.86477947E-01 -1.08617961E+00  1.25636840E+00  8.10095191E-01 -3.53386700E-02 -5.59740663E-01 -6.75539851E-01
ZS  8 -1.11692917E+00  4.72529233E-02 -5.80582798E-01  1.17636633E+00  7.19006658E-01  1.72261536E-01 -4.40543950E-01  4.92842764E-01
ZS  9 -4.02943194E-01 -9.47895050E-01 -4.66571212E-01  9.02063251E-02  5.00063956E-01  7.01012462E-02 -2.28058472E-02  5.00560105E-01
ZS 10 -1.45100069E+00 -9.79486465E-01 -4.30211842E-01 -4.19079512E-01 -3.61793935E-01  1.86928439E+00 -4.75355089E-01 -1.95559859E-03
ZS 11  1.28105447E-01 -9.24041986E-01  3.15025538E-01  9.50665116E-01  4.96729702E-01  3.59189689E-01 -6.91777408E-01  6.75922990E-01
ZS 12 -6.27833605E-01  7.26477742E-01 -7.48382688E-01  8.91925454E-01 -4.51532602E-01  7.43547082E-02 -8.42750251E-01  7.39462435E-01
ZS 13  1.36963177E+00  6.83463275E-01 -4.27570820E-01 -2.54358053E-02  4.50930744E-01 -1.98950797E-01 -3.20342481E-01 -8.31062555E-01
ZS 14 -5.94193459E-01  9.50573981E-01 -5.28678834E-01 -2.33595669E-02  2.17736316E+00 -2.03814209E-02  1.18151283E+00  3.40653569E-01
ZS 15  5.43158174E-01  5.45671463E-01  3.71243060E-01 -8.62254560E-01 -1.85385138E-01  2.13760138E-02  1.30618781E-01  6.15075588E-01
ZS 16 -9.55796480E-01 -2.61042714E-02 -6.21091485E-01  8.49275470E-01  8.97753119E-01 -1.10651588E+00  1.92613125E-01  8.14668536E-01
ZS 17  8.50890815E-01 -8.57188165E-01 -7.91063428E-01  1.08445978E+00 -1.73057401E+00 -9.36755240E-02 -1.99615026E+00  1.11838174E+00
ZS 18  1.62845254E-01  7.06940174E-01  3.45593452E-01 -1.86012506E-01 -1.58126116E+00 -2.69305110E-02 -5.71523845E-01 -3.11474085E-01
ZS 19  5.79373240E-01  2.62282133E-01 -6.06083989E-01 -1.95811570E-01  3.50213975E-01 -3.10835987E-01 -8.21464598E-01  1.47444701E+00
ZS 20 -9.24270272E-01  1.21393204E-02  9.45870459E-01  3.05286169E-01  9.73264694E-01 -5.32271802E-01  5.44899225E-01 -5.63851655E-01
ZS 21 -4.98513162E-01  1.07789207E+00 -2.23470315E-01  9.24456358E-01 -4.85176504E-01 -4.42756653E-01 -4.07525569E-01 -3.80752593E-01
ZS 22 -6.27357364E-01  4.13796157E-01  1.31903172E+00 -2.78477639E-01 -4.59951162E-02 -1.74340308E-02  9.14666772E-01  8.70111227E-01
ZS 23  3.57958108E-01  9.46122825E-01  5.52094877E-02  3.28778362E+00 -4.44677055E-01  7.77711213E-01 -3.18800628E-01 -4.08613890E-01
ZS 24  5.10405302E-02 -4.65125203E-01  1.98987067E+00  6.02545619E-01 -3.21093559E-01  1.36660910E+00 -3.92261505E-01  1.76022065E+00
ZS 25  1.75061321E+00  2.37756014E-01  2.81598032E-01  3.43365490E-01  1.48172200E-01  2.00484228E+00 -1.19185638E+00 -5.29935896E-01
ZS 26 -1.55212998E-01  4.38094378E-01 -5.30467927E-01 -8.28034997E-01  9.83804613E-02 -5.37733197E-01  6.49159372E-01 -1.11768293E+00
ZS 27 -1.20850086E-01  1.41692162E+00 -4.52299118E-02  3.44951928E-01  1.04588121E-01  2.30190611E+00 -1.38512120E-01  8.85001302E-01
ZS 28 -5.90261817E-01 -7.87661433E-01  6.39274776E-01 -5.45325398E-01 -1.99861646E+00  1.98899662E+00  7.56824017E-03  4.74510491E-01
ZS 29 -1.57826233E+00  1.59913480E+00 -8.72053325E-01 -1.32480907E+00 -1.43079713E-01  1.87617922E+00  4.63819265E-01 -3.58866811E-01
ZS 30  1.17980719E-01 -9.84062612E-01 -3.94359857E-01  2.55339098E+00 -6.71836138E-01 -1.24168253E+00  2.08630323E+00 -8.77705634E-01
ZS 31 -3.52105260E-01 -1.15557945E+00  3.74067903E-01  1.06044924E+00 -2.74773359E-01  8.34684849E-01 -8.19275379E-01 -1.69892475E-01
ZS 32  2.06077993E-02  3.66505355E-01 -6.10950768E-01  1.51528335E+00  6.10981822E-01  6.71673417E-01 -4.33770597E-01  1.92886806E+00
ZS 33 -2.89056599E-01 -6.42575860E-01  6.79931939E-01 -6.80693984E-01 -1.16251910E+00 -2.22823530E-01 -3.24922979E-01  1.33418489E+00
ZS 34 -3.84131372E-01  1.49420249E+00 -8.29690397E-02  4.54354167E-01  8.80009770E-01 -1.29669666E-01 -4.95939791E-01  1.28794408E+00
ZS 35 -1.15817022E+00  1.05250597E+00  9.03854489E-01  6.94694668E-02 -4.95215952E-02 -5.09413838E-01 -6.96917295E-01  1.29170299E+00
ZS 36 -7.15285659E-01  1.74035382E+00 -3.46440375E-02  3.47709417E-01 -6.30065084E-01  5.71302712E-01 -1.08815944E+00  1.97922206E+00
ZS 37  1.29880106E+00  4.80259210E-01 -2.07750082E-01  2.15337783E-01 -1.03188491E+00  1.66808224E+00  1.72410652E-01  1.54068136E+00
ZS 38 -2.17798162E+00  1.35492253E+00  1.02206409E-01  1.41252780E+00 -1.25701475E+00  3.27390462E-01 -2.68603921E-01  8.03977847E-01
ZS 39 -1.48633808E-01 -4.00855929E-01  2.13377237E-01 -9.28671837E-01  1.61916733E-01 -4.59497496E-02 -4.41972375E-01  1.75755382E+00
ZS 40 -8.49287271E-01  1.33500278E+00 -5.62893212E-01 -4.44692284E-01  1.22678113E+00  3.86514634E-01 -2.84752041E-01  4.16715980E-01
ZS 41 -1.06238079E+00  1.06397676E+00 -2.18180150E-01  7.34907150E-01 -5.67763209E-01  1.06381035E+00 -3.44945163E-01  1.95689261E+00
ZS 42 -9.74366307E-01  1.18248820E+00  2.12635875E-01  1.37488663E+00 -1.27755988E+00 -5.81148267E-01  1.17768556E-01 -4.18523371E-01
ZS 43 -4.20751810E-01 -8.04884672E-01 -1.04164541E+00  2.05506849E+00  5.30952334E-01  1.37392953E-02  4.58567739E-01  1.03273880E+00
ZS 44 -7.49320567E-01 -1.47108293E+00 -1.14990306E+00  8.17877173E-01 -6.30304873E-01  3.28966200E-01 -3.28411996E-01 -5.13987720E-01
ZS 45  3.51079643E-01 -1.74226850E-01 -6.42257631E-01 -1.31778061E-01  3.67934108E-01 -9.30909634E-01 -7.28722274E-01  1.07610452E+00
ZS 46  1.27623987E+00 -3.82754087E-01 -2.97788799E-01  1.19189465E+00  4.54397857E-01  1.79267931E+00  1.13078892E+00  5.56105316E-01
ZH  1  1.39829993E+00  1.16744125E+00  1.59804928E+00  1.17118430E+00
ZH  2  8.10907960E-01  5.24998009E-01  1.51069415E+00  1.04264235E+00
ZH  3  9.28702235E-01  1.34414923E+00  3.27734023E-01  7.83422589E-01
ZH  4  9.04935896E-01  9.21025097E-01  8.72193635E-01  6.21660590E-01
ZH  5  1.09099996E+00  5.83158195E-01  3.70043457E-01  8.88008654E-01
ZH  6  8.98404539E-01  1.05376410E+00  9.96488154E-01  1.40758073E+00
ZH  7  3.24139953E-01  1.19839466E+00  8.77002060E-01  6.32445812E-01
ZH  8  8.79748523E-01  1.07231939E+00  6.71731234E-01  4.99997348E-01
ZH  9  1.01455283E+00  1.28708780E+00  5.47027946E-01  8.66742313E-01
ZH 10  1.34342647E+00  7.97361910E-01  1.45479965E+00  4.89281803E-01
ZH 11  1.09511960E+00  1.18704903E+00  9.15463746E-01  1.24334872E+00
ZH 12  1.52924228E+00  9.07411695E-01  8.68617475E-01  9.56872642E-01
ZH 13  1.78494990E+00  1.13657534E+00  1.18339920E+00  7.79832065E-01
ZH 14  8.10577154E-01  7.77215481E-01  1.64393067E+00  1.12292588E+00
ZH 15  7.04975188E-01  9.02948558E-01  1.00539565E+00  1.03174555E+00
ZH 16  9.46558177E-01  1.61922431E+00  1.01051223E+00  7.16861129E-01
ZH 17  9.57723379E-01  1.03019607E+00  1.26941288E+00  1.65500617E+00
ZH 18  9.41183031E-01  1.19037116E+00  1.36648488E+00  1.36489725E+00
ZH 19  7.30899811E-01  9.02232111E-01  8.82117331E-01  1.37930512E+00
ZH 20  9.72935200E-01  9.76488531E-01  1.17521310E+00  9.46334183E-01
ZH 21  1.05796766E+00  7.60495424E-01  9.72411513E-01  7.33029127E-01
ZH 22  9.22318816E-01  1.75533783E+00  5.45251787E-01  9.50085282E-01
ZH 23  9.97947335E-01  2.39271069E+00  9.24359083E-01  3.80177349E-01
ZH 24  7.34759271E-01  1.61110342E+00  1.13792288E+00  1.61405873E+00
ZH 25  1.91900349E+00  1.10684228E+00  1.56844926E+00  9.25025284E-01
ZH 26  7.48054147E-01  9.11842823E-01  1.19852519E+00  1.61349475E+00
ZH 27  1.14665270E+00  1.24066591E+00  1.76153421E+00  6.53614879E-01
ZH 28  8.51715803E-01  6.84540689E-01  2.08340478E+00  8.99832666E-01
ZH 29  1.93981385E+00  1.21857631E+00  1.56436920E+00  7.68675208E-01
ZH 30  9.49086010E-01  1.83985233E+00  1.09808171E+00  1.74966753E+00
ZH 31  1.12070262E+00  1.19267046E+00  1.16842830E+00  9.12945271E-01
ZH 32  7.57214367E-01  1.19943500E+00  7.45857239E-01  1.57623494E+00
ZH 33  6.54872894E-01  1.38602304E+00  9.56091404E-01  1.02672851E+00
ZH 34  1.33008337E+00  7.90357828E-01  1.37761521E+00  1.04223669E+00
ZH 35  1.18918550E+00  7.16724217E-01  9.67252910E-01  1.13761961E+00
ZH 36  1.73803806E+00  5.50406516E-01  7.00814307E-01  1.67437816E+00
ZH 37  1.74082124E+00  3.37810665E-01  1.57866967E+00  1.12298632E+00
ZH 38  1.83417499E+00  1.19382489E+00  9.65313196E-01  9.41114843E-01
ZH 39  6.17760539E-01  6.89670801E-01  3.73551548E-01  1.38976467E+00
ZH 40  1.27438498E+00  1.08903050E+00  1.22056818E+00  5.61150789E-01
ZH 41  1.48219252E+00  6.15552664E-01  9.05718446E-01  1.45772541E+00
ZH 42  1.21610487E+00  1.42606950E+00  1.10607111E+00  6.42357588E-01
ZH 43  1.14789557E+00  1.95194590E+00  5.53426504E-01  1.13500798E+00
ZH 44  1.23666608E+00  1.04866552E+00  7.95249641E-01  1.14723063E+00
ZH 45  5.58986068E-01  7.33888865E-01  8.45528483E-01  1.07466984E+00
ZH 46  1.10351336E+00  1.20031762E+00  1.32664311E+00  9.77335095E-01
DEC T rungs=2 block=2 rank=3 half=F pool=4 metric=  1.1304042088985443E+02
DECPAYLOAD 0100110001110101001010110011101000
RUNG L1 count=2 pool=2
H 1 0111011001000001011000001101000001101000101011 F   1.3751448889076710E+02   2.7524891862273216E+02 43
H 2 0011000000100101101100110000100001111001101101 F   1.3739404821395874E+02   2.7737961792945862E+02 109
RUNG L2 count=4 pool=4
H 1 0101011010111011010010010011101000010011001101 F   1.1431060990691185E+02   2.3115055184811354E+02 205
H 2 0100110001110011010010010011101000010011001101 F   1.1319987392425537E+02   2.3003981586545706E+02 205
H 3 0100110001110101001010110011101000010011001101 T   1.1304042088985443E+02   2.2988036283105612E+02 205
H 4 0100110101010101001010110011101000010011001101 F   1.1290006911754608E+02   2.2974001105874777E+02 205
RUNG L4 count=4 pool=4
H 1 0100110001110101001010110011101000010011001101 T   1.0110524773597717E+02   2.0221049547195435E+02 205
H 2 0100110001110011010010010011101000010011001101 F   9.8632796764373779E+01   1.9973804450035095E+02 205
H 3 0100110010111011010010010011101000010011001101 F   9.6332891345024109E+01   1.9743813908100128E+02 205
H 4 0101011010111011010010010011101000010011001101 F   9.6117078423500061E+01   1.9722232615947723E+02 205
RUNG H1 count=3 pool=3
H 1 1011001001101111111011001100111001110110111100 F   9.9001609623432159E+01   1.9891097009181976E+02 444
H 2 0111011100001100101000111011101100010101010100 F   9.8597793906927109E+01   1.9855589433759451E+02 340
H 3 1010011110111111111011001100111001110110111100 F   9.8366677314043045E+01   1.9827603778243065E+02 444
CASE 6  2.00  0.00  0.00
PAYLOAD 0110110111010110000111101011101001
ZS  1  9.76114631E-01  2.59150565E-03 -9.09463525E-01  5.00684679E-01 -4.14691746E-01  3.59462827E-01 -5.07649183E-02  4.57856059E-01
ZS  2  6.50107801E-01  2.63450503E-01  4.98201996E-02  4.96565364E-03  1.99467540E-01 -8.99357796E-02 -1.62463665E+00 -5.66091359E-01
ZS  3  2.13074222E-01 -1.41523629E-01  7.85989881E-01  1.79150045E+00  7.16249585E-01  1.21463537E+00  6.64031506E-02 -6.53899252E-01
ZS  4  8.36892724E-02  1.59554696E+00 -1.51493117E-01 -5.43424845E-01 -2.78201878E-01 -1.35386452E-01 -2.62469798E-01 -2.73663700E-02
ZS  5  5.90445042E-01  1.92096099E-01  6.13055706E-01  5.03953218E-01  3.90351832E-01  1.96603155E+00  3.03577214E-01 -2.78849065E-01
ZS  6  1.77233410E+00  3.86938423E-01  1.17727137E+00  7.06621289E-01  1.46239007E+00  2.46667171E+00 -2.15455577E-01  2.25521028E-01
ZS  7  3.31865966E-01  8.08652759E-01  9.85659361E-01  4.78935540E-01  7.19110727E-01  3.66526067E-01  1.95458102E+00 -1.61924794E-01
ZS  8  6.22580051E-01  1.32529521E+00  5.02123594E-01 -1.02046996E-01  4.86714482E-01 -1.08903103E-01 -1.48940730E+00 -1.58634961E-01
ZS  9  2.30719626E-01  1.26088262E+00 -8.45953465E-01  7.59477139E-01 -8.35651994E-01  6.51182830E-01 -1.82503462E-01 -4.34929043E-01
ZS 10  1.27061176E+00 -1.62335622E+00  7.85954297E-01  1.62649572E-01 -2.13046461E-01 -1.11330414E+00  4.22830880E-01  8.67173672E-01
ZS 11 -9.10334885E-02 -2.07675964E-01 -3.01780194E-01 -1.06280971E+00 -9.85829413E-01  1.46358991E+00 -4.12353635E-01  6.07640445E-01
ZS 12 -3.26489568E-01 -2.46235505E-01  3.85141432E-01  7.86025524E-01 -5.56910634E-02  1.53616458E-01  9.85688031E-01  5.53468287E-01
ZS 13  1.13332760E+00 -8.66234899E-01 -3.85480583E-01  2.69121736E-01 -2.00229430E+00 -1.66037083E-01  4.74850804E-01  1.37303972E+00
ZS 14  1.58875275E+00  1.94636357E+00 -2.16100458E-02  4.38174456E-01  1.10103309E+00 -7.77028382E-01  4.31948841E-01 -2.73509353E-01
ZS 15  1.19732797E-01  2.43238106E-01  2.05064267E-01 -1.92962825E-01 -1.05180049E+00  1.46913600E+00  3.13191861E-03  1.45394111E+00
ZS 16  8.56875837E-01  8.03890467E-01 -4.47235972E-01  1.98407578E+00  6.14220023E-01  6.51036561E-01  3.97049636E-03 -8.08595657E-01
ZS 17 -1.34042645E+00  5.66823483E-01 -7.71594524E-01  8.27457666E-01  5.95436454E-01 -8.39396119E-02 -2.75524855E-01  1.24913657E+00
ZS 18 -2.86381781E-01  4.26498055E-02 -1.18343569E-01  3.68999153E-01  9.79001701E-01  1.68931949E+00  1.15763843E-01 -1.73855615E+00
ZS 19  5.00501454E-01  7.42321134E-01  1.55588627E+00  1.98560670E-01  1.16458285E+00  6.80541396E-01  3.88007402E-01 -4.57799375E-01
ZS 20  3.54783535E-01  7.60140121E-01 -6.44315720E-01  5.69016039E-01 -8.01261008E-01  1.69361043E+00 -7.49430358E-01  8.25814247E-01
ZS 21  2.14929968E-01 -7.31154799E-01  2.49400437E-01  5.91719449E-02 -2.66569257E-01 -3.33892763E-01 -7.50780404E-01 -3.77280027E-01
ZS 22  5.12430966E-01  1.31097198E+00 -6.03021801E-01  1.07716954E+00  6.58918083E-01  1.05002213E+00  5.04034758E-01  4.43285584E-01
ZS 23  3.09391767E-01  4.54973191E-01  2.31027901E-02 -1.74521494E+00  4.39435035E-01 -1.79924321E+00  6.14077568E-01  1.01104736E-01
ZS 24  8.44890296E-01  1.15559006E+00 -6.84688866E-01  1.12665522E+00 -2.42740810E-01  1.85777736E+00  1.32275116E+00  5.01950234E-02
ZS 25 -1.71407834E-01  2.67481357E-01  4.06321943E-01  1.91699159E+00 -8.00814867E-01  4.63629141E-02  1.09986043E+00 -1.51570368E+00
ZS 26 -2.92623103E-01  1.71567011E+00  1.15494505E-01 -6.44449592E-01  9.92201805E-01  2.77349323E-01 -6.27185464E-01 -6.91654384E-01
ZS 27  8.55826735E-01  1.55548763E+00  3.62334192E-01 -1.14427280E+00  2.12580562E-02  4.88832474E-01 -3.99397194E-01  1.39443326E+00
ZS 28 -7.04129279E-01  1.73834109E+00  6.15380526E-01  6.55823886E-01 -8.52497339E-01 -2.64121175E-01  9.16801095E-01 -4.01892245E-01
ZS 29 -1.44395924E+00 -8.67987871E-01  8.85215461E-01  5.61130345E-02 -1.03770055E-01  9.81007814E-01  1.24819255E+00  1.05454460E-01
ZS 30 -4.20445234E-01  1.09754920E+00 -5.84209383E-01 -2.90598184E-01 -3.53456676E-01  1.74792707E-01  6.27968609E-02 -5.09254158E-01
ZS 31  5.31013370E-01 -8.62934947E-01  1.85690999E+00 -1.98166251E-01 -4.15266663E-01  9.81020510E-01 -1.29942286E+00  1.12761998E+00
ZS 32  1.12134719E+00  1.73208177E-01  8.03496480E-01 -8.50226879E-01 -8.86974096E-01 -3.75626743E-01 -2.16275841E-01  1.51306108E-01
ZS 33 -2.42171675E-01  1.37352943E+00  1.36329979E-03 -6.68231308E-01  4.89057004E-01  1.04250336E+00  2.08749533E-01 -3.56138766E-01
ZS 34  9.07147408E-01  1.08048761E+00 -7.09255040E-01  7.34262586E-01  4.03311789E-01 -2.29908600E-02 -6.72100306E-01  7.09511757E-01
ZS 35  3.37967813E-01  2.52487451E-01  5.37597656E-01  5.47179103E-01 -6.90812290E-01 -4.66197073E-01 -7.24035621E-01 -3.94951731E-01
ZS 36 -5.26545942E-01  9.93960440E-01  8.21254730E-01 -4.69431818E-01 -1.40648437E+00  5.82372606E-01 -6.92083836E-01  1.73687525E-02
ZS 37  3.15727055E-01  6.75577879E-01 -1.93568558E-01  1.21257949E+00 -1.20657873E+00 -1.71961081E+00  3.81123006E-01  1.31278068E-01
ZS 38  1.31914854E+00  3.91937792E-01  4.60522056E-01 -2.21913159E-02 -7.94676244E-01  1.79649115E+00 -3.38411629E-01 -5.69567084E-01
ZS 39  4.51874495E-01  1.79094791E+00  2.21010417E-01 -8.49022090E-01 -5.81934571E-01 -1.07275069E-01 -1.17598510E+00  7.34992683E-01
ZS 40 -4.51361895E-01 -6.95603371E-01 -4.70564365E-01  1.50272226E+00  8.41188312E-01  2.04817176E-01 -2.07348526E-01 -8.85617256E-01
ZS 41  2.53197908E-01  4.53092635E-01  8.33767831E-01  3.98205221E-02 -1.11375284E+00  5.46529531E-01  1.15547769E-01  1.23439825E+00
ZS 42  9.00384009E-01  1.12538171E+00  9.73527431E-01  3.65110636E-01  9.35158432E-02 -1.11052215E-01  9.89352882E-01 -7.69835651E-01
ZS 43  4.54628080E-01  9.29462016E-02 -9.37454402E-02  1.80981231E+00  5.98138630E-01 -1.18780851E+00 -1.14629555E+00 -3.65897238E-01
ZS 44  1.60046303E+00 -1.34191108E+00  1.38903761E+00  2.84335315E-01 -5.60015976E-01  1.63898528E+00  7.00317264E-01 -8.38522315E-02
ZS 45 -4.00139093E-02 -1.03826046E-01  3.59713733E-01 -6.25144482E-01  2.60769188E-01  5.88022232E-01 -1.23814905E+00  1.16877794E+00
ZS 46  6.91891551E-01 -2.34421074E-01 -5.50846756E-01  1.69612098E+00  1.62158203E+00  9.92567688E-02 -7.19011962E-01  3.32631767E-01
ZH  1  8.47900689E-01  7.57634044E-01  4.45619464E-01  1.29337573E+00
ZH  2  5.44231176E-01  3.72422993E-01  7.49019682E-01  1.46577406E+00
ZH  3  7.04986751E-01  1.43325639E+00  1.06966817E+00  5.85095882E-01
ZH  4  1.48752832E+00  7.89287031E-01  8.86664689E-01  6.31045640E-01
ZH  5  7.36866772E-01  1.23033631E+00  1.42071104E+00  4.65503216E-01
ZH  6  1.33611596E+00  1.07492137E+00  2.25609756E+00  5.53412735E-01
ZH  7  2.15339994E+00  8.82659614E-01  7.50842392E-01  1.44634771E+00
ZH  8  1.22638428E+00  8.37988198E-01  3.87673259E-01  1.32102180E+00
ZH  9  1.46607399E+00  1.31712937E+00  9.04131114E-01  3.63959610E-01
ZH 10  1.50230587E+00  7.44965494E-01  9.68318403E-01  1.58411551E+00
ZH 11  8.14883888E-01  8.78488243E-01  1.26647937E+00  1.35988426E+00
ZH 12  3.67465943E-01  6.67273045E-01  6.57640815E-01  9.88917708E-01
ZH 13  1.41162944E+00  8.92639279E-01  1.78266406E+00  1.07035744E+00
ZH 14  1.91022325E+00  5.07197857E-01  1.69987750E+00  6.37169778E-01
ZH 15  9.42629635E-01  5.46610892E-01  1.53352928E+00  1.21746719E+00
ZH 16  9.78911698E-01  1.52681065E+00  7.84018755E-01  5.90892315E-01
ZH 17  1.24031210E+00  1.00395310E+00  8.05167615E-01  9.06705916E-01
ZH 18  6.44909322E-01  3.85217816E-01  1.52888274E+00  1.38580072E+00
ZH 19  1.17953980E+00  1.25248635E+00  1.02227175E+00  9.81204867E-01
ZH 20  6.10572398E-01  9.68554795E-01  2.14326048E+00  1.01519179E+00
ZH 21  1.34246290E+00  8.37400377E-01  4.81431574E-01  8.67045581E-01
ZH 22  2.22890139E+00  1.22277021E+00  9.63711560E-01  5.36589742E-01
ZH 23  5.94064474E-01  1.28615654E+00  1.41112661E+00  9.21928883E-01
ZH 24  1.35756886E+00  1.38409603E+00  1.45951867E+00  1.20715940E+00
ZH 25  3.23046297E-01  1.39021742E+00  7.26324916E-01  1.35931003E+00
ZH 26  1.24349856E+00  5.85603297E-01  7.33761549E-01  8.41285706E-01
ZH 27  1.27121949E+00  8.85859668E-01  8.28852415E-01  1.41225994E+00
ZH 28  1.51073277E+00  7.85212696E-01  1.33669710E+00  7.69552410E-01
ZH 29  1.32062185E+00  7.92786598E-01  1.00376451E+00  9.48691964E-01
ZH 30  1.12265050E+00  8.09441447E-01  3.42579156E-01  6.05098188E-01
ZH 31  1.69356835E+00  1.51675534E+00  9.31539595E-01  1.44102478E+00
ZH 32  1.04673445E+00  1.01840293E+00  1.07454896E+00  4.96139348E-01
ZH 33  1.10539627E+00  6.32177949E-01  1.14568341E+00  1.28737259E+00
ZH 34  1.01930070E+00  1.45039475E+00  3.04259300E-01  1.35898900E+00
ZH 35  1.21972346E+00  1.35743511E+00  8.00937176E-01  1.05299711E+00
ZH 36  1.35007823E+00  7.20413685E-01  1.34548986E+00  1.38141191E+00
ZH 37  6.04215205E-01  1.17573512E+00  1.63143075E+00  1.29114342E+00
ZH 38  1.03895831E+00  7.41810977E-01  1.42592168E+00  4.70861405E-01
ZH 39  1.43482852E+00  7.60053873E-01  7.36215115E-01  1.34499395E+00
ZH 40  6.18466198E-01  1.14433968E+00  8.36756885E-01  1.32223296E+00
ZH 41  4.58811104E-01  6.43190503E-01  1.06701267E+00  9.04070020E-01
ZH 42  1.30653083E+00  1.28878951E+00  7.46255279E-01  1.31540442E+00
ZH 43  7.15907931E-01  1.56317103E+00  1.07798636E+00  9.75411177E-01
ZH 44  1.67493117E+00  1.35171711E+00  1.25955248E+00  1.19859850E+00
ZH 45  6.34080172E-01  7.36760318E-01  1.33607960E+00  1.36834836E+00
ZH 46  9.99207973E-01  1.55535722E+00  1.25752819E+00  5.77338815E-01
DEC T rungs=3 block=4 rank=1 half=F pool=1 metric=  7.8457437396049500E+01
DECPAYLOAD 0110110111010110000111101011101001
RUNG L1 count=4 pool=11
H 1 0001010110101100111001001101010101100101101000 F   1.2432527004182339E+02   2.4964229206368327E+02 360
H 2 1001010010111101000010101100000101101000000010 F   1.2376763090118766E+02   2.4910404340177774E+02 2
H 3 1011101100110111110010011010101000011101110100 F   1.2375710971653461E+02   2.4751421943306923E+02 372
H 4 0000110110001000010110101111010100001000010101 F   1.2371031960844994E+02   2.4834733101725578E+02 21
RUNG L2 count=2 pool=2
H 1 1010111001000011110010011010101000100011001111 F   9.0756346225738525E+01   1.8172816306352615E+02 207
H 2 0101101011001110110000101001100001111100011011 F   8.9983638480305672E+01   1.8751506884396076E+02 283
RUNG L4 count=1 pool=1
H 1 0110110111010110000111101011101001101010010000 T   7.8457437396049500E+01   1.5839520192146301E+02 144
RUNG H1 count=4 pool=8
H 1 1111011110111010111111110101000101001001011100 F   9.7813641071319580E+01   1.9562728214263916E+02 92
H 2 1111011100101000110111010101000101001001011100 F   9.6554112613201141E+01   1.9436775368452072E+02 92
H 3 1111011101100001001001111111000101001001011100 F   9.6523117065429688E+01   1.9433675813674927E+02 92
H 4 1111000110110100111101000110001101111111110110 F   9.6351143486797810E+01   1.9295469284802675E+02 502
CASE 7  4.00  0.00  0.00
PAYLOAD 0101110001001100001010100101111001
ZS  1 -4.04517710E-01  9.87842321E-01 -2.06048310E-01 -7.34823346E-01 -3.36403511E-02  8.12831640E-01 -2.88063496E-01  2.93784571E+00
ZS  2 -8.39505076E-01  4.72063035E-01  5.45309246E-01  2.36471438E+00 -2.00936580E+00  1.39041528E-01 -2.76575834E-02 -2.94838011E-01
ZS  3 -3.56528461E-02  1.10751224E+00  1.36441708E+00 -5.04899025E-02  8.48280117E-02  3.44111592E-01  5.32117844E-01  3.89280826E-01
ZS  4  1.89953536E-01 -6.54835224E-01  2.15899765E-01  6.51426733E-01  9.78592992E-01 -2.31968969E-01  5.77243567E-02  6.99954867E-01
ZS  5  1.69890046E-01  6.50623798E-01  1.01460946E+00  1.44059992E+00 -1.10113466E+00  3.97752523E-02 -1.40901065E+00 -6.28250718E-01
ZS  6 -1.47289336E-01  1.13262975E+00  1.41881004E-01  1.07029855E+00 -2.28103042E+00  4.56690550E-01 -1.15478826E+00  1.21198440E+00
ZS  7  8.84205282E-01  1.43016148E+00  6.06520474E-01 -2.37613078E-02  1.59625566E+00  1.06012471E-01 -1.16096771E+00 -4.30574596E-01
ZS  8 -6.51578128E-01  5.70295632E-01  3.97791147E-01  2.55966425E+00 -5.82256615E-02 -9.54930425E-01  2.10088879E-01  7.61387348E-01
ZS  9  7.39411056E-01 -6.71696305E-01  1.27630636E-01  9.76422727E-01 -1.63961124E+00 -5.48171997E-03  7.00418949E-01 -1.39020264E+00
ZS 10 -4.25610840E-01  8.93190622E-01  1.14141297E+00  3.22475851E-01 -7.06286907E-01  4.43967104E-01 -3.52675378E-01  1.43938220E+00
ZS 11  1.85335803E+00  6.87538028E-01  1.87997293E+00  1.00851464E+00  4.85626943E-02  9.38077986E-01 -3.24353158E-01  5.03522694E-01
ZS 12 -1.16145623E+00 -7.58567035E-01 -7.88255811E-01  3.88464594E+00  6.25058264E-02 -1.70687675E-01 -6.29205167E-01  5.02463162E-01
ZS 13 -8.40183273E-02  1.26597261E+00  2.21903056E-01  1.45675039E+00 -1.70128644E+00  7.49624550E-01  2.04978913E-01 -3.43604475E-01
ZS 14  3.55993748E-01 -4.81169224E-02 -3.66497636E-02  1.02338386E+00  4.60548848E-01  1.31118149E-01 -7.37609565E-01  4.55585003E-01
ZS 15 -7.42719114E-01 -5.73103666E-01 -3.01390886E-03  3.19695997E+00  7.12217450E-01  1.09144723E+00  5.34518600E-01 -1.38349366E+00
ZS 16  7.99532652E-01  1.51006866E+00  8.24077725E-01  5.93676925E-01 -7.50627220E-01  1.89482838E-01  1.12346038E-02 -2.97327310E-01
ZS 17  2.54354626E-01  8.19372535E-01  1.58432186E-01 -2.71693975E-01  1.74997687E-01 -3.38918149E-01 -5.04091024E-01  8.78432274E-01
ZS 18  4.46826011E-01  1.30400443E+00  1.00422454E+00 -9.25143540E-01  9.28281903E-01 -2.90827811E-01 -1.09220934E+00  4.96932030E-01
ZS 19  1.64333832E+00  1.33394408E+00 -3.78478646E-01 -6.01395667E-02 -7.43997812E-01 -8.67102742E-02 -1.52206749E-01  1.09237087E+00
ZS 20 -5.37255585E-01  5.95948100E-02 -6.23112619E-02  2.25896382E+00 -5.88306308E-01  8.50183427E-01 -5.23147285E-02 -8.65600109E-01
ZS 21 -8.08621943E-03  1.81097603E+00  3.82266521E-01  3.28089619E+00 -8.81420434E-01  3.91373008E-01  9.23423469E-01 -6.93166196E-01
ZS 22 -2.75884271E-02  1.85171103E+00  7.05285668E-02 -2.10008919E-01 -5.65190077E-01 -1.33611739E+00  2.61825204E-01 -9.71509695E-01
ZS 23 -5.35328269E-01 -1.02836430E+00  8.19842935E-01  1.35713887E+00 -4.96867836E-01  9.71290469E-01  9.97827768E-01 -1.12433553E+00
ZS 24 -2.10025638E-01  2.62855649E-01  2.57660598E-01  1.18538427E+00 -3.53197783E-01 -9.92278516E-01 -1.81390241E-01  5.03503494E-02
ZS 25 -5.19045591E-01 -1.00634074E+00 -3.79523337E-02 -4.34171081E-01 -2.51798034E-01 -3.72469723E-01 -6.23835206E-01  1.95422363E+00
ZS 26  7.11353600E-01  1.97295320E+00  8.83163393E-01  2.30809957E-01 -8.84968042E-02  1.59837846E-02 -1.31931019E+00 -8.23693395E-01
ZS 27 -1.05324793E+00  2.16895998E-01  7.45729804E-01  5.35883009E-01 -1.05497575E+00  4.76466596E-01  1.32559514E+00  3.11392903E-01
ZS 28  3.81514549E-01  6.80304289E-01 -1.67849809E-02 -7.20971763E-01 -1.29397726E+00 -3.92124355E-01 -1.54617131E-02 -1.17505085E+00
ZS 29  1.07574975E+00 -7.53979683E-02 -4.64443684E-01 -1.57029241E-01 -2.86134720E-01  1.36826158E-01 -2.51439512E-01 -1.01894736E+00
ZS 30 -9.45875645E-02  3.12274456E-01  1.10793985E-01 -1.60129368E-01 -2.65889287E-01  2.35093403E+00 -4.49653178E-01  3.70297492E-01
ZS 31 -1.21642366E-01  2.12116146E+00 -8.92812133E-01  3.77281278E-01  2.33210757E-01  7.06025779E-01  1.69136286E-01 -1.13583672E+00
ZS 32 -7.70410895E-02 -7.10160017E-01  3.36480737E-02 -5.91499567E-01 -4.24090505E-01  1.42471457E+00  1.05804443E-01  1.06560731E+00
ZS 33 -2.09451601E-01  3.92492622E-01 -3.59282464E-01 -6.63870275E-01  4.78520513E-01  1.08423799E-01  2.95758247E-04  1.78763676E+00
ZS 34 -5.60169935E-01  1.17692494E+00  1.16192341E+00  1.00436783E+00  3.87354970E-01 -1.84105560E-01 -1.82181478E+00 -6.97915196E-01
ZS 35 -9.56644237E-01  1.92516947E+00 -5.74417830E-01 -1.26336920E+00  4.50775266E-01  4.10614192E-01  2.60252833E-01  1.58148861E+00
ZS 36  2.27991030E-01  1.25623035E+00  1.85516894E-01 -3.31981719E-01  1.10545003E+00 -2.09845722E-01  8.65321398E-01  4.93440270E-01
ZS 37  1.31962883E+00 -8.80231380E-01  1.78328663E-01 -1.33760476E+00  1.57173967E+00 -1.67075992E-02 -5.63241005E-01  1.64703226E+00
ZS 38  5.33056200E-01 -4.76732939E-01 -6.83097243E-02 -8.14405501E-01  8.44893456E-02  1.28227568E+00 -7.62207508E-02 -1.09426653E+00
ZS 39  7.06099033E-01 -1.74975783E-01  2.25151777E-02  8.97781402E-02  1.00679612E+00  1.69061750E-01 -3.33890736E-01  1.86542869E+00
ZS 40  1.10900319E+00  1.67653620E-01  1.25923723E-01 -6.02946043E-01  7.38994479E-02 -6.68375492E-02 -2.49589428E-01  2.35643268E+00
ZS 41 -2.05056667E-02  2.40697908E+00 -5.51402807E-01 -8.61575842E-01  1.18880665E+00 -3.72494847E-01 -4.01264638E-01 -1.65806365E+00
ZS 42 -2.47414351E-01  2.08245254E+00 -3.67191881E-01  4.68337148E-01  6.60619497E-01 -1.39736557E+00  1.16840340E-01 -8.35537136E-01
ZS 43  1.22843251E-01  4.81543615E-02  1.31701684E+00  2.75742245E+00  3.03648502E-01  9.82397676E-01  7.52387583E-01 -1.02085114E+00
ZS 44 -6.11398339E-01  3.03508520E-01 -8.94241512E-01 -1.65336937E-01  6.73131287E-01  6.47289097E-01  4.21844602E-01 -5.31230032E-01
ZS 45  9.29953814E-01 -1.89453304E+00 -5.32498181E-01 -3.13478619E-01 -1.17355371E+00  5.53934097E-01 -5.01473367E-01  9.83771861E-01
ZS 46 -1.75896317E-01 -7.24367499E-01 -9.65302467E-01 -2.64931798E-01  2.43274868E-01 -2.49742240E-01  7.01690137E-01  1.80035996E+00
ZH  1  1.04888380E+00  1.28918409E+00  6.43909574E-01  2.09533811E+00
ZH  2  1.15336919E+00  1.74348152E+00  1.52097428E+00  6.53297782E-01
ZH  3  9.11216974E-01  1.23703575E+00  4.36871141E-01  9.03326273E-01
ZH  4  7.28162766E-01  1.24959791E+00  9.03956115E-01  9.96649802E-01
ZH  5  1.01874697E+00  1.40426052E+00  1.20319188E+00  1.23358810E+00
ZH  6  1.11958504E+00  8.93944442E-01  1.69494116E+00  1.21287000E+00
ZH  7  1.20032728E+00  6.72094524E-01  1.47645760E+00  8.94473195E-01
ZH  8  6.62178934E-01  1.88349640E+00  7.33896732E-01  9.44939673E-01
ZH  9  9.63639677E-01  7.87342548E-01  1.32468772E+00  1.21300387E+00
ZH 10  9.02669787E-01  9.84073997E-01  7.11302459E-01  1.26071393E+00
ZH 11  1.46711016E+00  1.79252231E+00  8.23886454E-01  9.43812251E-01
ZH 12  1.05798197E+00  2.82656360E+00  8.59169841E-01  8.17163408E-01
ZH 13  9.21967566E-01  1.06643748E+00  1.49049282E+00  5.80641091E-01
ZH 14  5.56703568E-01  1.46279550E+00  9.31817949E-01  1.24095035E+00
ZH 15  7.46848285E-01  2.52766109E+00  1.11293614E+00  1.19646823E+00
ZH 16  1.22485638E+00  1.12734914E+00  8.62300038E-01  3.94094586E-01
ZH 17  6.16017520E-01  6.41210675E-01  5.76549709E-01  8.83991480E-01
ZH 18  1.20624375E+00  1.11050498E+00  8.59555244E-01  1.02109158E+00
ZH 19  1.53245616E+00  4.92192835E-01  8.09017718E-01  1.24625587E+00
ZH 20  4.55299556E-01  1.95924175E+00  8.36168289E-01  6.64454758E-01
ZH 21  1.35585737E+00  2.99834037E+00  8.08143079E-01  8.36906850E-01
ZH 22  1.32887387E+00  1.32787931E+00  1.67382324E+00  2.26088572E+00
ZH 23  1.03945076E+00  1.12207520E+00  8.45154524E-01  1.29729712E+00
ZH 24  6.19787216E-01  1.02210093E+00  9.28170383E-01  2.88007200E-01
ZH 25  1.28243411E+00  1.32967305E+00  6.31022930E-01  1.45523179E+00
ZH 26  1.77518964E+00  8.83042991E-01  5.85054219E-01  1.17599916E+00
ZH 27  1.46968067E+00  8.21975529E-01  9.86016572E-01  1.33471298E+00
ZH 28  5.97684503E-01  8.39261174E-01  1.43856013E+00  1.16458142E+00
ZH 29  1.29883170E+00  5.89414954E-01  6.51156306E-01  7.44318962E-01
ZH 30  7.15155005E-01  5.14662981E-01  1.70236826E+00  1.06109190E+00
ZH 31  1.59729445E+00  1.38727021E+00  7.57304966E-01  1.50406837E+00
ZH 32  7.20082879E-01  6.94275558E-01  1.31237602E+00  1.24338174E+00
ZH 33  7.17823684E-01  9.69409764E-01  1.41288471E+00  1.67307532E+00
ZH 34  1.10236609E+00  1.23550391E+00  3.96242410E-01  1.48182344E+00
ZH 35  1.57519650E+00  1.00745654E+00  1.23133910E+00  1.21150506E+00
ZH 36  1.21431994E+00  4.36037779E-01  9.21612024E-01  7.54042089E-01
ZH 37  1.51405334E+00  1.02963912E+00  1.32352638E+00  1.40834785E+00
ZH 38  8.99163485E-01  1.23249388E+00  9.95980978E-01  1.10690689E+00
ZH 39  8.83890092E-01  4.76220310E-01  7.53777385E-01  1.34130144E+00
ZH 40  8.37918878E-01  6.26562834E-01  1.31174251E-01  1.74056315E+00
ZH 41  1.93538010E+00  7.23339677E-01  1.13368797E+00  1.24448013E+00
ZH 42  2.09918141E+00  8.67939234E-01  1.18743992E+00  6.88332915E-01
ZH 43  3.52961838E-01  2.20690465E+00  1.00775588E+00  1.01762760E+00
ZH 44  7.46804476E-01  8.12498629E-01  1.20296121E+00  9.01845098E-01
ZH 45  1.51737964E+00  6.63570106E-01  1.29652286E+00  8.38378549E-01
ZH 46  9.23768818E-01  7.50681102E-01  8.04526567E-01  1.42645049E+00
DEC T rungs=2 block=2 rank=1 half=F pool=4 metric=  1.4771339887380600E+02
DECPAYLOAD 0101110001001100001010100101111001
RUNG L1 count=4 pool=6
H 1 1111010011011110110100101110100001111101001100 F   1.7530582391470671E+02   3.5061164782941341E+02 332
H 2 0111100000011100000010000100100000001111100010 F   1.7355828351527452E+02   3.5008231425285339E+02 482
H 3 0111100011001100001010100100100000001111100010 F   1.7341341352462769E+02   3.4993744426220655E+02 482
H 4 1110101000110100010100011101101101011011100110 F   1.7249101547151804E+02   3.4914341072738171E+02 230
RUNG L2 count=4 pool=4
H 1 0101110001001100001010100101111001100110010110 T   1.4771339887380600E+02   2.9596340615861118E+02 406
H 2 0101010001001100001010100101111001100110010110 F   1.4493707233667374E+02   2.9318707962147892E+02 406
H 3 0111100011001100001010100101111001100110010110 F   1.4257719659805298E+02   2.9082720388285816E+02 406
H 4 0111000011001100001010100101111001100110010110 F   1.4058246490359306E+02   2.8883247218839824E+02 406
RUNG L4 count=4 pool=4
H 1 0101110001001100001010100101111001100110010110 T   1.3034890937805176E+02   2.6109662914276123E+02 406
H 2 0101110001001100001010100101111001100110010010 F   1.2088562083244324E+02   2.4804886865615845E+02 402
H 3 0101010001001100001010100101111001100110010110 F   1.1497197484970093E+02   2.4571969461441040E+02 406
H 4 0100011011101100001010100101111001100110010110 F   1.1449651142954826E+02   2.4524423119425774E+02 406
RUNG H1 count=4 pool=4
H 1 0011011011001000101111011000111101001001110001 F   1.1881273166835308E+02   2.3795365817844868E+02 113
H 2 0011011101101111000001001000111101001001110001 F   1.1791425774991512E+02   2.3705518426001072E+02 113
H 3 0111100000011100010010000100100000001111100010 F   1.1735735437273979E+02   2.3471470874547958E+02 482
H 4 1111010000000100101000000111100001111101001100 F   1.1640606540441513E+02   2.3613282844424248E+02 332
CASE 8  4.00  0.00  0.00
PAYLOAD 1110100001000111011011001011010100
ZS  1  1.49958479E+00 -1.06205201E+00  5.21773338E-01 -1.02192748E+00  3.20687473E-01  3.78357172E-02  4.71051395E-01  2.09708154E-01
ZS  2  1.08408308E+00  2.05534124E+00  2.01344073E-01 -7.02381611E-01 -5.67795694E-01 -5.60593724E-01  9.98951912E-01 -1.62126696E+00
ZS  3  3.13009202E-01 -3.08856726E+00  4.82730567E-03 -5.43561280E-01  6.42784536E-01 -1.68720639E+00 -8.53525996E-02 -7.90885329E-01
ZS  4 -5.25469422E-01  4.23510432E-01 -1.99542701E-01 -1.38428044E+00  5.52317023E-01 -4.07115966E-02  5.77492833E-01  7.24635899E-01
ZS  5  4.19329405E-01 -8.09610605E-01  5.54011643E-01 -2.08630085E+00 -7.78041005E-01  5.23112774E-01  1.12445879E+00 -3.14164370E-01
ZS  6  2.21271873E+00 -1.00363374E+00 -1.52633578E-01  3.55919957E-01  2.73691177E-01  1.55549958E-01 -4.95758653E-03 -1.88869447E-01
ZS  7 -3.77282858E-01 -1.90930712E+00 -1.85219586E-01 -4.69801605E-01  6.24255538E-01 -1.56154796E-01  1.62128985E-01 -6.79158390E-01
ZS  8 -4.84350801E-01 -4.71471608E-01 -3.71702552E-01 -7.16794670E-01  3.70351970E-01 -4.58590895E-01  3.66175354E-01 -2.11491370E+00
ZS  9 -4.55873668E-01  9.79984641E-01  1.06094491E+00  3.32048297E-01  2.70722508E-02 -2.56636357E+00  7.30031073E-01  3.68013561E-01
ZS 10 -6.75915897E-01 -4.63058412E-01 -2.55701691E-01 -1.44494191E-01 -6.98640198E-02 -3.54012370E-01 -2.45557666E-01 -2.44925928E+00
ZS 11  4.73724753E-02  9.92931306E-01  1.06289387E+00 -1.85369879E-01  3.64628732E-01 -8.93900931E-01  9.40198541E-01  2.42795318E-01
ZS 12  4.96602952E-01 -2.23982954E+00 -5.23309827E-01 -4.27695692E-01 -5.66444874E-01  4.02729481E-01  5.05566657E-01 -7.98230469E-02
ZS 13 -6.92431808E-01  5.95756710E-01  1.19230914E+00 -1.64310801E+00  7.84976065E-01  2.31207013E-01 -4.88302618E-01  1.68945909E-01
ZS 14 -4.33503747E-01 -2.49695182E-02  1.22522211E+00 -1.21158910E+00 -4.58058715E-01  9.42771256E-01  1.07150793E+00 -1.67849827E+00
ZS 15  1.70926595E+00  1.12103093E+00 -3.34910929E-01  7.42196023E-01  5.90326190E-01  5.10340929E-01  6.34873211E-01 -1.74746704E+00
ZS 16 -6.82018995E-01  1.01309919E+00  3.37406695E-01 -6.48637056E-01 -5.40833473E-01 -8.12647223E-01 -1.05524206E+00  1.27196336E+00
ZS 17  7.53239870E-01  2.44692063E+00  1.40711927E+00 -6.29119992E-01 -1.20445892E-01  1.50049314E-01 -9.56028700E-02 -1.53695256E-01
ZS 18  1.01223278E+00  1.00642085E+00  5.48555315E-01 -3.33418906E-01  1.71885681E+00 -3.03872466E-01  5.78324914E-01  4.36739922E-01
ZS 19  4.12308306E-01 -1.06355488E+00  3.63215327E-01 -1.21744514E-01  5.65373540E-01 -1.49185741E+00 -3.05216014E-01  9.66009974E-01
ZS 20 -1.10132694E+00  3.80480111E-01 -4.13846076E-01 -8.77665877E-01  1.18151450E+00 -1.94274950E+00 -1.07804573E+00 -3.17875981E-01
ZS 21 -1.19024110E+00 -1.51493478E+00 -8.18000913E-01  1.33092988E+00 -3.21037054E-01 -7.38042369E-02 -3.76541466E-02 -4.41572905E-01
ZS 22 -6.33171678E-01  2.02695921E-01  5.18858492E-01 -2.48462200E+00 -1.12727094E+00 -8.42445374E-01  1.76783144E-01 -1.44179296E+00
ZS 23  1.08690768E-01 -7.51218319E-01 -4.83723104E-01 -1.08941293E+00 -2.34113514E-01  4.74217415E-01  7.53608048E-01 -1.32461548E+00
ZS 24 -3.52596700E-01 -5.89863062E-01  9.10508573E-01 -8.92525136E-01 -1.12187421E+00 -4.85950649E-01 -1.91441357E-01 -1.13559544E+00
ZS 25  1.46122432E+00 -1.75665569E+00  1.12621856E+00 -9.00548220E-01  1.53688401E-01 -6.58636391E-02 -1.00953090E+00  3.33352715E-01
ZS 26  7.67004073E-01  1.54721308E+00 -5.22438101E-02 -6.26314819E-01 -7.41533935E-01  9.69038084E-02  5.44598341E-01 -1.74429476E-01
ZS 27 -9.19090629E-01 -5.11182666E-01  3.64593983E-01 -8.57892513E-01 -6.69897795E-01  6.24617338E-01  4.56806123E-01 -2.18085861E+00
ZS 28  4.82482165E-01 -2.22668111E-01  8.23911190E-01 -2.36712122E+00 -1.62412018E-01  6.48441315E-01  6.48937285E-01  5.33578098E-01
ZS 29  1.79990470E+00  1.02198815E+00  4.17625517E-01  2.74051666E-01 -7.92967260E-01  2.20044389E-01 -1.39286131E-01 -6.68673754E-01
ZS 30 -1.70108616E+00 -5.98847032E-01  8.10933948E-01 -1.20111036E+00  5.23170114E-01 -5.79729319E-01 -8.17611158E-01  5.17242849E-01
ZS 31  9.86854970E-01 -1.23682904E+00  1.08088100E+00 -7.72774667E-02 -7.98984170E-01 -3.86000991E-01 -1.78154513E-01  1.13367724E+00
ZS 32 -3.55019271E-01  2.26098984E-01  7.02102959E-01 -9.92936969E-01 -8.21395278E-01  7.22593069E-01  5.91836572E-01 -1.47099197E-02
ZS 33  5.35765409E-01 -2.27362782E-01  1.83288813E-01  3.22884858E-01  8.36515009E-01 -2.37365556E+00  1.18396163E-01 -4.96683151E-01
ZS 34  4.59422916E-03  1.83450311E-01  5.90376914E-01 -2.70235205E+00  2.34324545E-01 -5.79720736E-01 -3.68080914E-01 -1.78651214E-02
ZS 35  4.62862223E-01  1.46531746E-01 -6.81925774E-01  1.78981870E-02  3.55799735E-01 -6.42174363E-01 -1.13463533E+00 -1.55829978E+00
ZS 36  2.42589086E-01  5.15282452E-01  1.06881225E+00  3.23555410E-01 -1.05312634E+00 -2.35462976E+00  5.93849301E-01  8.86631906E-02
ZS 37  6.73398376E-02 -5.53491533E-01 -3.50062072E-01 -5.82043231E-01  7.68526018E-01 -8.63740087E-01 -2.83823788E-01 -1.87707090E+00
ZS 38 -1.64115131E-01 -1.15305197E+00  3.35404277E-01  1.68863952E-01 -9.65618014E-01 -1.38093138E+00 -4.76000994E-01 -7.22012401E-01
ZS 39  2.92551804E+00 -1.47627592E+00 -1.78348720E-02  9.49514449E-01  5.11962771E-01 -1.44536471E+00 -3.29479694E-01  1.22535324E+00
ZS 40 -7.73542583E-01 -4.58927214E-01  1.86559260E-01  5.97824395E-01  1.91547394E-01 -6.45502210E-01 -9.73799229E-02 -4.13354665E-01
ZS 41 -1.08891392E+00 -1.41464710E+00 -5.57275474E-01  9.20209706E-01 -1.32945228E+00 -1.47275060E-01  2.64280260E-01 -1.12481618E+00
ZS 42  4.61879343E-01 -1.04435909E+00 -2.35536903E-01  2.24215865E-01 -2.29189128E-01 -6.32585883E-02  4.58034307E-01 -3.46810430E-01
ZS 43  4.82425779E-01 -1.44742739E+00 -2.13227034E-01 -9.91294384E-01  4.76604581E-01 -3.11364651E+00 -2.16902196E-02  1.58462301E-01
ZS 44  1.02280939E+00 -2.67070961E+00 -4.01696742E-01  1.36101708E-01 -1.83925346E-01  1.38964021E+00 -2.89330304E-01  1.95643812E-01
ZS 45  3.45342398E-01 -1.02822885E-01 -9.84724283E-01 -1.60613942E+00 -6.14927232E-01  1.16785800E+00  5.84863126E-02  1.74951065E+00
ZS 46  4.99728918E-02 -2.26861048E+00  6.72289431E-02  3.00786883E-01 -7.19565749E-01 -3.66874218E-01 -2.70104587E-01  9.10266340E-02
ZH  1  1.85827792E+00  9.15760636E-01  9.28893089E-01  4.42306787E-01
ZH  2  1.65076578E+00  1.47631240E+00  9.20593739E-01  1.94077218E+00
ZH  3  2.27004600E+00  8.18787217E-01  1.50967240E+00  1.65757215E+00
ZH  4  6.15190685E-01  1.23499310E+00  5.94116330E-01  6.56715274E-01
ZH  5  8.47973704E-01  1.59887207E+00  9.37370181E-01  9.23394501E-01
ZH  6  1.83354068E+00  4.49919820E-01  1.34425664E+00  2.44843364E-01
ZH  7  1.47186363E+00  1.16628253E+00  1.04536855E+00  7.30605423E-01
ZH  8  5.26037216E-01  1.24229228E+00  7.53734708E-01  1.54979980E+00
ZH  9  9.40402806E-01  9.73324358E-01  1.83866668E+00  6.51740968E-01
ZH 10  8.58623445E-01  4.16678756E-01  1.13243186E+00  1.81187928E+00
ZH 11  7.85484672E-01  1.01163924E+00  1.06044090E+00  1.01684153E+00
ZH 12  1.72955811E+00  1.76528251E+00  5.80043435E-01  6.81722820E-01
ZH 13  7.34921932E-01  1.51812685E+00  1.27541721E+00  4.33225185E-01
ZH 14  9.43029821E-01  1.35002899E+00  8.72669458E-01  1.66469836E+00
ZH 15  1.73169875E+00  7.44494617E-01  6.13709986E-01  1.46823895E+00
ZH 16  1.33604622E+00  1.34909070E+00  1.56261170E+00  1.28322911E+00
ZH 17  1.90946448E+00  1.31393003E+00  2.02935949E-01  9.92440164E-01
ZH 18  1.14104831E+00  4.89869058E-01  2.27748680E+00  1.26134574E+00
ZH 19  8.07755172E-01  1.22695184E+00  1.29176271E+00  8.57746005E-01
ZH 20  9.80858088E-01  8.28973711E-01  1.63378215E+00  9.81178284E-01
ZH 21  1.41916573E+00  1.14444673E+00  4.16853249E-01  5.10806620E-01
ZH 22  5.16810238E-01  2.00373125E+00  1.27149987E+00  1.24916422E+00
ZH 23  9.02123868E-01  1.46288693E+00  4.41620201E-01  1.08295548E+00
ZH 24  6.70436442E-01  1.24954450E+00  1.31883299E+00  1.00930691E+00
ZH 25  1.77954924E+00  1.35380602E+00  5.97358584E-01  9.40157592E-01
ZH 26  1.22193706E+00  4.85125601E-01  7.23274767E-01  5.08232951E-01
ZH 27  8.33975852E-01  6.77594483E-01  9.70270216E-01  1.80243313E+00
ZH 28  4.57938790E-01  1.97242630E+00  7.20583797E-01  8.59073460E-01
ZH 29  1.54798329E+00  5.03738642E-01  8.34777474E-01  6.20756745E-01
ZH 30  1.32837164E+00  2.27695513E+00  1.20383120E+00  9.53674972E-01
ZH 31  1.44228017E+00  8.73910129E-01  1.14851534E+00  9.29894745E-01
ZH 32  1.52332640E+00  9.34790492E-01  8.14317524E-01  6.04538143E-01
ZH 33  6.23545945E-01  7.42254794E-01  1.95352983E+00  8.11907351E-01
ZH 34  1.93675220E-01  2.19504523E+00  1.47177219E+00  1.19682217E+00
ZH 35  3.83419812E-01  5.79895020E-01  7.08273709E-01  1.36504292E+00
ZH 36  1.00358200E+00  1.04197133E+00  1.90992045E+00  6.75937057E-01
ZH 37  6.39274359E-01  8.27805817E-01  1.01604581E+00  1.56208789E+00
ZH 38  1.07128382E+00  6.33769929E-01  1.28873098E+00  1.15130818E+00
ZH 39  2.39694452E+00  1.01642871E+00  1.39550912E+00  1.08815587E+00
ZH 40  1.05452526E+00  1.27763224E+00  1.17931068E+00  6.37165427E-01
ZH 41  1.49907589E+00  9.29766953E-01  1.14708054E+00  9.41715539E-01
ZH 42  8.59450758E-01  3.87367159E-01  9.95499849E-01  8.41924310E-01
ZH 43  1.31647897E+00  7.92227089E-01  2.26644254E+00  3.74095410E-01
ZH 44  2.17629862E+00  5.48391402E-01  1.06993735E+00  9.81346607E-01
ZH 45  4.46708858E-01  1.77701700E+00  1.01702285E+00  1.60804105E+00
ZH 46  1.67712224E+00  8.79915655E-01  6.47085249E-01  9.16147828E-01
DEC T rungs=2 block=2 rank=1 half=F pool=4 metric=  1.6358066570758820E+02
DECPAYLOAD 1110100001000111011011001011010100
RUNG L1 count=3 pool=3
H 1 1000101010011110101000111100101000000110010100 F   1.8424910386651754E+02   3.7435363967716694E+02 404
H 2 1110100001000100001000100110000000001010010011 F   1.8279045376926661E+02   3.7277938454598188E+02 147
H 3 1110100001000110110011100110000000001010010011 F   1.8200217486917973E+02   3.7199110564589500E+02 147
RUNG L2 count=4 pool=4
H 1 1110100001000111011011001011010100001010010011 T   1.6358066570758820E+02   3.2716133141517639E+02 147
H 2 1110100001000111011011010001111100001010010011 F   1.5800718978047371E+02   3.2158785548806190E+02 147
H 3 1110100001000000010001101011010100001010010011 F   1.5321003493294120E+02   3.1679070064052939E+02 147
H 4 1110100001000100000000010100100100001010010011 F   1.5260242950916290E+02   3.1618309521675110E+02 147
RUNG L4 count=4 pool=4
H 1 1110100001000111011011001011010100001010010011 T   1.4283482170104980E+02   2.8566964340209961E+02 147
H 2 1110100001000111011011010001111100001010010011 F   1.3657730972766876E+02   2.7941213142871857E+02 147
H 3 1110100001000111111011001011010100001010010011 F   1.3387079191207886E+02   2.7670561361312866E+02 147
H 4 1110100001000111011011101011010100001010010011 F   1.2882298395037651E+02   2.7165780565142632E+02 147
RUNG H1 count=4 pool=4
H 1 0111110110010101100101110010011001011101000010 F   1.2423389929533005E+02   2.4846779859066010E+02 322
H 2 0011001011010011111100111111001101011111010001 F   1.2305189853906631E+02   2.4895024415850639E+02 465
H 3 0000110100110010000110110011100100010000001101 F   1.2289511969685555E+02   2.4744591118395329E+02 13
H 4 0100111010110011000010011100001100010110111000 F   1.2267479795217514E+02   2.4637156403064728E+02 440
CASE 9  4.00  0.00  0.00
PAYLOAD 0011011011110111101010001011011000
ZS  1  2.62682855E-01  3.74835253E-01 -1.47326398E+00 -4.65318561E-02 -1.18560112E+00 -1.47260547E+00  5.30420780E-01 -2.27013779E+00
ZS  2 -1.12069905E+00  7.00987935E-01  1.02150893E+00 -2.61230373E+00 -1.53403416E-01 -1.74832940E-02  8.02092195E-01 -1.76305509E+00
ZS  3  1.00552559E+00 -1.37564683E+00  7.78742969E-01 -7.05702484E-01 -4.47348952E-02 -1.40066803E-01 -8.86362374E-01  5.20866334E-01
ZS  4  1.07775378E+00 -1.34210086E+00  6.89752936E-01  6.41125917E-01 -5.99774539E-01  3.47980291E-01 -7.55700469E-02 -9.57244635E-01
ZS  5  1.56973791E+00 -2.20246553E+00 -4.98447269E-01  3.55514228E-01  2.77851433E-01  1.20211124E-01  5.24677515E-01 -5.34182310E-01
ZS  6 -9.35004771E-01  4.95297074E-01  3.06913018E-01 -2.68977821E-01  1.38127685E+00 -4.23074007E-01  1.19665228E-01 -1.65503013E+00
ZS  7 -6.11489534E-01 -3.99465293E-01 -1.16916679E-01  1.30874062E+00  5.88595390E-01  1.14536262E+00  3.09739679E-01 -9.72566962E-01
ZS  8 -6.06044054E-01  9.79372859E-01 -1.10195148E+00 -5.91060460E-01  1.72292471E+00 -1.50706720E+00  1.04497445E+00  2.61173189E-01
ZS  9  1.11002517E+00 -1.33632684E+00  6.89530373E-01  2.99407333E-01  2.83928245E-01  5.30896783E-01 -2.91446477E-01  7.26809740E-01
ZS 10  1.62494481E+00 -1.90241051E+00 -1.56842136E+00  1.54201090E-02  1.25803173E+00  4.72943932E-01  8.98792028E-01 -4.71337229E-01
ZS 11  8.63300204E-01 -5.02736792E-02 -6.67049289E-02  9.88003612E-02  5.06446600E-01 -2.26967484E-01  1.42451024E+00 -1.68007910E-02
ZS 12  2.26031113E+00 -1.31083190E+00  7.44322181E-01  4.33339447E-01  2.74764299E-01 -3.66117239E-01 -5.90670586E-01 -3.78392249E-01
ZS 13  1.53277874E+00  6.44112051E-01  6.56189799E-01 -1.90960675E-01  1.23922431E+00 -5.86234570E-01 -4.46577370E-02 -6.95802927E-01
ZS 14  1.64873600E+00 -1.09663939E+00 -2.08308116E-01  7.49199867E-01 -9.87752914E-01 -9.94133174E-01 -1.30563807E+00  4.98336405E-01
ZS 15 -3.83660108E-01 -1.67061985E-01  5.22484064E-01 -1.82148635E+00  2.03789726E-01  1.50165379E-01  8.63970101E-01 -5.75702071E-01
ZS 16 -1.16902685E+00  2.98242360E-01  9.43302512E-01 -1.17447829E+00  1.78580940E+00 -1.61215723E+00 -4.81881738E-01 -1.82873201E+00
ZS 17  2.64809430E-02 -1.96641281E-01 -1.20401859E+00  1.05913806E+00  8.25667441E-01 -4.35638845E-01  8.06331635E-01 -3.18713933E-01
ZS 18  2.34723479E-01  5.68090916E-01 -6.70660198E-01 -3.57205570E-01  6.80698812E-01  1.39695361E-01  6.52102709E-01 -1.98378336E+00
ZS 19  5.64823568E-01 -1.62851429E+00 -9.15532708E-02 -7.66071677E-01 -6.57331347E-01 -2.82961941E+00  8.21346760E-01 -1.04772896E-02
ZS 20  6.46074533E-01 -5.99357367E-01 -7.08433837E-02  6.70734525E-01  5.57877459E-02  6.57072216E-02  1.48343396E+00 -1.12840581E+00
ZS 21 -4.72119808E-01  4.95145023E-01  2.65228748E-03 -1.21861517E-01  5.24764061E-01  7.97229707E-01 -4.47849303E-01  4.67243493E-02
ZS 22 -4.47307140E-01 -1.16451964E-01 -4.57260758E-01  9.57469165E-01  1.36505270E+00 -1.81383562E+00  5.81995785E-01  7.29593337E-01
ZS 23  9.76859212E-01 -6.62815571E-01 -3.59867960E-01  3.07171941E-01  1.45123386E+00  3.79581451E-01  1.37197948E+00 -2.95060873E-01
ZS 24 -1.86007321E+00  9.73299921E-01  1.65489018E+00 -6.26127481E-01  6.49360955E-01  3.79428595E-01 -4.56837676E-02  9.30208087E-01
ZS 25  9.29304242E-01 -5.16035795E-01  2.08131403E-01  4.13454503E-01  5.91326118E-01 -6.67773783E-01  1.14484298E+00 -2.96082735E-01
ZS 26 -1.00579858E-02 -3.04377735E-01  8.85995269E-01  3.87180537E-01 -5.22444010E-01 -4.14094925E-01  1.80111599E+00 -1.45991099E+00
ZS 27  8.45584512E-01  9.17360425E-01 -2.02265784E-01 -6.25090957E-01  3.64238054E-01 -8.36966455E-01  2.05988550E+00 -3.92624438E-01
ZS 28  1.42004013E-01 -3.65145177E-01  1.02546430E+00  3.46460283E-01  2.37245023E-01 -1.49200273E+00  7.34027743E-01 -1.84302425E+00
ZS 29  5.67652285E-01 -6.41690195E-01 -1.38328671E-02  1.69145092E-01  1.67827353E-01 -1.19414043E+00  5.97624063E-01 -1.37339973E+00
ZS 30  1.46343327E+00 -2.34276438E+00 -4.28864539E-01 -3.45803201E-01 -7.85132110E-01  4.19929326E-02  4.42382842E-02 -3.31285447E-01
ZS 31  1.43525767E+00 -2.36148596E-01 -7.41298139E-01  4.43138510E-01  6.91077292E-01 -2.60795057E-02 -1.16601837E+00 -4.01591450E-01
ZS 32  7.55319834E-01 -1.24919164E+00 -8.93706441E-01  1.81937027E+00 -6.00590467E-01 -6.43604100E-01  1.00293791E+00  3.06597024E-01
ZS 33  3.24952602E-02 -6.25645876E-01  3.39271367E-01  1.61083370E-01 -2.01053023E-01 -8.19891751E-01  3.66955966E-01 -1.07680619E+00
ZS 34  1.50257480E+00  4.52867329E-01  2.05676660E-01 -1.03220510E+00  9.19377804E-01  1.38754487E+00  1.43258542E-01 -1.22054160E+00
ZS 35  1.20810568E+00  1.36734217E-01  7.00054169E-01  9.13019955E-01  1.78679204E+00 -3.00849020E-01  2.93495327E-01 -3.51275951E-01
ZS 36  7.10408390E-02 -1.25449395E+00  5.99706918E-02  2.69765764E-01  9.78724360E-01  1.45573008E+00 -1.27769804E+00  5.24216950E-01
ZS 37  7.78916925E-02  1.27831602E+00 -1.14512467E+00  3.64166468E-01  2.82023340E-01 -7.24249721E-01  1.27186298E-01 -8.14878464E-01
ZS 38 -9.89880264E-01 -6.84476376E-01  6.42567992E-01  2.32955360E+00 -1.89845240E+00  1.06459236E+00  1.97342658E+00 -7.22084701E-01
ZS 39  1.11973852E-01  2.28441522E-01 -2.43747041E-01 -1.11261499E+00 -3.86587739E-01  4.20898348E-01  2.09941053E+00 -1.44409633E+00
ZS 40  1.12698221E+00 -1.91798377E+00 -2.38985419E-02  1.02608621E+00 -1.05664217E+00 -6.88122690E-01  2.65489191E-01 -6.59915686E-01
ZS 41 -6.39842212E-01 -9.28649902E-01 -7.58849382E-01  3.95299345E-01  7.36828983E-01 -1.48202372E+00  1.73691630E+00 -2.28917748E-01
ZS 42  2.09667301E+00 -1.41235757E+00  8.19854379E-01 -1.06872253E-01  1.81461048E+00  1.22732186E+00 -1.14772677E+00 -2.85551906E-01
ZS 43  1.14777315E+00 -1.36425638E+00  6.51656330E-01 -3.34610552E-01 -6.54994488E-01  6.65997207E-01  4.98992831E-01  7.42550790E-02
ZS 44  3.17610621E-01 -7.85789967E-01  1.46075439E+00  3.04091930E-01  2.82360852E-01 -1.36431086E+00  1.15186346E+00  1.69610411E-01
ZS 45  8.17910135E-01  5.76902866E-01  1.55547118E+00 -1.80564559E+00  1.54018819E-01 -8.21203649E-01 -3.49779546E-01  8.22263509E-02
ZS 46 -1.06211972E+00 -4.59827453E-01  3.60097349E-01 -2.59523243E-01  5.15021086E-02 -6.04774237E-01  7.96306729E-02 -4.74102646E-02
ZH  1  7.36430943E-01  1.74026775E+00  1.40261376E+00  1.93270195E+00
ZH  2  1.29829490E+00  2.15224266E+00  9.52003896E-01  1.42843926E+00
ZH  3  1.39776421E+00  1.14526987E+00  1.14905453E+00  9.36166584E-01
ZH  4  1.23075283E+00  7.11559534E-01  1.06316197E+00  1.07336295E+00
ZH  5  1.91640937E+00  5.13602316E-01  1.15176594E+00  1.09843683E+00
ZH  6  9.10340011E-01  4.18115139E-01  1.04959190E+00  1.77157629E+00
ZH  7  9.61211026E-01  9.63028848E-01  1.57354033E+00  9.66265917E-01
ZH  8  8.21251392E-01  1.28745210E+00  1.74363351E+00  1.25058770E+00
ZH  9  1.25436473E+00  7.27153003E-01  8.65619302E-01  1.01486349E+00
ZH 10  2.08577585E+00  1.24120104E+00  1.42709577E+00  1.12932348E+00
ZH 11  6.55687749E-01  5.66216052E-01  4.67611969E-01  1.19916153E+00
ZH 12  2.15917921E+00  1.08604765E+00  6.16773129E-01  8.94244969E-01
ZH 13  1.21909165E+00  6.74589217E-01  1.24842918E+00  7.25642562E-01
ZH 14  2.15325761E+00  8.81139219E-01  9.92711186E-01  9.96809304E-01
ZH 15  1.17637837E+00  1.34628987E+00  1.05226338E+00  1.23497522E+00
ZH 16  1.05921400E+00  1.13471091E+00  1.70371056E+00  1.49255204E+00
ZH 17  4.91245717E-01  1.19133222E+00  9.37015772E-01  6.70262039E-01
ZH 18  7.20973730E-01  8.11921537E-01  8.73302817E-01  1.72689021E+00
ZH 19  1.24427903E+00  1.01920402E+00  2.10085058E+00  7.70486295E-01
ZH 20  1.00272369E+00  5.66811681E-01  2.76361108E-01  1.48114300E+00
ZH 21  8.26599240E-01  2.90694773E-01  7.10275292E-01  5.98174930E-01
ZH 22  8.75339806E-01  1.11120665E+00  1.78630054E+00  1.54217374E+00
ZH 23  8.79121065E-01  1.15046775E+00  1.17287052E+00  1.04074931E+00
ZH 24  1.70036829E+00  1.28466213E+00  9.69619095E-01  6.81182504E-01
ZH 25  1.38792348E+00  4.85123307E-01  1.10651374E+00  1.01781774E+00
ZH 26  2.44325325E-01  9.96829510E-01  7.91233659E-01  1.85058498E+00
ZH 27  9.15392160E-01  1.53457952E+00  7.73606479E-01  1.67296660E+00
ZH 28  5.62652647E-01  1.30142474E+00  1.11427271E+00  1.53508067E+00
ZH 29  8.13065052E-01  7.89577305E-01  9.52939391E-01  1.53921950E+00
ZH 30  2.06548047E+00  5.10602832E-01  9.08162832E-01  5.17113686E-01
ZH 31  1.29640937E+00  1.11376977E+00  8.68906081E-01  9.64680672E-01
ZH 32  1.18584025E+00  1.55478454E+00  1.15154099E+00  7.59482265E-01
ZH 33  1.29841042E+00  1.57366037E+00  9.36406314E-01  1.17027116E+00
ZH 34  1.40181804E+00  8.67773056E-01  1.45986044E+00  1.04159319E+00
ZH 35  1.17804158E+00  1.30103457E+00  1.32177699E+00  1.00587761E+00
ZH 36  1.12215078E+00  8.95944238E-01  1.37099349E+00  1.73448431E+00
ZH 37  1.30708838E+00  1.34221315E+00  5.88655412E-01  1.01427805E+00
ZH 38  1.56196451E+00  2.02873659E+00  1.84629178E+00  1.61288714E+00
ZH 39  7.31963754E-01  1.15596628E+00  1.01511872E+00  1.84391212E+00
ZH 40  1.85650957E+00  9.82335508E-01  9.90688205E-01  1.09541583E+00
ZH 41  9.22147691E-01  6.75240040E-01  1.21194077E+00  1.26142561E+00
ZH 42  1.79684198E+00  6.33383334E-01  1.55883372E+00  1.09678042E+00
ZH 43  1.36598361E+00  5.99294603E-01  1.39636254E+00  8.59391272E-01
ZH 44  1.43257976E+00  1.10446250E+00  1.05638230E+00  1.14165413E+00
ZH 45  7.40015447E-01  1.71509731E+00  1.28932965E+00  4.07435983E-01
ZH 46  1.06028342E+00  5.46236873E-01  9.67643380E-01  5.03312707E-01
DEC T rungs=1 block=1 rank=1 half=F pool=6 metric=  1.6854598432872444E+02
DECPAYLOAD 0011011011110111101010001011011000
RUNG L1 count=4 pool=6
H 1 0011011011110111101010001011011000100101111010 T   1.6854598432872444E+02   3.3709196865744889E+02 378
H 2 0000010010010110010000000111110001111010100100 F   1.6638997265696526E+02   3.3539242547005415E+02 164
H 3 0000101100110101011001101101010000101001010011 F   1.6612360829114914E+02   3.3245395290851593E+02 83
H 4 0011011011110111101010111110111000100101111010 F   1.6571503745857626E+02   3.3426102178730071E+02 378
RUNG L2 count=4 pool=4
H 1 0011011011110111101010001011011000100101111010 T   1.4419431519508362E+02   2.8838863039016724E+02 378
H 2 0011011011110111101000001110111000100101111010 F   1.3533641773462296E+02   2.7953073292970657E+02 378
H 3 0011011011110111101000011001011000100101111010 F   1.3340685738995671E+02   2.7760117258504033E+02 378
H 4 0011011011110111101010101001011000100101111010 F   1.3308060705661774E+02   2.7727492225170135E+02 378
RUNG L4 count=4 pool=4
H 1 0011011011110111101010001011011000100101111010 T   1.3479436278343201E+02   2.6958872556686401E+02 378
H 2 0011011011110111101010101001011000100101111010 F   1.2037041866779327E+02   2.5516478145122528E+02 378
H 3 0011011011110111100010001011011000100101111010 F   1.1871212601661682E+02   2.5350648880004883E+02 378
H 4 0011011011110111101001110101011000100101111010 F   1.1870057702064514E+02   2.5349493980407715E+02 378
RUNG H1 count=4 pool=4
H 1 1101101010100001010010100000011101011001100101 F   1.1257852132618427E+02   2.2638652151077986E+02 101
H 2 0111110100011000101111100110001001100100011100 F   1.1129598945379257E+02   2.2410597594082355E+02 284
H 3 1100101011001001001010101111110101101011101111 F   1.1072102284431458E+02   2.2282065794616938E+02 239
H 4 1000101000010010110111101001101100011000001000 F   1.1070669850707054E+02   2.2381494936347008E+02 8
CASE 10  2.00  0.25  0.00
PAYLOAD 1010101000110011000001110111011101
ZS  1 -6.03078008E-02  1.27687901E-01  9.02950287E-01  9.79457796E-02  2.10419416E+00  1.04945526E-01  4.71569479E-01 -5.83634853E-01
ZS  2  1.16938949E+00  1.40592530E-01 -1.95483878E-01 -4.90116216E-02  4.29252163E-02  6.77133322E-01 -3.26186627E-01 -4.30373937E-01
ZS  3 -9.49350297E-02 -5.11471510E-01  1.40598965E+00  4.41536188E-01  6.87733114E-01  1.41363955E+00  2.41727918E-01 -5.38655221E-01
ZS  4 -5.06635427E-01  1.62484705E+00 -4.32204545E-01  8.56693447E-01 -5.71213007E-01  1.19254291E-02 -1.98637199E+00 -1.20293832E+00
ZS  5 -2.35879749E-01  1.32709742E+00  6.40555203E-01  1.77651191E+00  3.72983575E-01 -7.88903952E-01 -3.13437223E-01  2.99440712E-01
ZS  6  8.99252653E-01  1.24647689E+00  2.87104249E-01 -2.09662020E-01  2.97531426E-01  3.57463062E-01 -1.28993726E+00  3.86616439E-01
ZS  7  3.76527369E-01  3.69497895E-01 -1.67256713E+00  1.61287570E+00 -5.23659229E-01  1.96053362E+00 -8.55838537E-01  1.82674742E+00
ZS  8 -4.98728186E-01  7.99471736E-01  1.43893337E+00 -1.45397857E-01  1.93214035E+00 -3.91273290E-01 -4.41526324E-01  9.14942920E-01
ZS  9 -8.80740523E-01  6.11366272E-01  8.48019421E-01  6.63265824E-01 -9.94451284E-01 -7.37924650E-02  8.35942090E-01 -3.45066607E-01
ZS 10 -1.58408809E+00  1.59910941E+00  8.97292137E-01 -9.51040745E-01 -2.06103161E-01 -1.01090920E+00  3.56146574E-01 -1.41024739E-01
ZS 11 -2.12861449E-01 -3.41338038E-01  1.09177697E+00 -5.26975840E-02 -9.24298584E-01  1.82136640E-01  5.61305463E-01  8.09817433E-01
ZS 12 -1.18104637E+00 -1.75982505E-01 -7.22025573E-01 -3.71091694E-01  2.82985032E-01 -2.05054075E-01  1.10880780E+00 -7.84683287E-01
ZS 13  3.62174541E-01  5.94472766E-01 -6.25506118E-02  1.30709410E-01 -1.09313393E+00  1.30664992E+00 -8.79792511E-01 -2.60600716E-01
ZS 14 -5.33682585E-01 -1.77407181E+00  1.45163432E-01 -1.85939169E+00  3.36844832E-01  6.51500821E-01  1.77716523E-01  6.77881718E-01
ZS 15 -1.43464088E+00 -6.52384162E-01  1.30106664E+00 -1.08352169E-01  4.40680116E-01  7.39656985E-02 -1.14694163E-01 -5.51938534E-01
ZS 16  4.49293852E-01 -2.70697415E-01  5.62164783E-02 -6.48946092E-02 -5.69454134E-02 -9.36719835E-01  4.79452550E-01  3.32844734E-01
ZS 17  3.77190262E-01 -3.54472458E-01 -3.14861953E-01 -2.41727889E-01  1.08154464E+00  2.35701233E-01  6.44323528E-02  3.84496391E-01
ZS 18 -1.14388454E+00 -1.34182310E+00  2.99766660E-04 -8.63969699E-03 -4.81717616E-01  6.87587857E-01 -2.45568380E-01 -6.04422390E-01
ZS 19  5.11433244E-01 -3.94973218E-01 -2.08227232E-01  2.44765729E-01  5.63050985E-01 -7.15637922E-01  7.33112872E-01 -3.42455178E-01
ZS 20  1.40346393E-01 -2.71932185E-02  7.39636123E-02 -1.46338493E-01  2.13334680E-01 -7.78597713E-01  1.27768651E-01 -1.50028855E-01
ZS 21 -4.31041837E-01 -1.26168835E+00  7.68102109E-01  3.93406093E-01  7.58360863E-01 -1.52620602E+00 -7.71340370E-01 -9.73110259E-01
ZS 22  9.35781002E-01  1.22906715E-02  4.51988667E-01  3.90621632E-01 -8.27430725E-01 -1.05672717E-01 -2.82591045E-01  8.48507285E-01
ZS 23  1.74880016E+00  3.39191079E-01  1.82634890E-02 -1.65520763E+00 -1.40127465E-01 -5.80072939E-01 -1.19565821E+00 -1.30334258E-01
ZS 24  1.04155397E+00  1.37812480E-01  2.47895792E-02 -7.90607095E-01 -2.79814303E-01  7.09521055E-01  2.75780112E-01  4.52935517E-01
ZS 25 -5.33069015E-01  1.06909442E+00  5.00349462E-01 -1.30681705E+00 -2.33333975E-01  9.70188320E-01  2.13390326E+00 -5.81176400E-01
ZS 26 -1.01544070E+00 -1.44655097E+00 -2.09026361E+00  5.07306278E-01  5.02416492E-03 -3.28846201E-02  5.67388117E-01 -2.80457854E-01
ZS 27  1.88795185E+00  6.35752559E-01 -1.08921003E+00 -1.02527833E+00  1.01022625E+00  3.39293629E-01 -4.12013352E-01  2.50348926E-01
ZS 28  4.57073361E-01  4.75746512E-01 -8.94358218E-01 -3.41206312E-01  7.81561971E-01  7.87120938E-01  2.87506908E-01  3.06775093E-01
ZS 29  3.20372224E-01 -1.00987935E+00  1.27228129E+00  1.18939090E+00  5.49651742E-01  1.00975204E+00 -6.36719465E-02  9.37711239E-01
ZS 30  4.18995678E-01  8.74477684E-01  2.22536832E-01  8.08727443E-01 -1.36973059E+00 -8.07219446E-02 -1.91788465E-01 -1.60138845E-01
ZS 31  9.52910066E-01  1.44104034E-01 -1.32966384E-01  2.62043715E-01  6.18167222E-02  1.77087754E-01  3.71143341E-01  1.85599244E+00
ZS 32  6.15703464E-01 -7.80162096E-01 -2.39075005E-01  2.35997334E-01  2.63827473E-01  1.80112302E-01 -7.04614967E-02  1.30496788E+00
ZS 33 -5.38003087E-01  8.89775991E-01  4.49730992E-01  3.29228580E-01  6.87337518E-01 -1.48447409E-01  4.93895710E-01  2.31103349E+00
ZS 34 -4.91122574E-01  6.44392431E-01 -4.56176996E-01 -5.42275548E-01  1.07605171E+00  1.53405964E-03  5.41656613E-01  7.82840610E-01
ZS 35  8.42979908E-01  4.07834649E-01 -8.47453475E-01 -2.23632187E-01 -4.88030553E-01  1.00802410E+00 -2.33930731E+00 -5.14090061E-01
ZS 36  9.81028199E-01 -6.40657127E-01  7.70085394E-01  1.33021176E-01  6.18912637E-01  8.30314755E-02  4.23916161E-01  1.12727571E+00
ZS 37 -1.37831855E+00  3.18085968E-01 -1.00532281E+00 -4.56262559E-01 -6.08819008E-01  4.48407501E-01  1.37482357E+00 -1.95720643E-01
ZS 38 -6.91660285E-01  2.01697469E-01  8.54060888E-01  3.99555922E-01 -6.66793466E-01  8.48986089E-01 -9.49895263E-01 -5.01743615E-01
ZS 39  2.43946373E-01  1.05872941E+00 -2.84779310E+00  9.85014796E-01 -1.75087273E-01 -6.39988005E-01 -6.94577157E-01  1.24326396E+00
ZS 40 -1.83201879E-01 -1.72274613E+00 -1.62707627E+00 -1.64622259E+00  5.22662997E-01 -1.92369235E+00 -3.92436475E-01  5.89331865E-01
ZS 41  2.80056179E-01 -2.37481356E-01 -2.99676836E-01  4.50969934E-02 -2.36350751E+00 -1.12624669E+00 -3.61590385E-01 -5.03007531E-01
ZS 42 -2.66114801E-01  6.73554242E-01 -1.15553415E+00 -1.49965179E+00 -1.89016968E-01 -9.69679475E-01 -2.13713065E-01  4.63037938E-02
ZS 43  5.97695708E-01  1.48041058E+00 -7.60136366E-01 -9.85597730E-01 -9.85262036E-01  6.88056111E-01  6.73273385E-01 -6.02569818E-01
ZS 44 -1.37915075E-01  7.47653425E-01  1.55381307E-01 -1.03947759E+00  7.98125982E-01  4.82779920E-01 -4.44623023E-01  1.02443919E-01
ZS 45 -2.18158513E-02 -1.21185029E+00  5.40280938E-01 -8.33950996E-01  1.38038361E+00 -2.16135532E-01  2.38615811E-01 -6.57359242E-01
ZS 46  4.48366582E-01  4.72308636E-01  7.78748631E-01  2.80681491E-01 -4.60291862E-01 -8.60684872E-01  2.99968928E-01 -1.11002970E+00
ZH  1  7.63481855E-01  7.20799088E-01  1.55912280E+00  7.00260580E-01
ZH  2  8.62177074E-01  1.97479010E-01  9.55498457E-01  5.52295804E-01
ZH  3  7.31867075E-01  1.08550477E+00  1.98054290E+00  6.33191407E-01
ZH  4  1.41590977E+00  9.85251367E-01  7.12854326E-01  1.65976655E+00
ZH  5  9.88762200E-01  1.50428998E+00  1.02780378E+00  4.57640797E-01
ZH  6  1.10384667E+00  1.33811235E+00  3.41534644E-01  1.28896117E+00
ZH  7  1.03260994E+00  1.70033288E+00  1.58285761E+00  1.53270733E+00
ZH  8  9.36561227E-01  1.02884185E+00  1.70615458E+00  8.11632812E-01
ZH  9  1.13832247E+00  1.29682326E+00  7.57175386E-01  1.43888474E+00
ZH 10  1.60300362E+00  9.98791933E-01  7.94661641E-01  1.04061198E+00
ZH 11  3.22556108E-01  1.10699832E+00  7.73442924E-01  9.85949397E-01
ZH 12  1.39756870E+00  7.41518676E-01  6.81212664E-01  1.07786286E+00
ZH 13  9.19359863E-01  8.02462101E-01  1.25108862E+00  9.05392945E-01
ZH 14  1.66035426E+00  1.55014598E+00  7.21056879E-01  5.90229213E-01
ZH 15  1.14250386E+00  9.92909193E-01  1.02466822E+00  6.84643567E-01
ZH 16  7.88610935E-01  6.61977410E-01  1.09445620E+00  4.14085746E-01
ZH 17  1.16397166E+00  3.55483383E-01  1.07190979E+00  4.81121212E-01
ZH 18  1.28664398E+00  3.14026356E-01  6.21296763E-01  1.41594410E+00
ZH 19  1.21985471E+00  5.81821620E-01  1.30285513E+00  1.53070843E+00
ZH 20  4.03484702E-01  7.09376335E-01  7.12285519E-01  1.92991316E-01
ZH 21  1.09832323E+00  9.94417012E-01  1.30894208E+00  9.26378131E-01
ZH 22  8.83581042E-01  4.50786859E-01  1.07378006E+00  6.98008835E-01
ZH 23  1.34384203E+00  1.34625602E+00  6.17228687E-01  1.20164287E+00
ZH 24  8.76702011E-01  5.76354206E-01  1.08942950E+00  4.85618979E-01
ZH 25  1.46367431E+00  1.19031835E+00  7.88366318E-01  1.84510720E+00
ZH 26  1.32138956E+00  1.53939426E+00  6.14308596E-01  1.23474824E+00
ZH 27  1.54059446E+00  1.91602373E+00  7.96875954E-01  4.53255773E-01
ZH 28  1.20114279E+00  1.19000041E+00  9.96828675E-01  4.05571163E-01
ZH 29  1.45589828E+00  1.30192041E+00  1.02000296E+00  1.26322365E+00
ZH 30  1.16193211E+00  1.06832182E+00  1.00721061E+00  6.08181417E-01
ZH 31  7.71449745E-01  9.88894582E-01  5.24391115E-01  1.41175663E+00
ZH 32  8.75006795E-01  6.49590194E-01  9.12945688E-01  1.17916429E+00
ZH 33  9.19446826E-01  5.87900698E-01  9.39787507E-01  1.77255607E+00
ZH 34  8.47630560E-01  8.71523261E-01  1.12598932E+00  1.52028549E+00
ZH 35  8.72716367E-01  1.23368013E+00  8.11213374E-01  1.71074069E+00
ZH 36  1.01123691E+00  1.15029609E+00  4.92816567E-01  1.01567543E+00
ZH 37  1.14326251E+00  1.32456863E+00  1.18293548E+00  1.05442417E+00
ZH 38  1.03427708E+00  7.44263530E-01  1.05460417E+00  9.01665449E-01
ZH 39  7.90014267E-01  2.15074372E+00  4.72383976E-01  1.16070616E+00
ZH 40  1.42685175E+00  1.69653261E+00  1.42035913E+00  6.39639735E-01
ZH 41  6.38972938E-01  8.66202295E-01  1.96129918E+00  5.00971973E-01
ZH 42  9.57473695E-01  1.39266407E+00  7.51898706E-01  3.22853267E-01
ZH 43  1.18662310E+00  1.06157112E+00  1.25310385E+00  1.06414270E+00
ZH 44  1.26868033E+00  7.68336713E-01  8.57715905E-01  4.44284678E-01
ZH 45  1.26000118E+00  7.08908498E-01  1.16488850E+00  8.43484819E-01
ZH 46  6.04009748E-01  1.75485039E+00  1.22051859E+00  1.17026079E+00
DEC T rungs=2 block=2 rank=3 half=F pool=6 metric=  8.5636271238327026E+01
DECPAYLOAD 1010101000110011000001110111011101
RUNG L1 count=4 pool=5
H 1 0000111110000110111110110010110000110000101101 F   1.2434368839859962E+02   2.4877413137257099E+02 45
H 2 0011110111101100011001011100000001111011010111 F   1.2418121874704957E+02   2.4836243749409914E+02 215
H 3 1111100010001111111100000011000100101001111001 F   1.2413727268204093E+02   2.5110617397353053E+02 121
H 4 0010011111110000110100000011000100101001111111 F   1.2409679294377565E+02   2.4952515458315611E+02 127
RUNG L2 count=4 pool=6
H 1 0000001000110011000001110111011101100100101011 F   8.6913621753454208E+01   1.7382724350690842E+02 299
H 2 0001100101100111001011010110000100001101010110 F   8.6499030590057373E+01   1.7474210548400879E+02 342
H 3 1010101000110011000001110111011101100100101101 T   8.5636271238327026E+01   1.7478187021613121E+02 301
H 4 1010100000110011000001110111011101100100101101 F   8.5612352132797241E+01   1.7475795111060143E+02 301
RUNG L4 count=4 pool=5
H 1 1010101000110011000001110111011101100100101101 T   6.8195896387100220E+01   1.3639179277420044E+02 301
H 2 1010101000000111111100000101011101100100101101 F   6.5058004796504974E+01   1.3325390118360519E+02 301
H 3 0110000011000000000110100110111001010000010000 F   6.4752490401268005E+01   1.2950498080253601E+02 16
H 4 0110000011000000100101000011100001010000010000 F   6.4552509665489197E+01   1.2930500006675720E+02 16
RUNG H1 count=4 pool=5
H 1 0111101011101000010111001111001001011001000110 F   9.0995678573846817E+01   1.8199135714769363E+02 70
H 2 0100011100101010010110100010011101000000001011 F   9.0977417558431625E+01   1.8333388061821461E+02 11
H 3 0100011100100111010010100010011101000000001011 F   9.0968737188726664E+01   1.8332520024850965E+02 11
H 4 0111101011101000100001001111001001011001000110 F   9.0847714290022850E+01   1.8184339286386967E+02 70
CASE 11  2.00  0.25  0.00
PAYLOAD 1110000101100101101000100101100100
ZS  1 -6.24650836E-01  3.14042866E-02  1.23763815E-01 -1.03196418E+00  2.56926388E-01 -1.69578171E+00 -7.15277791E-01 -6.99329376E-01
ZS  2  7.68109202E-01  3.83342713E-01  6.96571529E-01 -6.04135096E-01 -8.12344670E-01 -1.22067332E+00  5.73167682E-01 -5.57770491E-01
ZS  3 -6.90015256E-01 -8.00651610E-02 -5.61325729E-01  9.32478547E-01  8.01199913E-01  1.76649392E-02  5.36606550E-01 -1.01956320E+00
ZS  4 -1.45922756E+00 -8.61240804E-01  2.69700813E+00  1.82575047E+00  3.86741638E-01  7.42522120E-01  1.53750610E+00 -5.86192250E-01
ZS  5 -1.18619633E+00  2.46027872E-01  1.53869534E+00  9.61224437E-01  2.07572594E-01 -2.19436020E-01  6.17842734E-01 -1.09983933E+00
ZS  6  1.09028906E-01 -1.98214024E-01 -9.38338339E-02 -1.99114561E-01  7.30974674E-01  5.46868324E-01  8.22063982E-01  6.45634055E-01
ZS  7 -3.32888871E-01  8.43499541E-01  1.16886079E+00  4.38421190E-01  4.29736406E-01 -5.09369493E-01  2.33647391E-01  1.19423759E+00
ZS  8 -9.42971349E-01 -6.78545356E-01 -1.28277969E+00  1.31012142E+00 -8.88083994E-01  4.78300601E-02 -1.05998144E-01  1.40971041E+00
ZS  9  8.34452808E-01  8.39824021E-01 -3.91140580E-01  5.20355701E-01  1.22899580E+00  6.68313086E-01  4.21925962E-01  9.76446629E-01
ZS 10 -7.28417188E-02  4.70193744E-01  1.12259376E+00  3.52387607E-01  7.08574295E-01  2.55392045E-02 -8.93334091E-01  2.65370369E+00
ZS 11 -3.54192406E-02 -9.03994620E-01 -4.22199547E-01 -3.42780143E-01 -1.70092368E+00  1.02811646E+00  2.85554677E-01  3.36566716E-01
ZS 12 -1.20239818E+00  3.89658540E-01  1.08994746E+00  5.55836707E-02 -3.66540223E-01  8.31343710E-01  5.92784405E-01  8.48545671E-01
ZS 13 -5.29950023E-01  8.79501045E-01 -8.88769507E-01 -9.46951509E-02  3.33728671E-01 -2.44538546E-01  8.25800300E-02  1.27809465E-01
ZS 14 -1.91001248E+00  1.12740552E+00 -7.20304489E-01  7.53891051E-01  4.85565752E-01  1.89311624E-01 -7.69133270E-01 -1.24501169E-01
ZS 15 -2.48503387E-01 -3.36023927E-01  1.63194656E-01  2.93608099E-01 -7.90317535E-01  1.90182328E-02  7.17473328E-02 -7.37710357E-01
ZS 16 -5.49146950E-01  4.81807888E-02 -1.23273683E+00  2.51156300E-01 -2.22676367E-01  5.45231760E-01 -2.08003163E-01  1.43009591E+00
ZS 17  4.80553329E-01 -3.37890685E-01 -1.26921391E+00  5.35169721E-01 -2.05329284E-01  1.71024740E-01 -1.27484155E+00  1.58797830E-01
ZS 18  6.82324708E-01 -7.73514509E-02 -5.11371851E-01  4.44484413E-01  9.71666217E-01 -3.81427169E-01 -1.15856397E+00 -9.38805878E-01
ZS 19 -4.33855832E-01 -6.74075961E-01  6.25749469E-01 -1.97347248E+00  6.30485892E-01 -6.76434636E-01  5.03573269E-02 -6.96028888E-01
ZS 20  1.25651717E+00 -1.79590082E+00 -1.00477421E+00 -6.93712592E-01 -1.31066367E-01 -8.69681597E-01  9.19371128E-01 -3.59289199E-01
ZS 21 -2.46598914E-01 -6.54691935E-01  2.86082625E-02  5.88768780E-01  7.22626448E-01 -3.52432370E-01 -9.50521648E-01 -1.15160227E+00
ZS 22 -1.11016452E+00  6.29635155E-01  9.88540769E-01 -4.71784830E-01 -4.19105470E-01  1.14804661E+00  1.42180359E+00 -2.98825979E-01
ZS 23  7.30707586E-01 -6.77658737E-01  1.12489009E+00 -9.00378346E-01 -3.73875767E-01 -1.58428586E+00 -1.29710329E+00  1.83088923E+00
ZS 24  1.25896239E+00 -9.00751829E-01  2.13116258E-01  8.19136381E-01 -1.03466320E+00  1.65971816E-02 -1.10766602E+00  2.45597422E-01
ZS 25  5.21800578E-01 -1.88319385E-01 -1.57271683E-01 -9.41697121E-01  7.58856833E-01  3.63579452E-01  1.48617816E+00 -1.69141382E-01
ZS 26  2.80982113E+00  1.82671249E-01  6.16862416E-01  1.59595585E+00 -2.23027945E-01  3.93098772E-01  1.21239853E+00  1.08793318E+00
ZS 27  6.43810391E-01 -7.58465588E-01  2.50572622E-01 -7.41551816E-01  5.25396049E-01 -9.20286715E-01 -5.10004163E-01 -8.46986353E-01
ZS 28  1.99065757E+00  2.95564175E-01  5.40654957E-02 -2.54720449E-01  1.12311661E+00  9.20216262E-01 -1.05664372E-01 -5.12532234E-01
ZS 29 -1.67244720E+00  7.77321577E-01  3.73802841E-01  1.05234301E+00  8.39756370E-01  5.34204662E-01  1.71845388E+00 -2.84834564E-01
ZS 30  1.44325244E+00  2.66355257E-02 -1.75653553E+00  9.61107969E-01  4.20838892E-01  3.57984662E-01  9.79845524E-02 -2.22429141E-01
ZS 31  1.32716024E+00 -7.63045669E-01  1.28983021E+00  2.59618187E+00 -2.49225229E-01  4.42598462E-02  5.70332825E-01 -1.37962353E+00
ZS 32 -4.71277535E-02 -1.11335135E+00  6.29521847E-01  2.66984552E-01 -3.10640484E-01  9.54254925E-01  1.31736529E+00 -4.64776993E-01
ZS 33 -3.91334563E-01  2.50281334E-01 -2.94528231E-02 -1.09523129E+00 -1.39528477E+00  1.11185360E+00  3.67062151E-01  1.73465759E-02
ZS 34  5.81236541E-01 -9.11009669E-01 -9.56213474E-01  1.70069075E+00 -7.46391416E-01 -1.63236648E-01  5.51684141E-01  1.09283805E+00
ZS 35 -1.31994629E+00 -2.62033343E-01 -9.61897373E-01  2.84730196E-01  2.82078445E-01  1.09426332E+00 -1.44644409E-01  4.46999133E-01
ZS 36 -8.11777353E-01  9.43553984E-01 -1.27407551E-01  9.39201176E-01  4.48940098E-02 -2.04424202E-01 -1.33917898E-01  2.52155304E-01
ZS 37  2.48817742E-01  1.08029091E+00  1.12774563E+00  3.89950752E-01 -8.68986249E-01  6.55842066E-01 -8.86858940E-01  1.10492444E+00
ZS 38 -2.93729424E-01  1.57472670E+00 -8.75439703E-01 -2.09952533E-01  3.26722533E-01  5.06902158E-01  1.22890115E+00 -7.49865234E-01
ZS 39  1.05062139E+00 -5.87114692E-03 -9.21327651E-01  9.23597336E-01 -6.89800560E-01  1.46965832E-02  7.22688735E-01 -1.89464256E-01
ZS 40 -2.88502216E+00 -1.79549575E-01 -8.01457226E-01  5.78881502E-01 -2.94340819E-01 -2.79820889E-01  6.13957047E-01 -1.11687219E+00
ZS 41  1.61833119E+00 -5.59195518E-01 -3.41292143E-01 -3.89071882E-01 -3.52739692E-01 -1.03640211E+00  3.18676800E-01  1.14446640E+00
ZS 42  4.86051023E-01 -1.46070898E-01  4.20825690E-01 -3.56889337E-01 -1.46830332E+00 -1.07931805E+00  3.86215448E-01 -3.51575196E-01
ZS 43  3.62433761E-01  1.91882193E-01 -1.46004987E+00 -1.38315976E+00 -6.23925805E-01 -1.31305885E+00 -5.91832697E-01  6.61814034E-01
ZS 44 -6.69286966E-01 -2.07816982E+00  2.31238976E-01 -6.32461786E-01 -4.63009953E-01  6.32170141E-02 -7.07624614E-01  2.94777900E-02
ZS 45 -1.09517360E+00  3.10956985E-01 -7.17968524E-01 -1.72083306E+00 -1.18070684E-01  8.92019749E-01  7.40781665E-01  4.19518828E-01
ZS 46  5.56598842E-01 -2.21968979E-01  1.49962872E-01 -4.98960502E-02 -3.48034501E-03  2.78776973E-01 -9.06591296E-01 -1.12403584E+00
ZH  1  4.56049919E-01  1.03547096E+00  1.44153643E+00  8.76398087E-01
ZH  2  7.36668766E-01  7.71933019E-01  1.14494467E+00  7.86530972E-01
ZH  3  5.09911299E-01  8.60332072E-01  8.77629340E-01  8.25590670E-01
ZH  4  1.49752331E+00  2.43967056E+00  7.72274733E-01  1.31445277E+00
ZH  5  8.85971189E-01  1.34606516E+00  7.34592736E-01  1.11666584E+00
ZH  6  7.33823299E-01  3.01694930E-01  6.62552118E-01  9.10647035E-01
ZH  7  9.84793663E-01  1.42985177E+00  1.13666821E+00  1.17084599E+00
ZH  8  1.31885695E+00  1.47575486E+00  8.52133870E-01  1.05214715E+00
ZH  9  1.15298092E+00  9.56464291E-01  1.21071637E+00  8.20195138E-01
ZH 10  6.23397052E-01  1.28428757E+00  5.86620510E-01  2.10804868E+00
ZH 11  7.88958430E-01  8.25557113E-01  1.62636483E+00  7.39184260E-01
ZH 12  1.12880814E+00  8.93692791E-01  1.29850805E+00  9.53791976E-01
ZH 13  9.55898345E-01  8.74189019E-01  1.15330017E+00  7.20925868E-01
ZH 14  1.58862746E+00  8.40206385E-01  5.65739512E-01  9.41513538E-01
ZH 15  5.24780571E-01  8.12341690E-01  9.71453667E-01  1.11967158E+00
ZH 16  8.49725425E-01  1.11837471E+00  1.25139773E+00  1.07642853E+00
ZH 17  1.06219888E+00  9.86989915E-01  9.92521942E-01  1.61626661E+00
ZH 18  1.76886487E+00  9.44368124E-01  8.96099985E-01  1.08681452E+00
ZH 19  5.87507427E-01  1.54623222E+00  1.02624619E+00  5.69646478E-01
ZH 20  1.60557854E+00  1.38876534E+00  7.52714872E-01  1.28200340E+00
ZH 21  8.56852233E-01  5.83850384E-01  9.49532866E-01  1.25482678E+00
ZH 22  1.10636401E+00  1.05804288E+00  1.03916144E+00  1.17613888E+00
ZH 23  1.02603912E+00  1.11167777E+00  1.39226675E+00  1.92091060E+00
ZH 24  1.44991076E+00  7.21902430E-01  7.75394857E-01  1.26359630E+00
ZH 25  7.39978135E-01  7.92010427E-01  9.19664443E-01  1.07731342E+00
ZH 26  1.99711895E+00  1.39280117E+00  3.89160722E-01  1.36515343E+00
ZH 27  8.71824920E-01  7.49433815E-01  9.49008703E-01  9.23235357E-01
ZH 28  1.59616852E+00  7.00787902E-01  1.29095161E+00  1.41652441E+00
ZH 29  1.35381269E+00  8.63251984E-01  8.41260374E-01  1.32995844E+00
ZH 30  1.12807953E+00  1.56588745E+00  6.30088687E-01  4.74006265E-01
ZH 31  1.25635815E+00  2.06162906E+00  8.97868812E-01  1.15767550E+00
ZH 32  7.88807690E-01  7.92209148E-01  1.01202214E+00  1.00912368E+00
ZH 33  4.57365334E-01  7.98077345E-01  1.35804129E+00  4.83538091E-01
ZH 34  9.86645818E-01  1.61574602E+00  6.29805326E-01  8.87765527E-01
ZH 35  9.89162803E-01  7.32383013E-01  1.15999579E+00  9.51463759E-01
ZH 36  1.00303233E+00  7.88281620E-01  5.31035304E-01  9.95418012E-01
ZH 37  8.41933966E-01  1.58032870E+00  1.22297347E+00  1.25587022E+00
ZH 38  1.29528952E+00  7.27498472E-01  5.07547021E-01  1.07346690E+00
ZH 39  8.14687490E-01  1.02118874E+00  6.49998546E-01  6.75653279E-01
ZH 40  2.14568377E+00  1.14635324E+00  4.97165710E-01  1.45617616E+00
ZH 41  1.21107721E+00  1.44656157E+00  8.57184231E-01  1.05832160E+00
ZH 42  6.48428380E-01  4.56439048E-01  1.36874115E+00  7.23920822E-01
ZH 43  7.80857265E-01  1.57337415E+00  1.11157024E+00  1.12006235E+00
ZH 44  1.73393202E+00  5.32740414E-01  7.83668697E-01  7.11948872E-01
ZH 45  8.47819865E-01  1.96136415E+00  6.92763150E-01  6.46917403E-01
ZH 46  5.68149805E-01  5.96548200E-01  4.12103146E-01  1.21130741E+00
DEC F rungs=4 block=0 rank=0 half=F pool=0 metric= -1.7976931348623157+308
DECPAYLOAD 0000000000000000000000000000000000
RUNG L1 count=3 pool=3
H 1 0100110010111001100001101101100001101101001001 F   1.4154225325584412E+02   2.8445197176933289E+02 329
H 2 1011000111111111110100001110001100010000001110 F   1.3977056558802724E+02   2.8091584400087595E+02 14
H 3 0000011101000000010101110101101101010100011110 F   1.3810561331361532E+02   2.8299277120083570E+02 286
RUNG L2 count=3 pool=3
H 1 0101011111000110100010000001110100001110100001 F   1.0832691711187363E+02   2.1665383422374725E+02 417
H 2 0111101100010111000110110101001001001000110101 F   1.0603602695465088E+02   2.1526943385601044E+02 53
H 3 0101001101001101111010000001110100001110100001 F   1.0476955795288086E+02   2.1309647506475449E+02 417
RUNG L4 count=3 pool=3
H 1 1100110110101001111001100001100100100010010101 F   8.0418164014816284E+01   1.6633836781978607E+02 149
H 2 1000111101110000001010010011100100100010010101 F   7.9244753718376160E+01   1.6516495752334595E+02 149
H 3 1011101110000001011110001111100001000001111101 F   7.8064416587352753E+01   1.5998083704710007E+02 125
RUNG H1 count=4 pool=6
H 1 1110101100010111101111001110101000001100100100 F   9.4621458023786545E+01   1.9042163541913033E+02 292
H 2 1101100000110001000011101101001101010100011110 F   9.4391921997070312E+01   1.9055675908923149E+02 286
H 3 1010111000001000010101100011011000011011000010 F   9.4318789571523666E+01   1.9085873967409134E+02 194
H 4 0100101101111110011101100010110000111110111110 F   9.4032660901546478E+01   1.9028428366035223E+02 446
CASE 12  2.00  0.25  0.00
PAYLOAD 1010000010100011001011100111000000
ZS  1 -6.12247549E-02 -1.41058177E-01 -1.26578975E+00 -4.23786014E-01 -5.23990020E-02 -6.93775058E-01  1.12365857E-01  1.21479362E-01
ZS  2 -5.23686111E-02 -1.85680121E-01 -2.13222980E+00 -1.61525619E+00  7.76098788E-01  7.21130252E-01 -6.13965631E-01 -9.84174728E-01
ZS  3 -2.28043103E+00 -8.95666480E-01 -6.22897148E-01  3.84333730E-01  1.55977106E+00  1.84504017E-01 -1.46027040E+00  1.84512436E-01
ZS  4 -3.96896601E-01 -5.45831323E-01  2.15450168E-01 -1.98439670E+00 -6.73693538E-01  1.13999629E+00 -2.59620875E-01 -1.47884399E-01
ZS  5 -2.32990265E-01  2.27041513E-01  3.23780656E-01  5.92175603E-01  1.01906395E+00  3.59652102E-01  5.86582065E-01 -1.68302798E+00
ZS  6  3.99630249E-01 -2.21949548E-01  1.13777745E+00  1.29080200E+00  2.01043725E-01 -1.48093295E+00  6.95512116E-01 -1.58622324E+00
ZS  7 -4.64182496E-01  8.52145255E-01  1.02152884E+00  4.34444398E-01  1.31176710E-02  3.14100415E-01  2.73655534E-01 -4.43183243E-01
ZS  8 -6.55783534E-01  1.91373676E-01 -4.23045367E-01  7.57290959E-01  1.90935671E+00 -9.71072435E-01 -1.21883154E-02  2.10458666E-01
ZS  9 -2.12063670E+00 -1.61278337E-01  1.05407834E+00 -2.38789821E+00 -5.59115171E-01 -6.20520949E-01 -9.26884353E-01  6.73217654E-01
ZS 10  3.71156126E-01 -8.94866347E-01  1.67189360E+00 -1.52031577E+00  8.35888326E-01  5.55745848E-02  6.70909882E-04 -2.70941257E-01
ZS 11 -3.93222749E-01 -1.70054293E+00  5.93137383E-01  1.89717352E-01  3.18115413E-01  1.14106250E+00 -7.96558917E-01  6.70356035E-01
ZS 12  1.29801244E-01  5.69202900E-01  1.49699485E+00 -1.09247953E-01  2.09782630E-01 -1.39490116E+00 -4.93828505E-01 -4.86633033E-02
ZS 13 -4.78736013E-01 -5.82886696E-01  1.46273756E+00 -7.47906923E-01  2.67031282E-01 -3.75963748E-01 -6.14370167E-01  8.02222252E-01
ZS 14 -8.64487648E-01 -6.98001981E-01  3.47940251E-03  1.06289661E+00  1.75525689E+00  1.04932177E+00  5.76191902E-01  9.71904397E-02
ZS 15  1.33102798E+00 -3.91857445E-01 -3.03915292E-01  2.77972519E-01  1.63428962E-01 -4.24594462E-01  1.79234934E+00  7.79979229E-01
ZS 16  2.28716314E-01  2.63297915E-01  1.10367857E-01 -5.39243817E-02  4.30505931E-01 -3.61726105E-01  2.14389324E-01  3.08048517E-01
ZS 17  1.47744942E+00  3.65817904E-01  6.68721378E-01  2.62087584E-03  3.40729386E-01  1.30299401E+00 -8.77507150E-01 -2.26265460E-01
ZS 18 -2.12703735E-01  1.44501472E+00  5.63099623E-01  2.20151618E-02  6.66448236E-01  6.86534882E-01 -2.17383832E-01 -1.24748492E+00
ZS 19  1.13795424E+00  7.70534396E-01  4.07810926E-01  1.18598378E+00  1.95935696E-01  7.91541100E-01  5.00501454E-01  6.09586298E-01
ZS 20  1.56861514E-01  7.22868800E-01  1.40798926E+00  4.43220615E-01 -1.03653252E+00 -1.10977352E-01 -2.35726804E-01 -6.74243808E-01
ZS 21 -2.61896759E-01  6.90300107E-01 -2.14372501E-01  1.50295126E+00 -9.68238354E-01 -3.01024258E-01  1.25772655E+00 -8.55554640E-02
ZS 22 -1.26363087E+00  8.49908829E-01  3.84953707E-01  2.14084625E-01 -8.22475970E-01  3.59051108E-01  1.51558846E-01  1.75040901E-01
ZS 23 -1.38330758E-01 -5.10441422E-01 -1.52551985E+00  7.23566234E-01 -1.38177097E-01 -2.99964726E-01  5.33561170E-01  5.35417080E-01
ZS 24 -2.40360200E-01 -2.42281377E-01  8.92542183E-01 -7.27314591E-01  1.49282336E-01  4.03978944E-01  6.15915179E-01  6.22680128E-01
ZS 25 -7.50187933E-01  9.00793076E-01 -1.14171743E+00 -1.10248923E+00 -4.54391122E-01  4.32241678E-01  5.28295562E-02 -5.18516064E-01
ZS 26  1.03505111E+00 -8.32769871E-01 -4.69711810E-01 -1.07288167E-01 -1.02051759E+00 -6.64066434E-01 -1.17902446E+00 -1.83849657E+00
ZS 27  2.03739452E+00 -1.82642102E-01  2.04933286E-02  7.56072760E-01 -1.41666222E+00  5.07753849E-01 -1.08565307E+00  2.66569853E-03
ZS 28  1.46682948E-01 -1.46239281E-01 -2.77537078E-01 -1.27805090E+00 -2.46714830E-01  1.44024014E+00 -1.42322838E-01  1.32193160E+00
ZS 29  6.81845784E-01  1.24762845E+00  5.68859100E-01  8.48797560E-02 -1.12586784E+00 -1.40929651E+00 -3.98504972E-01 -1.75848389E+00
ZS 30  4.36081022E-01  7.87775457E-01 -2.91255713E-01 -1.03948903E+00 -6.40318394E-02 -1.18953562E+00  9.75325525E-01  1.34328127E+00
ZS 31  3.41459095E-01  1.69727832E-01 -1.08812940E+00  2.29492515E-01 -3.93193245E-01 -2.12233400E+00  1.10426188E+00  8.60711932E-03
ZS 32 -6.50593281E-01 -7.14894176E-01  1.76150835E+00 -4.29697394E-01 -3.48974168E-01 -5.30622482E-01 -2.98075527E-02  8.45947802E-01
ZS 33  1.21856987E-01 -5.56481779E-01  8.93921703E-02 -4.56020534E-01  1.36219454E+00 -3.46507490E-01  3.50147128E-01  3.62387568E-01
ZS 34 -1.29245782E+00  1.30010343E+00  1.05772030E+00 -1.68600917E-01  4.81622636E-01  1.10556856E-01  4.51946944E-01 -7.74745941E-01
ZS 35 -6.21677876E-01 -2.01628447E-01  1.37531698E+00 -9.83410180E-02  1.96721852E-02 -5.97614408E-01 -2.64371037E-01  1.85174316E-01
ZS 36 -4.77291554E-01  2.33436942E-01  1.55376887E+00 -3.44445765E-01  7.65435874E-01 -1.13075137E+00  2.46931314E-01  1.09596360E+00
ZS 37 -1.20404208E+00 -6.89130306E-01  1.71844876E+00 -1.21939957E+00  7.82669783E-02  2.84250438E-01 -1.98103631E+00  6.08372211E-01
ZS 38 -5.96764088E-01 -3.04996759E-01  9.60191369E-01  1.83415428E-01 -1.20982599E+00 -1.94885731E-01 -6.67275786E-01  1.49776304E+00
ZS 39 -1.41474023E-01  8.89073730E-01 -4.54608679E-01 -6.22779369E-01  4.57119644E-01  9.90559459E-01  8.83875847E-01  1.17184028E-01
ZS 40  8.30491006E-01  2.47085035E-01 -4.65461254E-01 -6.04879260E-01 -2.03320527E+00  2.09125653E-01  3.61226887E-01  1.13692701E+00
ZS 41 -4.05632764E-01 -2.61295617E-01 -1.10447991E+00 -6.09394908E-01  1.92914605E+00  1.91680169E+00  1.24590695E+00 -1.67805821E-01
ZS 42  1.09955490E+00 -1.05279326E+00 -1.72612011E-01 -3.36885780E-01 -2.76354373E-01 -1.20080638E+00  1.09266973E+00  8.72209072E-01
ZS 43  3.18304002E-02 -1.27491802E-01  6.41522586E-01  2.23160997E-01  1.59423739E-01  7.27077007E-01 -1.55534819E-01 -6.74811184E-01
ZS 44  1.52520466E+00  2.17967913E-01  7.48806596E-01 -5.95235825E-03 -3.35025758E-01  2.62290192E+00 -1.59348905E-01  1.42446160E-02
ZS 45 -1.34888458E+00  2.01744890E+00 -5.33653975E-01  4.65458244E-01  2.54502207E-01  2.68249452E-01 -1.49605155E-01 -1.41493416E+00
ZS 46 -6.45390391E-01 -1.02393937E+00  2.75257528E-02  5.94387591E-01 -3.33702296E-01  4.14309025E-01 -7.68592060E-02  8.19983304E-01
ZH  1  6.46799743E-01  1.56727815E+00  6.44719839E-01  3.62843841E-01
ZH  2  6.52755082E-01  1.97199178E+00  9.98756707E-01  9.54653084E-01
ZH  3  1.75827014E+00  2.00316739E+00  1.20196867E+00  1.14317763E+00
ZH  4  1.05631590E+00  1.43500197E+00  9.97174025E-01  6.14306867E-01
ZH  5  5.75025260E-01  9.56341207E-01  8.63333941E-01  1.41892195E+00
ZH  6  1.32704425E+00  1.25307310E+00  1.08355641E+00  1.32355165E+00
ZH  7  9.17274952E-01  8.55350077E-01  8.24417233E-01  7.09986866E-01
ZH  8  4.97421920E-01  7.49437332E-01  1.58527172E+00  8.48270416E-01
ZH  9  1.83628881E+00  1.87812948E+00  1.04389727E+00  1.35257280E+00
ZH 10  7.87319243E-01  2.07209420E+00  6.75264239E-01  8.09988081E-01
ZH 11  1.57587743E+00  1.09027815E+00  1.01787090E+00  1.83638036E+00
ZH 12  7.80483842E-01  1.20373118E+00  1.14186466E+00  5.74635744E-01
ZH 13  1.03095138E+00  1.31589639E+00  9.51011300E-01  1.65492654E+00
ZH 14  1.16628683E+00  1.12576735E+00  1.68307769E+00  7.59998143E-01
ZH 15  1.16705990E+00  1.02732766E+00  9.97580349E-01  1.91717887E+00
ZH 16  1.01969934E+00  2.69567430E-01  4.32224214E-01  7.46696591E-01
ZH 17  1.34642386E+00  1.00589395E+00  1.29825842E+00  8.84856582E-01
ZH 18  1.11741543E+00  8.62474382E-01  7.31925964E-01  1.48414040E+00
ZH 19  9.99354243E-01  9.33645070E-01  6.82964623E-01  1.28710485E+00
ZH 20  8.05424273E-01  1.16337883E+00  1.09918821E+00  8.15575659E-01
ZH 21  8.41064692E-01  1.31529927E+00  1.13429677E+00  1.00482011E+00
ZH 22  1.08171833E+00  7.25174248E-01  7.64051139E-01  6.38961494E-01
ZH 23  6.66865945E-01  1.22702897E+00  5.11688769E-01  8.84880722E-01
ZH 24  1.38768888E+00  1.11097658E+00  6.38062477E-01  1.26541555E+00
ZH 25  1.53746986E+00  1.51353920E+00  5.07378578E-01  4.41758335E-01
ZH 26  9.76468384E-01  4.05490994E-01  1.03241730E+00  1.55913019E+00
ZH 27  1.52488160E+00  8.77919734E-01  1.53034735E+00  9.87344444E-01
ZH 28  7.49147832E-01  1.03920245E+00  1.17692399E+00  9.55884695E-01
ZH 29  1.24252999E+00  1.11841440E+00  1.30022490E+00  1.37824559E+00
ZH 30  7.79425859E-01  7.88728356E-01  8.45680594E-01  1.22219217E+00
ZH 31  3.08344036E-01  1.03467834E+00  1.61670721E+00  1.04085004E+00
ZH 32  1.05749607E+00  1.54268491E+00  7.31529593E-01  8.32283139E-01
ZH 33  8.59873533E-01  3.61392587E-01  1.06099236E+00  5.55909276E-01
ZH 34  1.68922889E+00  1.03819585E+00  7.65225351E-01  9.19844151E-01
ZH 35  9.08465147E-01  1.22105610E+00  6.56077385E-01  5.78048170E-01
ZH 36  1.03334451E+00  1.52714479E+00  1.12795067E+00  9.46498871E-01
ZH 37  1.38874102E+00  1.80471146E+00  1.15428209E+00  1.51176322E+00
ZH 38  7.59951770E-01  8.59886587E-01  8.79304528E-01  1.28945315E+00
ZH 39  6.78053439E-01  5.96583188E-01  8.33384931E-01  6.33479595E-01
ZH 40  1.08489382E+00  6.85590029E-01  1.51436174E+00  1.29420710E+00
ZH 41  7.41004944E-01  1.05989516E+00  1.93885243E+00  1.09508049E+00
ZH 42  1.10389149E+00  1.10534286E+00  9.08339500E-01  1.26700473E+00
ZH 43  6.00122631E-01  6.65822268E-01  1.16443539E+00  6.74295366E-01
ZH 44  1.10396707E+00  9.88781869E-01  1.93588638E+00  9.95446920E-01
ZH 45  1.73675430E+00  5.62084734E-01  8.06594014E-01  1.03386974E+00
ZH 46  9.24978197E-01  4.24386710E-01  4.07491863E-01  1.27135754E+00
DEC F rungs=4 block=0 rank=0 half=F pool=0 metric= -1.7976931348623157+308
DECPAYLOAD 0000000000000000000000000000000000
RUNG L1 count=4 pool=4
H 1 1001011001110110100010111100010101111101011100 F   1.3775032912194729E+02   2.7550065824389458E+02 348
H 2 1100001001111111101111110011001001011101000111 F   1.3417471125721931E+02   2.7328067271411419E+02 327
H 3 1001011001110110000110001001000101111101011100 F   1.3415071828663349E+02   2.7190104740858078E+02 348
H 4 1001011001010110100010111100010101111101011100 F   1.3384126499295235E+02   2.7159159411489964E+02 348
RUNG L2 count=4 pool=4
H 1 1101000000101010101101000010010000110110011011 F   9.9357528120279312E+01   1.9871864357590675E+02 411
H 2 1101000000100000001000111110110000110110011011 F   9.8413680255413055E+01   1.9777479571104050E+02 411
H 3 0011000111001110011001111001111000100010100110 F   9.8285890102386475E+01   1.9865339577198029E+02 166
H 4 1001101111001001000100011011111001001011011101 F   9.7503758668899536E+01   2.0057870554924011E+02 221
RUNG L4 count=4 pool=5
H 1 1101000000101011110010110000111000110110011011 F   8.2115796327590942E+01   1.6776290655136108E+02 411
H 2 1101000000100100100011000010010000110110011011 F   8.1685321807861328E+01   1.6733243203163147E+02 411
H 3 0000100010010011001111110110101101001111110010 F   8.1533546507358551E+01   1.6562842804193497E+02 498
H 4 0101110010011110100010111110101001000100110101 F   8.1471476316452026E+01   1.6852023363113403E+02 309
RUNG H1 count=3 pool=3
H 1 1011101111111100101000111010100000101101001110 F   9.5388628900051117E+01   1.9280435645580292E+02 334
H 2 1100000001111001100001010000000000111111000100 F   9.4274699971079826E+01   1.9081192265450954E+02 452
H 3 0011011101010010001101110011001001011011110000 F   9.3479927763342857E+01   1.8874938096106052E+02 240
CASE 13  4.00  0.25  0.00
PAYLOAD 0001111101111000110001001011011100
ZS  1  7.31862664E-01  8.84079576E-01 -1.74117780E+00  1.04900122E+00 -5.77678859E-01  1.70180798E+00  3.31956089E-01  2.92650253E-01
ZS  2  9.36619937E-01  1.02412677E+00 -1.15936446E+00  5.10182202E-01 -7.84012556E-01  2.78400511E-01 -8.20782781E-03  3.73641938E-01
ZS  3 -6.24380827E-01  9.93437350E-01  1.28400302E+00 -3.41805577E-01 -3.16038430E-01  2.44103551E-01 -1.27409947E+00  9.85557735E-02
ZS  4 -4.62293208E-01  1.77409875E+00  1.15667796E+00 -1.69036075E-01 -7.00398326E-01  1.47925282E+00  4.93979573E-01  4.52023387E-01
ZS  5 -1.00473833E+00  2.84668356E-01  1.91946313E-01  4.93095517E-02  9.51883435E-01 -9.31440517E-02 -1.08264399E+00 -7.31086731E-01
ZS  6 -9.33079839E-01 -4.43150461E-01 -1.04792988E+00  4.38178807E-01  1.57103598E-01  8.65709186E-01  2.60392934E-01 -8.20504725E-02
ZS  7 -7.36028075E-01 -5.57275593E-01  3.07754904E-01 -4.09419954E-01  6.22338653E-02 -9.40842628E-02 -1.71446800E+00  4.76740599E-01
ZS  8 -1.62063098E+00  2.51926541E-01 -5.55439353E-01  7.11755395E-01  4.56283152E-01 -1.31073035E-02  7.20745146E-01 -5.06924450E-01
ZS  9 -9.01345611E-01 -6.52150869E-01 -6.67182386E-01 -8.09149742E-02  2.38839149E-01 -1.07560146E+00 -3.07101011E-01  2.46829689E-02
ZS 10 -6.66034937E-01  1.02077234E+00 -8.91877636E-02 -1.24190533E+00 -5.59011221E-01 -1.53173059E-01 -9.24123883E-01 -2.38608718E+00
ZS 11 -8.69140863E-01 -3.91473264E-01 -1.26219904E+00  9.74546134E-01  9.52564478E-02 -2.46888429E-01 -4.47325528E-01 -5.49282849E-01
ZS 12  2.13441581E-01 -4.02320027E-01 -9.79857326E-01 -1.89807534E+00 -4.82590437E-01 -5.31096458E-01  5.50673664E-01 -8.52633715E-02
ZS 13  1.45021713E+00 -1.17049706E+00  7.64322937E-01 -2.26001158E-01 -5.93325377E-01 -2.02226043E+00 -2.39527106E-01 -6.23737693E-01
ZS 14 -1.40098882E+00 -3.59076053E-01 -6.95840359E-01  1.06313539E+00  1.78404522E+00 -6.28172219E-01  1.57589388E+00 -1.25574148E+00
ZS 15  1.92900681E+00 -7.55380630E-01 -7.89148927E-01 -5.54503798E-02 -8.28342438E-01  1.46010494E+00 -1.42257464E+00 -8.34886655E-02
ZS 16  6.90904796E-01 -9.60862696E-01 -3.64093244E-01  6.51736617E-01 -5.47805130E-01  8.53156820E-02 -1.26908076E+00  1.24441981E+00
ZS 17 -2.04846621E-01 -5.74456871E-01  1.15627229E-01 -7.88984537E-01 -5.72068810E-01 -6.76079690E-01  2.20807743E+00  1.00659907E-01
ZS 18  1.28321099E+00  5.28064370E-01  3.99270445E-01 -3.42251301E-01 -9.92885232E-01 -4.49598461E-01 -1.92644000E-01 -3.38333189E-01
ZS 19  6.55491471E-01  2.53656149E-01  7.24036038E-01 -1.28424704E-01  3.54977310E-01  5.96028268E-01 -8.77170563E-01 -4.13217813E-01
ZS 20  3.71414423E-01 -6.57822132E-01  6.35167599E-01  1.13505530E+00  2.12474674E-01  2.49485388E-01  1.37485600E+00 -8.15597236E-01
ZS 21  2.77890778E+00  2.19774961E+00 -9.70465243E-01 -6.60720706E-01 -9.66920853E-02  3.17782789E-01 -6.01220429E-01  6.10615373E-01
ZS 22  2.26964206E-02 -5.20887792E-01  1.05518711E+00  3.81428063E-01 -1.00996292E+00  5.39468050E-01  2.19541922E-01  1.21097410E+00
ZS 23  1.69768974E-01  1.49869728E+00 -8.95988196E-02  7.83531487E-01  1.80224454E+00 -2.08685517E-01  2.04308295E+00  1.58117211E+00
ZS 24  1.09385572E-01  1.21838403E+00 -1.07118353E-01  6.29887462E-01 -7.48959303E-01 -1.16234708E+00 -2.09516525E-01  6.02676570E-02
ZS 25  1.07861388E+00  8.67885828E-01  6.11697614E-01  6.03348136E-01  8.55352640E-01  7.84604549E-01 -1.26396179E+00  1.81654572E+00
ZS 26  9.59651843E-02 -6.27971113E-01 -5.56135952E-01 -1.09688830E+00  1.85930729E-03 -5.56012928E-01 -7.58426785E-01  1.05380309E+00
ZS 27 -2.19738865E+00  4.07380760E-01  5.01181662E-01  1.20069945E+00 -6.51240230E-01  8.22395802E-01  5.32686114E-01  2.04523206E-02
ZS 28  3.04401249E-01  7.13841766E-02 -3.34861815E-01  2.06101805E-01  4.48266268E-01  7.43937075E-01 -1.80838794E-01  4.50314552E-01
ZS 29 -5.87939084E-01  1.04997635E+00 -5.70791841E-01 -5.01720846E-01 -2.18364286E+00  1.17897153E+00  7.21766174E-01  1.40466523E+00
ZS 30 -3.29503864E-01 -1.15152287E+00  8.18485856E-01 -1.61173248E+00  3.60170305E-02  9.88025427E-01 -8.95494640E-01  6.71011269E-01
ZS 31 -1.27168524E+00  1.99807435E-01  1.13658845E+00  3.62731397E-01 -1.67833292E+00  9.08630416E-02 -4.17345375E-01  5.28016210E-01
ZS 32 -3.28127235E-01 -1.71858758E-01  3.76327902E-01  4.23837841E-01 -6.16110682E-01 -3.55121791E-01  3.10326129E-01  3.12804878E-01
ZS 33 -3.82356763E-01 -5.61400652E-01  5.41371763E-01 -6.63304687E-01  5.15379786E-01 -3.10744584E-01  6.22330844E-01  9.75679159E-01
ZS 34 -5.53900957E-01 -5.60509562E-01 -2.79725671E-01 -1.12850368E+00  1.44194663E-01  6.79563105E-01  4.82669920E-01 -3.37841213E-01
ZS 35 -3.12371731E-01  2.14544296E-01  6.67242408E-02  4.17014152E-01 -1.18148780E+00 -1.92659926E+00 -1.01597357E+00 -2.80548036E-01
ZS 36  3.71768564E-01  1.33476675E-01 -7.98918843E-01 -9.90833998E-01  3.12972814E-01  2.69613385E-01  6.39610469E-01 -5.42787075E-01
ZS 37 -2.08576247E-01 -7.84273624E-01  2.34260142E-01 -1.61108327E+00 -9.07925606E-01 -5.61374664E-01 -1.08356965E+00 -5.11263013E-01
ZS 38 -1.65634900E-01  5.61872572E-02 -9.76680338E-01 -5.68588912E-01  5.64204156E-01 -2.16377115E+00 -8.43059242E-01  8.55023503E-01
ZS 39 -8.12919855E-01 -1.85925412E+00  1.65641785E+00 -1.55253232E-01 -5.37670851E-01 -1.87974781E-01 -7.44757056E-01 -9.98281240E-01
ZS 40 -2.65388221E-01 -9.51394618E-01  8.55424702E-02 -1.46818447E+00 -3.72871697E-01 -8.96592617E-01  1.83883882E+00 -7.53195584E-01
ZS 41  3.35185409E-01 -1.92339212E-01 -2.08854169E-01 -1.21553051E+00  1.51679724E-01  4.13671792E-01 -1.63764909E-01  1.30639315E-01
ZS 42 -5.45441508E-01  8.27157617E-01  4.02839035E-02 -5.60220361E-01  1.67001700E+00 -4.09285277E-01  1.27935484E-01 -1.44508648E+00
ZS 43  7.26875782E-01  5.44509590E-01 -2.22876146E-01  3.92688394E-01  2.52122164E+00 -9.97015238E-01  6.37897491E-01  1.00233936E+00
ZS 44  4.55280870E-01 -3.39706957E-01  1.72991967E+00 -7.19682813E-01 -1.32468820E+00 -1.32533467E+00 -3.62982184E-01 -7.18660951E-02
ZS 45 -8.62178326E-01  7.40026087E-02  2.49953127E+00  6.34943008E-01 -2.25947976E-01  3.88506085E-01  6.11466765E-01  9.10040021E-01
ZS 46  5.64123809E-01 -1.57215625E-01  1.29058707E+00 -4.18670505E-01 -9.94044542E-02  5.23221850E-01  8.71906221E-01  2.44541168E-01
ZH  1  9.60601389E-01  1.53794229E+00  1.36252356E+00  8.94901931E-01
ZH  2  1.06985867E+00  1.51381123E+00  8.15121055E-01  6.95641398E-01
ZH  3  1.27173710E+00  1.00817251E+00  4.87011671E-01  1.20227802E+00
ZH  4  1.38546622E+00  9.26158428E-01  1.66110194E+00  4.91598219E-01
ZH  5  7.65164375E-01  3.11573982E-01  1.02724683E+00  1.24048662E+00
ZH  6  1.38039398E+00  8.68339539E-01  1.24839973E+00  6.53665602E-01
ZH  7  7.12517023E-01  5.64417839E-01  1.11846864E-01  1.59565163E+00
ZH  8  1.46327484E+00  7.58422136E-01  3.39564830E-01  7.47754633E-01
ZH  9  8.32711041E-01  8.98149192E-01  9.87197042E-01  2.90718496E-01
ZH 10  1.19784105E+00  9.89198029E-01  9.14086401E-01  2.17644858E+00
ZH 11  1.21129823E+00  1.20125961E+00  5.72991371E-01  5.73835850E-01
ZH 12  7.36770093E-01  1.64214277E+00  1.49404812E+00  5.72158515E-01
ZH 13  1.61967671E+00  6.85311794E-01  1.49291384E+00  9.74068820E-01
ZH 14  1.23825526E+00  1.22700870E+00  1.34977317E+00  1.49258685E+00
ZH 15  1.48528636E+00  1.18259430E+00  1.21595776E+00  1.68949950E+00
ZH 16  8.98701191E-01  1.05938983E+00  4.08112437E-01  1.72116852E+00
ZH 17  7.92338490E-01  8.82295132E-01  6.98952496E-01  1.65894246E+00
ZH 18  1.88780677E+00  7.50459671E-01  1.04008722E+00  1.28230810E+00
ZH 19  9.19227779E-01  5.94648480E-01  7.58875132E-01  1.15548456E+00
ZH 20  8.22599888E-01  1.29103458E+00  6.04093790E-01  1.31022370E+00
ZH 21  2.59958911E+00  1.28315151E+00  7.94466257E-01  6.73008442E-01
ZH 22  4.78993028E-01  8.29715848E-01  9.01220500E-01  9.57401931E-01
ZH 23  1.08018804E+00  9.04087663E-01  1.40111196E+00  1.97891617E+00
ZH 24  1.12921929E+00  6.00442529E-01  1.11802065E+00  5.59712648E-01
ZH 25  1.32246959E+00  7.73294985E-01  1.44783974E+00  1.56648493E+00
ZH 26  1.09677017E+00  1.12502205E+00  7.97409415E-01  1.09578824E+00
ZH 27  1.63379776E+00  1.14745402E+00  7.91419983E-01  8.48245144E-01
ZH 28  4.32281911E-01  8.44650865E-01  7.55079329E-01  3.58687729E-01
ZH 29  9.78514314E-01  1.15928519E+00  1.76758420E+00  1.41749609E+00
ZH 30  1.13417184E+00  1.60768485E+00  1.21045041E+00  8.10430527E-01
ZH 31  1.26344585E+00  1.40038681E+00  1.25969815E+00  5.95277190E-01
ZH 32  9.28201139E-01  6.75116718E-01  1.02544641E+00  7.13329017E-01
ZH 33  5.51485121E-01  8.64408851E-01  7.70077407E-01  8.83411884E-01
ZH 34  1.05520320E+00  1.06203830E+00  1.19910395E+00  5.81312597E-01
ZH 35  6.99821591E-01  1.47066450E+00  1.79037535E+00  7.54989326E-01
ZH 36  1.25566244E+00  1.14494157E+00  1.07228899E+00  6.00529313E-01
ZH 37  7.14264452E-01  1.23748112E+00  9.77292359E-01  1.12660599E+00
ZH 38  5.80851495E-01  9.58122790E-01  1.65417385E+00  1.05481112E+00
ZH 39  1.56226075E+00  1.51821315E+00  5.41900575E-01  1.25618923E+00
ZH 40  1.51521385E+00  1.26963234E+00  8.43268514E-01  1.50987494E+00
ZH 41  6.43391550E-01  1.14847672E+00  8.59651744E-01  4.82500970E-01
ZH 42  7.70623326E-01  5.36780119E-01  1.55172658E+00  1.03219712E+00
ZH 43  1.05960953E+00  3.68532687E-01  2.14309478E+00  1.18763697E+00
ZH 44  9.26408052E-01  1.63228738E+00  1.72934330E+00  1.06003869E+00
ZH 45  9.29349780E-01  2.10858226E+00  7.71005809E-01  7.77653456E-01
ZH 46  4.27532226E-01  1.23541522E+00  7.17967391E-01  7.73789108E-01
DEC T rungs=2 block=2 rank=1 half=F pool=4 metric=  1.1771887099742889E+02
DECPAYLOAD 0001111101111000110001001011011100
RUNG L1 count=3 pool=3
H 1 0001010001000011100100001011111000001110011001 F   1.4625673463940620E+02   2.9422973307967186E+02 409
H 2 1111000001000011100100001011111000011001000001 F   1.4204081711173058E+02   2.8832892529666424E+02 65
H 3 0011011101101000011100111011100101101100011010 F   1.4157668235898018E+02   2.9075103211402893E+02 282
RUNG L2 count=4 pool=4
H 1 0001111101111000110001001011011100111011001000 T   1.1771887099742889E+02   2.3543774199485779E+02 200
H 2 0001111101111000110001001011010101110011001000 F   1.1103273995965719E+02   2.2875161095708609E+02 200
H 3 0001111101111000110001001011011100111010100001 F   1.1084791129827499E+02   2.2744131243228912E+02 161
H 4 1001011101111000110001001011011100111010100000 F   1.1006935452669859E+02   2.2627813376486301E+02 160
RUNG L4 count=2 pool=2
H 1 0001111101111000110001001011011100111011001000 T   1.0953633213043213E+02   2.1907266426086426E+02 200
H 2 0101111101111000110001001011011100111011001000 F   9.5881671860814095E+01   2.0541800399124622E+02 200
RUNG H1 count=4 pool=5
H 1 1110110011100010111101100010000001001110010010 F   1.0238276016712189E+02   2.0476552033424377E+02 402
H 2 1110110011100010101101001111101101001110010010 F   1.0215871235728264E+02   2.0454147252440453E+02 402
H 3 1101100101111110010110011010101100100100110011 F   1.0201937022805214E+02   2.0574968239665031E+02 307
H 4 1110110011100010101100100010000001001110010010 F   1.0155528350174427E+02   2.0393804366886616E+02 402
CASE 14  4.00  0.25  0.00
PAYLOAD 1111110101010101101100111100000101
ZS  1  1.37775683E+00 -1.26958466E+00  3.26482475E-01  8.86331201E-02  9.96378183E-01  7.18466282E-01  5.41592240E-01  1.36083555E+00
ZS  2  3.29385430E-01 -7.62978613E-01  1.15781081E+00  1.71316564E-01 -6.30345821E-01 -1.45958757E+00  2.40006894E-01  9.47331190E-01
ZS  3  8.65040302E-01  1.97691548E+00  5.13154864E-01 -1.91501975E+00 -3.65001559E-01 -5.24317384E-01  4.81187999E-01 -4.54818279E-01
ZS  4 -3.26298356E-01  2.10527003E-01 -1.30340791E+00 -7.22449273E-02  3.22376311E-01 -1.55582309E+00  8.11920047E-01 -2.98508108E-02
ZS  5  1.36126742E-01  1.14577413E+00  6.48362994E-01  3.62131625E-01  4.51065034E-01  5.61400115E-01  4.92183924E-01 -1.31284893E+00
ZS  6  4.10158962E-01 -6.56465650E-01 -7.01165199E-01 -8.88530016E-02  1.56751156E-01 -6.30828083E-01  2.61926460E+00  1.04760265E+00
ZS  7  1.11724186E+00  1.93711102E+00 -1.75338179E-01 -8.55768472E-03  1.69984257E+00  4.98423308E-01  4.65912431E-01 -5.54833710E-01
ZS  8 -3.27032089E-01  9.30970348E-03 -2.68685251E-01 -1.48966581E-01  6.81974769E-01  2.71103811E+00 -1.36357918E-01 -2.93920636E-02
ZS  9 -3.72443974E-01  1.78021401E-01  4.28121924E-01 -8.16899180E-01  3.07384953E-02  6.81719422E-01  1.99767327E+00  2.46187496E+00
ZS 10 -9.79945511E-02  2.55332875E+00 -1.82788804E-01  4.58763480E-01  7.68550783E-02  9.98217642E-01 -5.98897517E-01 -2.94998288E-02
ZS 11  1.66751957E+00  2.53090620E+00  1.99643970E-01  9.58000124E-02 -3.55398893E-01  1.20523179E+00 -8.04817319E-01  2.90879130E-01
ZS 12  3.71969402E-01 -1.62265569E-01  3.40313703E-01  1.83188319E-02 -1.12956405E+00  2.32123518E+00 -9.44090411E-02 -1.86028540E-01
ZS 13  2.60784328E-01 -1.29786301E+00 -8.39406848E-02 -6.51935279E-01 -3.35997343E-01  1.52942121E+00  2.64676511E-02 -1.03554440E+00
ZS 14  1.24068594E+00 -2.14979142E-01 -2.39753276E-01  5.52264214E-01 -3.30176950E-03  2.37864375E-01 -1.83362150E+00  1.50549620E-01
ZS 15  8.81773949E-01  3.90467525E-01  7.62842774E-01  9.15118456E-02  5.82269549E-01  1.92365199E-01 -7.43946195E-01  1.78350639E+00
ZS 16 -3.47028375E-02  1.18635941E+00  1.00200629E+00  4.04989481E-01  1.83898211E-03  5.64364314E-01 -1.03418589E+00 -6.22927547E-01
ZS 17  6.86909556E-01 -4.73695070E-01 -1.22039247E+00  1.25614190E+00  2.42045522E-01 -5.83243430E-01  9.51290667E-01 -2.43637204E-01
ZS 18 -5.17229557E-01 -1.52275860E+00 -1.25584054E+00 -2.27840722E-01  1.00478955E-01 -1.93556130E-01 -3.22519451E-01  1.65756154E+00
ZS 19 -2.06036448E+00 -3.62513006E-01  3.43768299E-01 -2.33588770E-01  1.39801991E+00 -4.68010813E-01  6.45810783E-01 -3.33840072E-01
ZS 20  3.98444831E-01  8.13567877E-01 -1.74517798E+00 -8.61676693E-01 -5.02245307E-01 -4.56699163E-01  5.79235017E-01 -4.16017801E-01
ZS 21  1.45976138E+00 -2.43572742E-01 -5.68327487E-01  7.12501526E-01 -1.72527015E+00 -1.24516141E+00 -6.32961035E-01 -4.69536260E-02
ZS 22  1.21900216E-01  8.29901159E-01 -5.37292898E-01 -1.77146602E+00  2.14648485E-01 -1.06661761E+00  3.32457751E-01 -6.31954491E-01
ZS 23 -2.41762429E-01  3.39249879E-01  4.31512296E-01 -1.54287553E+00  5.02982616E-01  4.09765869E-01 -2.75254607E-01 -4.15524781E-01
ZS 24  2.78988928E-01 -4.72004831E-01  1.30686253E-01 -6.97034121E-01 -1.96377724E-01 -1.86919972E-01  1.10900789E-01 -6.13693953E-01
ZS 25  6.25993609E-01 -1.63369858E+00 -6.30539119E-01  2.01003432E-01 -8.50435376E-01  8.04724038E-01  1.22711408E+00 -1.62327576E+00
ZS 26 -6.69856787E-01  6.89537823E-02  4.41735208E-01  8.21341813E-01 -1.82773292E-01 -3.67013395E-01  1.26374841E+00 -1.44207895E+00
ZS 27 -3.63380343E-01  1.13808858E+00 -9.93070126E-01 -4.71429586E-01  3.83830070E-02  2.44838309E+00  6.18150234E-01 -1.04286695E+00
ZS 28  1.59610438E+00 -1.30517733E+00 -2.19153851E-01  2.22341672E-01 -6.08366251E-01  1.17116261E+00 -1.11343473E-01 -1.08206010E+00
ZS 29 -1.44790024E-01  3.30837071E-02  8.66470337E-02 -1.28008723E+00 -1.19756170E-01  8.27315092E-01  3.68074179E-02  9.60709691E-01
ZS 30  5.04409432E-01 -1.27065718E-01  8.39171827E-01 -2.33470559E-01  3.15714538E-01  4.46631461E-01  1.99689102E+00 -9.21224952E-01
ZS 31  8.71019542E-01 -9.85558704E-02  2.38850069E+00  3.83355677E-01  6.46007538E-01 -3.36020768E-01  7.87638664E-01 -7.66941845E-01
ZS 32 -2.65504926E-01  4.56156194E-01  9.95109916E-01  1.24285936E+00 -3.14074755E-03 -1.05622554E+00  7.76379764E-01  1.78935730E+00
ZS 33  2.47442579E+00  1.53821945E+00 -4.53735664E-02  1.75241500E-01  6.82528973E-01  9.07034650E-02  6.18785918E-01  6.39553308E-01
ZS 34 -2.30904937E-01 -8.96882117E-02  1.42754865E+00  6.36845827E-01 -1.61422908E+00 -1.83997363E-01  1.10827482E+00  1.02085125E+00
ZS 35 -3.23363423E-01 -4.99591887E-01  4.90323722E-01  1.23586488E+00 -2.78062373E-02 -2.42350072E-01 -3.04861903E-01 -6.25497103E-03
ZS 36 -5.04751861E-01 -4.88666892E-02  9.85772252E-01  1.84162903E+00 -6.91718698E-01  4.41431701E-02  8.32571924E-01 -2.65693903E-01
ZS 37  7.25058436E-01  1.88207245E+00 -3.05248469E-01 -2.23129049E-01  2.06307769E-01 -4.57472503E-01  2.78514236E-01  1.07407057E+00
ZS 38  3.70742977E-01  4.04199719E-01  2.78967261E-01  6.76012874E-01  1.29764348E-01  1.50006950E+00  1.32229954E-01 -7.00137913E-01
ZS 39 -7.67250896E-01  2.24217701E+00 -2.68634558E-02  4.72076029E-01 -8.67691636E-01  8.97985160E-01  5.93873203E-01  5.18783107E-02
ZS 40  8.16654116E-02  1.37491572E+00 -5.21871567E-01  2.42816359E-01 -1.34230569E-01  2.38665730E-01  5.06841719E-01  3.66876006E-01
ZS 41  5.46472430E-01 -7.74256110E-01  3.11221019E-03  1.77386355E+00 -1.20934510E+00  8.80899906E-01 -1.76266503E+00  3.00120980E-01
ZS 42 -9.36771512E-01 -1.10957101E-01 -8.72758627E-01  8.66674304E-01  6.31885231E-01 -1.20780480E+00 -1.87264276E+00  1.07618034E+00
ZS 43 -3.94430995E-01  7.33202577E-01 -1.31759048E+00 -1.14569283E+00  4.75353181E-01  1.25987160E+00 -6.64092600E-01  1.35680124E-01
ZS 44 -2.05139828E+00 -1.35763860E+00 -1.49336839E+00  2.55228579E-02 -5.70663393E-01 -5.17247319E-01  5.56209803E-01 -1.04822075E+00
ZS 45  2.16377303E-02 -2.62079760E-02  1.43741179E+00  4.66644876E-02 -1.38754320E+00  1.00366771E+00 -5.31865954E-01  1.46335140E-01
ZS 46  5.45938313E-01  3.44232291E-01  7.37164080E-01  2.39040300E-01 -1.51338935E+00 -3.27474862E-01 -3.17804486E-01 -6.74351454E-01
ZH  1  1.78353179E+00  9.21207666E-01  9.08007801E-01  1.04512966E+00
ZH  2  6.55430377E-01  8.38799596E-01  1.44942200E+00  9.14166808E-01
ZH  3  1.68052244E+00  1.59138167E+00  7.05017865E-01  1.08375537E+00
ZH  4  2.84566939E-01  9.79635656E-01  1.16024971E+00  1.04457629E+00
ZH  5  9.10306633E-01  1.05168414E+00  7.69553304E-01  1.40913653E+00
ZH  6  5.56031168E-01  9.48013365E-01  8.45599830E-01  2.01652956E+00
ZH  7  1.82380188E+00  5.41430235E-01  1.39999294E+00  1.01269162E+00
ZH  8  4.25551891E-01  6.41632915E-01  2.12180018E+00  5.07148921E-01
ZH  9  7.70045102E-01  1.06629932E+00  1.17961562E+00  2.27183509E+00
ZH 10  1.83504665E+00  1.14378452E+00  8.08664083E-01  6.39858186E-01
ZH 11  2.20986080E+00  6.00611567E-01  1.27358162E+00  1.21834946E+00
ZH 12  3.27713221E-01  5.62607050E-01  2.27412152E+00  4.53262746E-01
ZH 13  9.97020006E-01  7.85256088E-01  1.38612425E+00  8.79686296E-01
ZH 14  1.19520926E+00  7.27758288E-01  2.34565139E-01  1.47261572E+00
ZH 15  7.97401726E-01  7.42445707E-01  9.30944681E-01  1.38904822E+00
ZH 16  9.65825617E-01  7.68361807E-01  8.99144769E-01  1.13015199E+00
ZH 17  1.31969154E+00  1.28604531E+00  6.15879476E-01  1.18011534E+00
ZH 18  1.29836917E+00  9.23025906E-01  2.55461693E-01  1.65981150E+00
ZH 19  1.51768875E+00  1.06301129E+00  1.32329082E+00  9.22483027E-01
ZH 20  6.69511139E-01  1.47861290E+00  6.63535833E-01  5.96455395E-01
ZH 21  1.12367392E+00  1.06258118E+00  1.56669760E+00  5.54951489E-01
ZH 22  7.89682090E-01  1.57807970E+00  8.56545925E-01  8.56651545E-01
ZH 23  9.72827196E-01  1.30419493E+00  6.79171562E-01  3.70074779E-01
ZH 24  4.66684908E-01  9.85418618E-01  6.57549500E-01  5.78445613E-01
ZH 25  1.36997783E+00  5.08521616E-01  8.92197669E-01  1.61583638E+00
ZH 26  7.25056589E-01  1.11817420E+00  9.94099557E-01  1.49043798E+00
ZH 27  1.07390189E+00  1.57891166E+00  1.93877077E+00  1.30269206E+00
ZH 28  1.78473032E+00  9.37007427E-01  1.01430869E+00  9.41640794E-01
ZH 29  4.64791209E-01  1.47129452E+00  6.93483293E-01  1.47392166E+00
ZH 30  7.95210660E-01  7.45433211E-01  9.33875084E-01  1.57293856E+00
ZH 31  7.10258305E-01  1.85262060E+00  7.70349264E-01  7.95967758E-01
ZH 32  1.32632220E+00  1.16009939E+00  1.02767181E+00  1.61298835E+00
ZH 33  2.12897444E+00  2.50989497E-01  8.73864710E-01  1.06912327E+00
ZH 34  1.35900986E+00  1.11796534E+00  1.29021573E+00  1.16840148E+00
ZH 35  6.32651865E-01  9.40326393E-01  6.76750243E-01  5.47420919E-01
ZH 36  9.77212131E-01  1.73183012E+00  4.93360460E-01  6.63944125E-01
ZH 37  1.51272678E+00  5.01564384E-01  8.16436231E-01  1.50402570E+00
ZH 38  1.61421776E+00  1.92587328E+00  1.28912044E+00  7.05009699E-01
ZH 39  1.77032495E+00  7.35570848E-01  9.27469134E-01  4.44905251E-01
ZH 40  1.10685050E+00  1.35610437E+00  7.28236437E-01  9.75933194E-01
ZH 41  9.20606434E-01  1.25431883E+00  1.42867231E+00  1.28236043E+00
ZH 42  7.38925338E-01  8.82124960E-01  1.08956945E+00  1.78134465E+00
ZH 43  7.11229444E-01  1.24246585E+00  1.06600320E+00  5.75785816E-01
ZH 44  1.80220556E+00  1.33404481E+00  8.51453841E-01  9.80027556E-01
ZH 45  2.07630068E-01  1.02079213E+00  1.23339331E+00  6.29302084E-01
ZH 46  7.91829169E-01  6.84383869E-01  1.19997084E+00  1.71551192E+00
DEC T rungs=2 block=2 rank=1 half=F pool=1 metric=  1.4114058589935303E+02
DECPAYLOAD 1111110101010101101100111100000101
RUNG L1 count=3 pool=3
H 1 1100000010011000100011110111111101100011001000 F   1.6925053440779448E+02   3.4504602842777967E+02 200
H 2 0110001110111111001101110011011000011110011011 F   1.6821740275621414E+02   3.3930853188037872E+02 411
H 3 1100000010011010110001110111111101100011001000 F   1.6777434163540602E+02   3.4356983565539122E+02 200
RUNG L2 count=1 pool=1
H 1 1111110101010101101100111100000101001001011101 T   1.4114058589935303E+02   2.8322787594795227E+02 93
RUNG L4 count=3 pool=3
H 1 1111110101010101101100111100000101001001011101 T   1.2110007429122925E+02   2.4220014858245850E+02 93
H 2 1111110101010101101100111100000101001010000101 F   1.1547854816913605E+02   2.3519933009147644E+02 133
H 3 1100000010011101101100111100000101001010001000 F   1.1444278950989246E+02   2.3334654894471169E+02 136
RUNG H1 count=4 pool=4
H 1 1100000010011010110001100111010000000011111000 F   1.1160182869434357E+02   2.2443675023317337E+02 248
H 2 1100000010011001101010110010010000000011111000 F   1.1141424745321274E+02   2.2424916899204254E+02 248
H 3 1111110101011111101001110011011000010101001101 F   1.1127503986656666E+02   2.2502393762767315E+02 333
H 4 1100000010011101001101100111010000000011111000 F   1.1080104368925095E+02   2.2363596522808075E+02 248
CASE 15  4.00  0.25  0.00
PAYLOAD 1110000011101111001101111000101001
ZS  1 -2.03316152E-01 -1.99549425E+00  1.61487401E-01 -6.45362377E-01 -1.08213115E+00 -4.72531587E-01 -7.66600013E-01 -8.32487047E-01
ZS  2 -5.40650249E-01  1.66371346E-01 -3.63878489E-01  2.57003456E-01  5.30424595E-01  6.69732213E-01 -1.35812485E+00 -4.84945774E-01
ZS  3 -6.58120960E-02  1.98703229E-01  2.15540826E-01 -2.06748414E+00  1.99029231E+00 -1.76124632E-01 -3.00335050E-01 -8.11192691E-01
ZS  4 -2.83987224E-01  4.89453316E-01  4.83777702E-01  2.00345069E-01 -5.64390838E-01 -7.64624417E-01  8.26535106E-01 -2.13413620E+00
ZS  5  3.82527798E-01 -2.23323894E+00  1.24494219E+00 -7.82348573E-01  2.12004036E-01 -5.56248724E-02  3.75469834E-01 -4.83426780E-01
ZS  6 -2.41329700E-01  4.13738966E-01  1.35201645E+00 -1.00918007E+00 -7.98372030E-01 -8.08536410E-01 -1.34715211E+00  9.51870143E-01
ZS  7  1.87981343E+00 -7.17828453E-01 -7.44730115E-01  5.34639060E-01 -1.89877081E+00 -1.33565044E+00  2.13294029E+00 -3.22090209E-01
ZS  8 -3.49505067E-01  6.21703088E-01  2.39520741E+00 -5.53785264E-02  5.75121760E-01  1.67160362E-01  4.89339232E-01 -4.04202938E-03
ZS  9  7.29978085E-01  2.60190070E-02 -5.30172288E-02  1.19534957E+00  5.29798090E-01  1.26604021E-01  1.62476766E+00 -2.84320116E-01
ZS 10 -1.01570749E+00 -1.52988628E-01 -5.98965108E-01  1.34061635E-01  1.46384478E+00  9.21985030E-01 -2.11377725E-01  2.39899755E-03
ZS 11  6.73360407E-01  1.31953132E+00  7.54485726E-02  4.36716706E-01 -6.15703464E-01 -1.36502206E+00 -4.28929806E-01 -1.06760219E-01
ZS 12  1.10335663E-01 -3.02001417E-01 -6.07623219E-01  2.13291585E-01 -3.59308600E-01 -6.30992055E-01  1.18642986E+00  5.44318855E-01
ZS 13 -1.66320038E+00 -3.48212242E-01 -9.32167292E-01 -5.60310423E-01  7.36181676E-01 -6.32193327E-01  1.58431292E+00  1.23564351E+00
ZS 14  2.11714005E+00  1.01602221E+00 -1.06883168E+00 -7.63300657E-02 -1.71730280E-01  6.09029830E-01  1.11784959E+00  3.73215854E-01
ZS 15  4.09551561E-01  1.73451877E+00 -9.74354625E-01 -1.39046401E-01  2.74526238E-01  1.52162790E+00  2.03139812E-01 -2.67624319E-01
ZS 16 -6.23112321E-01 -5.57136297E-01 -9.79484677E-01 -7.78578103E-01  2.23582029E-01 -6.32164717E-01 -5.82373142E-02  1.09133530E+00
ZS 17  3.62828702E-01  9.28895235E-01  1.32199204E+00  1.97333968E+00  3.76940340E-01  3.42737257E-01  6.93117619E-01  2.32247233E-01
ZS 18  5.39256811E-01  2.57887816E+00  7.45276332E-01 -1.86740518E-01 -4.64723885E-01  6.79507554E-01 -3.55397791E-01 -1.12336433E+00
ZS 19 -2.27130666E-01 -5.66874862E-01  2.13197976E-01  3.46189916E-01 -6.04942679E-01  7.39283681E-01  2.32570872E-01 -6.74906611E-01
ZS 20 -1.47581291E+00  2.83286870E-01 -4.84037399E-03  2.43532866E-01 -2.10137665E-01 -6.92900300E-01 -7.48304725E-01  8.31555843E-01
ZS 21 -1.41842341E+00 -5.75665653E-01  6.67791903E-01  5.82127333E-01  2.88568348E-01  3.39414239E-01  6.67476356E-01  1.19951260E+00
ZS 22 -1.27400374E+00 -4.02915895E-01 -1.52974951E+00 -1.03067148E+00 -2.00013086E-01 -2.67574966E-01  5.33529878E-01 -8.91118050E-01
ZS 23  2.91660339E-01  9.50213969E-01 -2.06809473E+00 -1.36475480E+00 -3.74687314E-01  1.29090399E-01 -6.17035270E-01 -7.25422800E-01
ZS 24  1.15729094E+00 -2.34693199E-01 -1.14639688E+00 -5.54781437E-01 -1.45656765E-02 -9.95472074E-02  1.01764038E-01 -4.65743631E-01
ZS 25 -7.22358823E-01 -1.20849729E+00 -1.99539685E+00 -1.03565007E-01 -9.50450525E-02  1.03029442E+00  5.78016818E-01  1.82533771E-01
ZS 26 -5.53214431E-01 -1.36779857E+00  1.75480530E-01 -5.34710109E-01  3.54317486E-01  5.62824130E-01  5.10914385E-01  4.53750670E-01
ZS 27  5.81358850E-01 -8.17718506E-01  2.23572403E-01  3.11375082E-01 -2.64863908E-01 -2.06679440E+00  3.30463380E-01  1.66688398E-01
ZS 28  2.24090993E-01 -1.68988562E+00 -2.40011618E-01  1.46896768E+00  9.58607018E-01 -6.47286296E-01 -7.58771896E-02 -6.49560928E-01
ZS 29  9.04746234E-01 -8.90352905E-01 -2.18321428E-01  4.55271721E-01  8.29012454E-01 -4.31479588E-02  4.49372441E-01 -1.82447624E+00
ZS 30 -6.95738316E-01 -4.30636764E-01  1.40895295E+00  1.65001154E-01  1.13192368E+00 -1.93143082E+00  2.18973726E-01 -4.09231722E-01
ZS 31  2.08195835E-01 -4.63378966E-01  2.27475309E+00 -1.00724101E+00  7.55067170E-03 -1.15777326E+00 -2.30888128E-01  6.67292476E-02
ZS 32 -4.25238609E-01 -8.14490438E-01  1.22371590E+00  6.05874181E-01 -5.31376362E-01 -1.02539551E+00  9.87887681E-01  6.98419333E-01
ZS 33 -5.29368222E-01  4.11994278E-01  4.31625485E-01  5.17304540E-01  8.75187337E-01 -1.27134919E+00 -7.45649159E-01  1.16109276E+00
ZS 34  1.50240064E-02  2.43850604E-01 -1.05973756E+00  1.13630101E-01  7.79216647E-01 -1.73390460E+00 -1.48112431E-01  2.75114238E-01
ZS 35  7.51173198E-01  6.12890482E-01  7.20124424E-01 -7.25797415E-01  1.09642255E+00 -3.72102201E-01 -1.30715716E+00 -1.18762779E+00
ZS 36  1.02361071E+00 -1.61468983E-02 -6.46806359E-01  1.31396627E+00  6.95348561E-01  1.46693087E+00  6.70308471E-01 -1.71217322E-02
ZS 37 -8.22046757E-01  4.94476467E-01 -7.57811666E-01  7.08485186E-01 -2.93534398E-02 -1.80551815E+00  1.31699026E+00 -1.52548790E-01
ZS 38  4.12557304E-01  4.30827856E-01  1.83378184E+00  1.08575559E+00 -5.49701691E-01  8.96617651E-01 -2.85767794E-01  4.34582978E-02
ZS 39 -5.91780126E-01  4.70596254E-01 -2.51040429E-01  6.77935958E-01 -1.94342166E-01 -7.74298787E-01  2.28037977E+00  1.60808301E+00
ZS 40 -4.17552292E-01  1.36807919E+00 -4.51146156E-01  1.44650578E+00 -3.57963860E-01  8.99461806E-02 -9.71637443E-02 -3.34546775E-01
ZS 41  6.89908117E-02  4.27693367E-01 -4.94133830E-01  3.49752188E-01 -6.29633605E-01 -5.76324344E-01 -3.76142621E-01  1.89042628E-01
ZS 42  1.83702564E+00  2.90113688E-01 -1.46451890E-02 -1.52670503E-01 -6.54073358E-01 -2.90279269E-01 -1.45524371E+00  2.30914593E+00
ZS 43 -3.53372902E-01 -4.24463749E-01  3.46876562E-01  2.37384766E-01  1.28492212E+00 -1.63145578E+00 -4.43382591E-01  1.12298775E+00
ZS 44  1.96781158E-02 -2.93736607E-01  5.19251168E-01 -6.96562529E-02 -5.01110107E-02  3.70099783E-01 -1.19819272E+00  6.60396039E-01
ZS 45  1.58297032E-01  6.44164383E-01  1.25765061E+00 -8.60372663E-01 -1.13127816E+00  9.44727480E-01  1.43287563E+00 -5.18627226E-01
ZS 46 -2.09249556E-03  5.10980129E-01 -3.01914513E-01  1.54718637E+00  1.44190490E-01  1.25002789E+00  5.31217754E-01  1.58888817E-01
ZH  1  1.52770555E+00  4.90787864E-01  8.66865993E-01  9.04321969E-01
ZH  2  1.28081965E+00  6.80055022E-01  8.17075610E-01  1.21200383E+00
ZH  3  3.20117772E-01  1.74843681E+00  1.66112924E+00  6.37114108E-01
ZH  4  8.28363419E-01  6.62007511E-01  8.30510259E-01  1.62461996E+00
ZH  5  1.85853446E+00  1.39023042E+00  8.82500648E-01  5.36282778E-01
ZH  6  3.91428798E-01  1.35192823E+00  9.49286163E-01  1.78680658E+00
ZH  7  1.44984508E+00  1.09170544E+00  1.78610981E+00  1.64963198E+00
ZH  8  5.26482403E-01  1.71126664E+00  6.60764039E-01  9.54437554E-01
ZH  9  6.91371143E-01  9.33966696E-01  5.12082636E-01  1.37025964E+00
ZH 10  7.69008994E-01  9.06256258E-01  1.71258080E+00  4.62380260E-01
ZH 11  1.39608335E+00  9.62311089E-01  1.32272828E+00  3.68163198E-01
ZH 12  1.02159297E+00  4.59623963E-01  9.80962515E-01  9.33539212E-01
ZH 13  1.45444345E+00  8.25171828E-01  1.00753486E+00  1.59250700E+00
ZH 14  2.08725238E+00  1.05702341E+00  8.64004314E-01  1.04393899E+00
ZH 15  1.31675065E+00  1.62835348E+00  1.10960162E+00  3.53637487E-01
ZH 16  1.13708150E+00  1.29008198E+00  1.23365402E+00  1.18832409E+00
ZH 17  1.12787521E+00  1.70190942E+00  5.39534628E-01  1.74512935E+00
ZH 18  1.94047844E+00  7.45064616E-01  5.98697484E-01  1.12194359E+00
ZH 19  5.03201604E-01  3.66316140E-01  7.25419581E-01  8.22297096E-01
ZH 20  1.49303794E+00  6.43561125E-01  1.14362562E+00  1.12591922E+00
ZH 21  1.10676348E+00  6.29011571E-01  7.54794002E-01  1.38640714E+00
ZH 22  1.06111205E+00  1.57003605E+00  7.26425588E-01  1.12497997E+00
ZH 23  1.04685819E+00  2.12718010E+00  4.43806201E-01  7.62649417E-01
ZH 24  1.23277366E+00  1.04717898E+00  6.14564538E-01  5.27356207E-01
ZH 25  1.15304816E+00  1.64445662E+00  7.69537508E-01  8.70074332E-01
ZH 26  1.37842405E+00  4.94109094E-01  7.54771173E-01  5.95036030E-01
ZH 27  7.86857784E-01  8.66400599E-01  1.57238567E+00  6.37918293E-01
ZH 28  1.44176209E+00  1.14767861E+00  9.86551642E-01  1.07531345E+00
ZH 29  1.01342106E+00  5.55985987E-01  9.04815018E-01  1.52232122E+00
ZH 30  8.19443524E-01  1.33399451E+00  2.01617217E+00  6.89410388E-01
ZH 31  1.26094854E+00  1.90181804E+00  8.51062298E-01  8.54492962E-01
ZH 32  8.00767362E-01  1.20878041E+00  8.45243096E-01  8.88854563E-01
ZH 33  1.44671798E+00  1.41720963E+00  1.15132725E+00  1.54188931E+00
ZH 34  5.73466301E-01  9.08178210E-01  1.42933857E+00  1.30476892E+00
ZH 35  1.00108624E+00  9.81440067E-01  8.22731912E-01  1.26124418E+00
ZH 36  1.16330910E+00  1.33808887E+00  1.21589184E+00  8.77466917E-01
ZH 37  1.38508308E+00  8.96932006E-01  1.30535758E+00  1.82633662E+00
ZH 38  1.32106984E+00  1.58879685E+00  8.41442823E-01  5.49783349E-01
ZH 39  6.65604234E-01  1.09240651E+00  7.20320463E-01  2.00061798E+00
ZH 40  1.07530653E+00  1.20329368E+00  4.83423591E-01  4.03641492E-01
ZH 41  5.18856108E-01  8.99569929E-01  7.71567583E-01  1.28270781E+00
ZH 42  1.36637914E+00  4.95878845E-01  5.38346529E-01  2.06725669E+00
ZH 43  5.84370971E-01  6.99636936E-01  1.54955232E+00  1.02219200E+00
ZH 44  2.91355282E-01  4.36417580E-01  4.60214466E-01  1.34901130E+00
ZH 45  6.13284171E-01  1.15680575E+00  1.23860848E+00  1.26715994E+00
ZH 46  4.72701520E-01  1.14765048E+00  1.08717847E+00  5.33638000E-01
DEC T rungs=1 block=1 rank=1 half=F pool=3 metric=  1.5436590823531151E+02
DECPAYLOAD 1110000011101111001101111000101001
RUNG L1 count=3 pool=3
H 1 1110000011101111001101111000101001000000011001 T   1.5436590823531151E+02   3.0873181647062302E+02 25
H 2 1110000011101111001101111000101001110101111001 F   1.5272990849614143E+02   3.1210178503394127E+02 377
H 3 0101000011101111001101111000101001110101111000 F   1.4875547762215137E+02   3.0944960977137089E+02 376
RUNG L2 count=3 pool=3
H 1 1110000011101111001101111000101001000000011001 T   1.3228055870532990E+02   2.6456111741065979E+02 25
H 2 1110000011101111001101111000101001100000011001 F   1.2126566421985626E+02   2.5354622292518616E+02 25
H 3 1110000011101111001101111000101101000000011001 F   1.2088653212785721E+02   2.5316709083318710E+02 25
RUNG L4 count=4 pool=4
H 1 1110000011101111001101111000101001000000011001 T   1.0686023044586182E+02   2.1372046089172363E+02 25
H 2 1110000011101111001101111000101100011000011001 F   9.4996997833251953E+01   2.0185722827911377E+02 25
H 3 1110000011101111001101111000101001001000011001 F   9.4972283907234669E+01   2.0183251435309649E+02 25
H 4 1110000011101111001101111000101101000000011001 F   9.4700024485588074E+01   2.0156025493144989E+02 25
RUNG H1 count=1 pool=1
H 1 1010111110011111100100000011001101110101111000 F   1.0416045099496841E+02   2.1192137819528580E+02 376
CASE 16  4.00  1.00  0.00
PAYLOAD 1101011001110110100011101110111000
ZS  1 -1.77223921E-01  7.04262927E-02  1.21686041E+00  8.92433524E-01 -5.19384146E-01 -3.18504453E-01  3.65050614E-01 -2.42307037E-02
ZS  2 -1.59245849E-01 -1.06791508E+00 -1.35220480E+00 -1.31754637E+00  1.04023382E-01  5.80476105E-01 -6.60547793E-01 -2.65866220E-01
ZS  3 -1.30156589E+00  1.09804296E+00 -8.03174078E-01  1.27804482E+00 -5.16500831E-01  3.35507870E-01  9.52265382E-01 -2.62668610E+00
ZS  4  1.93102360E+00 -2.67607987E-01 -5.33632994E-01  2.26503420E+00  1.23018241E+00  2.45927930E-01 -1.77963233E+00 -9.58067179E-03
ZS  5  8.98075044E-01 -3.03557038E-01 -9.57393169E-01 -4.78774667E-01  7.90959716E-01  2.30592442E+00  3.29809397E-01  3.15770358E-01
ZS  6 -6.22341394E-01  2.70170629E-01  6.72680378E-01  1.07972074E+00  2.63668001E-01  8.02306235E-01  1.23241484E+00 -5.52109182E-01
ZS  7 -9.04128373E-01  4.76921678E-01 -1.43950462E+00 -1.89275295E-01  5.68286479E-01  1.62152147E+00  3.32098782E-01 -6.00434303E-01
ZS  8  1.56503558E-01 -7.34422207E-02 -2.92807102E-01  7.17349052E-01 -5.13563633E-01 -1.26550770E+00  2.74500996E-01  2.03312248E-01
ZS  9 -5.63180923E-01 -1.72511840E+00 -2.72297263E-02 -1.02259243E+00 -4.70073074E-01 -3.80166888E-01 -1.90360144E-01 -1.15502834E+00
ZS 10  3.04596472E+00 -1.60833329E-01 -5.14652073E-01 -9.69097018E-01  2.78872401E-01 -1.86900690E-01 -9.02524233E-01 -2.78725207E-01
ZS 11  1.39383376E-01  1.50365889E-01  3.38298082E-02 -7.27730244E-03  1.40566516E+00  1.54725075E+00  6.37524426E-01  3.48060906E-01
ZS 12 -3.23586702E-01 -5.51729918E-01  1.41710281E-01 -6.48677588E-01 -2.36090374E+00  5.17243266E-01 -1.37112260E-01 -1.93437822E-02
ZS 13 -3.46344113E-01 -5.43470502E-01 -1.76501024E+00  5.43013692E-01 -5.63529849E-01  5.51128387E-01  5.41627049E-01 -3.83322179E-01
ZS 14 -3.91858399E-01 -3.52668941E-01 -1.80359030E+00 -6.28307343E-01 -2.11399031E+00 -1.20560932E+00 -3.24994862E-01  4.94550169E-02
ZS 15  2.99925297E-01  6.17168069E-01  1.01762366E+00  7.72887886E-01  3.63633364E-01 -1.27914965E-01  6.07261181E-01 -2.34670258E+00
ZS 16  7.04705596E-01 -1.37570310E+00  8.73674154E-01  4.18758392E-03 -4.53323692E-01  4.84462321E-01 -4.32656437E-01  3.59684169E-01
ZS 17  4.42856550E-01  8.15093756E-01 -3.20480436E-01 -5.26520371E-01  3.67413521E-01  7.16850162E-01 -2.01813340E-01 -2.40722746E-02
ZS 18 -2.55467206E-01  1.59984517E+00  4.60624099E-02 -4.87414122E-01 -1.35175741E+00  5.33685088E-03  8.79535317E-01  2.26526976E+00
ZS 19 -1.30208528E+00  2.82065773E+00 -3.40202808E-01  3.89958441E-01  1.01469755E-01 -2.80002743E-01 -4.44381714E-01  1.66051209E-01
ZS 20  2.90653080E-01 -4.25781310E-03  1.27930760E+00  8.28164220E-01  6.26036584E-01  1.57492387E+00 -2.09853232E-01  1.73938304E-01
ZS 21 -2.39761442E-01  1.29981053E+00 -1.01690960E+00 -1.79442835E+00  6.69776380E-01 -3.22252423E-01 -3.56759667E-01  7.02866137E-01
ZS 22  4.38504398E-01  6.92497492E-01 -5.33828020E-01  8.10852528E-01  1.38522768E+00 -1.14206207E+00 -1.50373101E-01 -1.09529614E-01
ZS 23 -4.24390912E-01 -1.83081245E+00  1.16119254E+00  5.14676213E-01  8.41858327E-01  2.53937781E-01 -4.29967344E-01  1.51964700E+00
ZS 24  1.43199056E-01 -1.39892101E-02 -2.04747781E-01  9.63500679E-01 -5.08848369E-01 -3.66107404E-01  4.31237072E-01  2.12951958E-01
ZS 25 -6.58870339E-01  4.07292247E-01 -6.91476822E-01  1.11339927E+00 -6.22252226E-02  1.59397674E+00 -3.62153798E-01  6.79439545E-01
ZS 26 -4.43153799E-01 -7.82114267E-01  2.20326006E-01 -8.10479045E-01 -1.33055818E+00 -2.40723133E-01  7.85748601E-01  6.61767945E-02
ZS 27 -5.58540642E-01 -8.60017657E-01 -5.15851498E-01 -1.09627843E-02 -1.43273449E+00  3.63472581E-01  7.33294725E-01 -3.87358218E-01
ZS 28  2.13469714E-01  1.10006416E+00  1.15693855E+00 -2.56881380E+00  4.37274247E-01  5.22994995E-03 -2.55225360E-01 -1.30334958E-01
ZS 29  1.50091088E+00 -5.43949008E-01 -9.96707141E-01 -3.67944986E-01  4.31217313E-01  7.45033860E-01  4.20673847E-01 -3.60882074E-01
ZS 30  5.49684167E-01  5.31993628E-01  2.18343824E-01 -1.02237678E+00  1.33225274E+00 -5.48341393E-01  7.99471140E-01  8.59174252E-01
ZS 31  2.12347463E-01 -1.02045745E-01  3.90369296E-01  6.51582599E-01  1.91329443E+00 -1.47832417E+00 -6.44888818E-01  1.55630696E+00
ZS 32 -5.18906593E-01  1.00845075E+00  9.88453865E-01 -1.56224084E+00 -7.57038057E-01 -2.94332862E-01 -1.64726400E+00  6.12216115E-01
ZS 33 -1.55785823E+00 -1.76919580E-01  3.78441900E-01 -3.91968101E-01 -1.56916678E+00 -1.80586612E+00 -1.81912690E-01 -2.35549793E-01
ZS 34  9.31710124E-01 -2.12571725E-01  2.22406164E-01  1.07870698E-02 -6.94854677E-01 -2.17455292E+00 -2.87146181E-01  4.69851732E-01
ZS 35  3.28644216E-02  3.02835286E-01 -1.40449643E-01  2.09659159E-01  1.18677139E+00 -1.36053753E+00 -8.49262238E-01  1.54008076E-01
ZS 36 -1.30929494E+00 -6.43293262E-01  2.07788587E+00  1.42679787E+00  3.47374767E-01  1.66832477E-01 -1.05959855E-01 -6.45616889E-01
ZS 37  2.48112828E-01  3.34102571E-01  2.71173656E-01  1.19241166E+00 -1.25530571E-01 -1.26423061E-01 -7.56616235E-01 -8.95306110E-01
ZS 38 -3.31445575E-01  2.02781081E-01  3.97172034E-01  8.18022609E-01 -7.85553575E-01 -5.47575533E-01 -7.10791111E-01 -4.29752469E-02
ZS 39 -1.22923267E+00 -1.29295751E-01 -3.32426339E-01  4.48559672E-01  7.83849955E-02 -9.60067332E-01 -1.89484334E+00 -5.70597589E-01
ZS 40  7.01186061E-01  3.01518321E-01 -8.39803398E-01  4.42968041E-01  9.11300957E-01 -8.87795389E-01 -5.31588137E-01 -4.86033738E-01
ZS 41  1.24064243E+00 -1.71505809E+00 -2.62727052E-01  9.69532788E-01 -4.07301039E-01  8.32936704E-01 -1.32385552E-01  7.16739833E-01
ZS 42  1.16084421E+00  2.87252903E-01  4.37445380E-02  2.58441210E-01  3.24252188E-01 -5.48522115E-01 -6.24304950E-01  4.22100067E-01
ZS 43 -7.40896463E-01  5.35396338E-01  1.46718478E+00  1.91881073E+00 -1.78859234E-01 -3.41852784E-01 -1.34962440E+00 -6.74378932E-01
ZS 44 -1.82479501E+00  1.06732965E+00 -6.13813043E-01 -4.57285434E-01  2.36072540E-01  7.54578352E-01 -3.12808961E-01 -1.51630569E+00
ZS 45  1.29888684E-01 -4.06506360E-01 -1.64866853E+00 -5.84476352E-01 -1.23544469E-01  6.98064446E-01 -2.26717770E-01 -9.67169106E-01
ZS 46 -3.01019847E-01 -1.91419840E+00 -1.45159888E+00 -6.42929673E-01 -2.11961687E-01 -1.73855320E-01 -1.99588597E-01 -1.69168845E-01
ZH  1  4.56034392E-01  1.09267008E+00  8.71453881E-01  4.24630553E-01
ZH  2  1.03652692E+00  1.43960750E+00  7.82024860E-01  9.87645268E-01
ZH  3  1.42355204E+00  1.10021257E+00  1.20777404E+00  1.98413670E+00
ZH  4  1.41112053E+00  1.68965340E+00  1.18263006E+00  1.40542233E+00
ZH  5  1.17344749E+00  1.82380438E+00  2.21473885E+00  8.70869637E-01
ZH  6  7.57787526E-01  1.09373009E+00  8.15081596E-01  1.11627614E+00
ZH  7  1.01670706E+00  1.04170227E+00  1.22621560E+00  1.14158964E+00
ZH  8  6.83908105E-01  1.65867698E+00  1.17036676E+00  7.18912005E-01
ZH  9  1.47981536E+00  1.05000794E+00  4.40099835E-01  9.46084440E-01
ZH 10  2.23659587E+00  1.09687734E+00  3.13206166E-01  8.93964767E-01
ZH 11  1.10752165E+00  4.36252385E-01  1.76745987E+00  1.12227917E+00
ZH 12  5.77467084E-01  6.88129842E-01  1.87966001E+00  4.19814348E-01
ZH 13  6.38140559E-01  1.67499292E+00  9.83754635E-01  4.87206548E-01
ZH 14  5.81192613E-01  1.37983656E+00  1.72248387E+00  7.56825447E-01
ZH 15  7.49756992E-01  1.19372976E+00  1.18175483E+00  1.90338302E+00
ZH 16  1.28038180E+00  1.34413934E+00  8.92372429E-01  8.71278286E-01
ZH 17  1.44246650E+00  4.72869277E-01  6.61191523E-01  7.63431609E-01
ZH 18  1.44940114E+00  8.42037678E-01  1.50376844E+00  1.79534519E+00
ZH 19  2.21364665E+00  8.91600311E-01  1.20478487E+00  1.06501698E+00
ZH 20  2.61060387E-01  1.49533486E+00  1.58242834E+00  5.72347462E-01
ZH 21  9.40439820E-01  1.49121726E+00  9.53151405E-01  1.09062219E+00
ZH 22  1.30802774E+00  1.05233300E+00  1.28531420E+00  3.74606967E-01
ZH 23  1.44586885E+00  1.43204808E+00  8.07164729E-01  1.81005347E+00
ZH 24  8.31623256E-01  1.06885517E+00  5.42473435E-01  9.21427011E-01
ZH 25  1.52435601E+00  1.74031353E+00  1.53585744E+00  6.94726050E-01
ZH 26  8.26745808E-01  6.29737794E-01  1.18224967E+00  6.29028738E-01
ZH 27  8.11667919E-01  1.09708261E+00  1.16641688E+00  1.11897600E+00
ZH 28  9.27381575E-01  2.13612485E+00  1.16416419E+00  7.43956625E-01
ZH 29  1.32073271E+00  8.47529531E-01  6.33236945E-01  4.79725242E-01
ZH 30  7.23510623E-01  1.03332114E+00  1.08860672E+00  1.20627415E+00
ZH 31  4.28040445E-01  7.05077052E-01  2.03771830E+00  1.50234580E+00
ZH 32  1.13284171E+00  1.39928138E+00  9.11186755E-01  1.68813872E+00
ZH 33  1.54855061E+00  7.71589935E-01  1.92816961E+00  9.43470418E-01
ZH 34  8.06315482E-01  3.21502179E-01  1.65356553E+00  7.59972870E-01
ZH 35  5.06237566E-01  1.41921878E+00  1.28077185E+00  7.46434510E-01
ZH 36  1.28943229E+00  1.80267882E+00  8.37261319E-01  4.93884623E-01
ZH 37  5.11804700E-01  1.02091873E+00  1.22512162E+00  9.01377857E-01
ZH 38  2.76136577E-01  8.27962101E-01  1.23543346E+00  6.21767938E-01
ZH 39  8.91473114E-01  5.56094348E-01  8.52363884E-01  1.55105650E+00
ZH 40  7.47571230E-01  6.71787918E-01  1.06922019E+00  1.06468141E+00
ZH 41  1.53799272E+00  9.67839181E-01  9.39921677E-01  6.05721831E-01
ZH 42  1.33563185E+00  7.83353627E-01  4.99435276E-01  5.97275376E-01
ZH 43  8.56520057E-01  1.77103889E+00  4.58247483E-01  1.12389565E+00
ZH 44  1.62448800E+00  7.16610849E-01  7.09513962E-01  1.16470385E+00
ZH 45  1.50467253E+00  1.23885417E+00  5.44225156E-01  7.13027537E-01
ZH 46  1.55258894E+00  1.52642190E+00  2.05046937E-01  5.03237188E-01
DEC F rungs=4 block=0 rank=0 half=F pool=0 metric= -1.7976931348623157+308
DECPAYLOAD 0000000000000000000000000000000000
RUNG L1 count=4 pool=6
H 1 1000010110101010101100010110111100000001011110 F   1.6861958783119917E+02   3.3723917566239834E+02 94
H 2 1000010110101010101100011110011100000001011110 F   1.6496929210424423E+02   3.3358887993544340E+02 94
H 3 0110110101100000010110000000001001110100000101 F   1.6486901295185089E+02   3.3233502128720284E+02 261
H 4 0110110101100000010110101100111101000010000101 F   1.6410278195887804E+02   3.3407507738471031E+02 133
RUNG L2 count=3 pool=3
H 1 1101011001110110001101000000101101000000100010 F   1.1176101240515709E+02   2.2352202481031418E+02 34
H 2 1001111011111110101101000000101101011011100111 F   1.0823556834459305E+02   2.2246089842915535E+02 231
H 3 1101010010000101001001001110111000100100100010 F   1.0770515811443329E+02   2.1876812577247620E+02 290
RUNG L4 count=4 pool=5
H 1 0111001010000001101111011110010100100110111011 F   7.7822324980050325E+01   1.5564464996010065E+02 443
H 2 0010010111000111111000001111110001101010010101 F   7.6851537942886353E+01   1.5470990729331970E+02 149
H 3 1000010011000111111000001111110001100001001111 F   7.6555810868740082E+01   1.5524283254146576E+02 79
H 4 0001000100101011101111011110010100101101101100 F   7.5362510144710541E+01   1.5549812799692154E+02 364
RUNG H1 count=1 pool=1
H 1 0110110101100000010111000001000000110001000001 F   1.1107036952674389E+02   2.2440442217886448E+02 65
CASE 17  4.00  1.00  0.00
PAYLOAD 0100000100101000000101100000000100
ZS  1 -5.34194052E-01  1.76693387E-02 -1.62397504E+00  2.96115756E-01 -1.05968618E+00 -4.44819957E-01  2.24508971E-01 -8.75852585E-01
ZS  2 -1.54271817E+00 -1.76900804E-01  1.49184084E+00  8.28018665E-01  5.14213443E-01  1.94961697E-01  3.69329274E-01  2.02295065E+00
ZS  3  4.27187830E-01  9.46303129E-01 -2.55950004E-01  7.64997005E-02 -1.80604875E-01 -3.21208596E-01  1.50884700E+00 -2.07257891E+00
ZS  4  4.08182293E-01 -6.95408583E-01  2.06180978E+00  2.95992315E-01  1.48779929E-01 -3.86083186E-01 -3.17835271E-01  4.77269709E-01
ZS  5 -5.59038877E-01  8.54427516E-01  9.64702010E-01  8.62752318E-01  6.02258861E-01 -1.25245523E+00  2.59717494E-01 -1.67591929E-01
ZS  6  8.62913728E-01  3.63358378E-01 -2.46576667E-02 -2.68479884E-01 -8.85693312E-01  1.00695312E+00  1.72496438E-01 -6.35873079E-01
ZS  7  8.53817523E-01 -7.52234936E-01 -1.61514056E+00  1.18077445E+00  1.11391294E+00 -2.57532954E-01  6.22269690E-01  5.08401573E-01
ZS  8  8.10068369E-01  1.68643951E+00 -2.95895725E-01 -4.86962259E-01 -6.06538892E-01 -1.79583859E+00  1.19669020E-01  5.93129158E-01
ZS  9 -6.39997005E-01  3.52266550E-01 -7.67153054E-02 -1.43992054E+00 -5.78241050E-02 -6.41250551E-01  1.37251353E+00 -1.65124440E+00
ZS 10 -7.29434729E-01  6.45775497E-01 -1.19509459E+00 -3.69593501E-02  3.29492062E-01 -5.47651768E-01  1.36221933E+00 -9.14093852E-01
ZS 11  2.41797996E+00  1.08206987E+00 -5.47901154E-01  3.97664070E-01 -2.42214352E-01  1.90364018E-01 -9.99458194E-01  3.85278761E-02
ZS 12  1.56617731E-01  7.43051171E-01 -4.04100806E-01 -1.47902817E-02 -8.33296239E-01  1.22867078E-01  1.36699706E-01  4.62638259E-01
ZS 13  8.22799206E-01 -6.07479930E-01 -2.59918034E-01  1.46171689E+00 -1.06176996E+00  3.16606641E-01  4.92960542E-01 -8.17586482E-01
ZS 14  5.77523708E-02 -5.45371652E-01 -1.00493455E+00 -1.39263201E+00 -4.15219426E-01 -5.80906868E-01  4.56202954E-01 -5.63339591E-01
ZS 15  3.27441275E-01  5.25256038E-01 -5.16540185E-03 -2.16980147E+00  6.54354751E-01 -5.23419619E-01 -6.87915087E-01 -7.93677270E-02
ZS 16 -8.40983272E-01 -2.63103783E-01  6.89517021E-01 -1.96617812E-01  4.11025971E-01 -3.08115512E-01  1.46316409E+00 -8.87063146E-01
ZS 17 -7.55703598E-02 -2.42757964E+00 -3.78814787E-01  1.63840055E+00  1.68863833E-01 -1.22581363E-01  1.60465717E+00  7.68449664E-01
ZS 18 -6.20680153E-02 -4.37268823E-01  8.88595283E-02  8.94548148E-02  2.83559203E-01  3.36774397E+00  5.46563268E-01  6.23531401E-01
ZS 19  5.73246002E-01  8.57386172E-01 -6.74660206E-02 -6.75597787E-03  2.26856261E-01 -4.11440730E-02 -7.94901609E-01  7.59195447E-01
ZS 20 -2.13649559E+00 -4.26583290E-02 -1.66461617E-01 -5.58677316E-01 -1.72624171E-01 -6.54849231E-01  5.77169895E-01  1.79431662E-01
ZS 21 -2.31614113E-02  1.45543551E+00 -1.03145075E+00 -5.53853512E-01  8.00945640E-01 -1.31520104E+00 -1.78707674E-01 -6.25528753E-01
ZS 22 -2.53637373E-01 -8.71016264E-01 -7.38922179E-01  5.87366521E-03  1.56186700E+00 -7.70056307E-01 -1.04433882E+00 -7.41989613E-01
ZS 23 -1.04262388E+00  3.38531077E-01  1.93570113E+00  6.29568696E-01  6.64646566E-01 -8.65503669E-01 -2.87376016E-01  2.34675944E-01
ZS 24 -1.21120811E-01 -7.20561564E-01  3.92954588E-01 -6.42501414E-01  7.05337226E-01  1.66404998E+00  1.36345029E-01  3.52903754E-01
ZS 25 -8.28317821E-01  1.55590081E+00  1.56223997E-01 -1.15394843E+00  1.05808759E+00 -1.17900705E+00 -6.59841597E-01 -8.53631854E-01
ZS 26  1.07387233E+00 -5.20095378E-02 -1.74709988E+00  2.21070647E-01 -3.87155950E-01 -6.69850707E-01  1.95954278E-01 -1.95393905E-01
ZS 27 -1.56129885E+00  6.20735168E-01 -2.36742258E+00 -8.80243659E-01 -2.72237062E-01  5.99197268E-01  4.69903588E-01  4.34768349E-01
ZS 28 -1.00721312E+00  7.15322137E-01  5.58830917E-01  6.51700199E-02  6.41336977E-01  5.28911203E-02  2.10558987E+00 -1.03637838E+00
ZS 29  1.19924092E+00 -7.99964368E-02  4.76350814E-01  2.77002722E-01 -2.57551700E-01 -9.68302250E-01 -1.44084424E-01 -9.91494119E-01
ZS 30 -4.97692823E-02  3.47582221E-01  5.79649746E-01  2.14559817E+00 -2.09198922E-01  5.60110688E-01 -4.99664843E-02 -2.29198560E-01
ZS 31 -3.32459956E-01  9.77060199E-01 -2.80634940E-01  6.74311280E-01 -4.09452081E-01 -2.43670434E-01  7.10491180E-01  2.46960783E+00
ZS 32 -7.33723104E-01 -6.52029514E-02 -1.65294242E+00 -4.66966003E-01  1.47717404E+00  3.86846900E-01 -1.30887806E-01 -1.82376534E-01
ZS 33 -1.22262940E-01 -5.56477010E-02 -1.66949034E-02  3.01103592E-02 -7.87759840E-01  7.48909771E-01 -1.52449822E+00 -7.47456789E-01
ZS 34 -1.05819643E+00  2.20476910E-01 -8.68573666E-01  1.59303278E-01  9.23706114E-01 -1.78801990E+00  3.15655500E-01  6.37864351E-01
ZS 35  1.17495120E-01  8.53759885E-01 -3.26325774E-01 -1.05613792E+00  1.14100361E+00 -2.83139706E-01 -1.04063845E+00 -1.73053741E-01
ZS 36  1.88019657E+00  1.14993680E+00  4.09155712E-02 -9.12955642E-01  8.66891742E-01  6.96487576E-02 -5.40322423E-01  3.58367741E-01
ZS 37  6.77300096E-02 -6.33006632E-01 -1.56997234E-01 -7.03359768E-03  1.01578593E-01  1.10274482E+00 -9.16283548E-01 -8.78483057E-02
ZS 38 -4.52277064E-02 -1.11867309E+00 -7.07901239E-01  7.29085445E-01 -3.79993618E-01  4.04667467E-01 -1.74963355E+00  1.27636686E-01
ZS 39 -6.45099819E-01 -1.59966540E+00 -8.31390500E-01  5.23997009E-01  4.28779215E-01  4.13630188E-01  4.47089344E-01 -1.16734117E-01
ZS 40  7.47978687E-03 -1.11956263E+00 -8.97753596E-01  3.09090793E-01 -8.63568366E-01  1.53038308E-01  5.24898767E-02 -1.34469092E-01
ZS 41  1.08753276E+00 -8.55506182E-01  6.59087181E-01 -4.73975927E-01  5.77446938E-01  9.38480914E-01  2.96115011E-01  8.07406902E-01
ZS 42 -1.67105645E-02 -5.12491167E-02 -1.87356174E-01  5.48174083E-01  1.46792626E+00  2.65043110E-01 -1.67602301E-02  6.04322731E-01
ZS 43  2.79351890E-01 -4.57530588E-01  1.39114231E-01  2.36781502E+00 -6.50305524E-02  1.80596137E+00  5.13859153E-01  3.28408897E-01
ZS 44 -2.99593389E-01 -9.83610570E-01 -5.93172491E-01 -4.81887072E-01 -1.35266340E+00  8.01558316E-01  4.78771687E-01 -2.91562349E-01
ZS 45  8.52630585E-02 -8.55095387E-02 -2.10052133E+00 -1.02915645E+00 -1.38366127E+00 -4.00181651E-01  9.00961697E-01  2.06364736E-01
ZS 46 -5.42215928E-02  1.21537077E+00 -5.34202099E-01 -1.19215345E+00  9.24461842E-01  7.50047386E-01 -1.41226220E+00 -9.04525518E-01
ZH  1  6.86658621E-01  1.62621593E+00  9.88675714E-01  8.71216953E-01
ZH  2  1.35905802E+00  1.27431285E+00  7.16767251E-01  1.53628993E+00
ZH  3  8.65270197E-01  8.10203016E-01  7.84499526E-01  1.90243149E+00
ZH  4  6.85819626E-01  1.54978228E+00  1.33157349E+00  8.07540476E-01
ZH  5  1.20221090E+00  1.31413639E+00  1.15458548E+00  3.97181630E-01
ZH  6  9.96303380E-01  1.10504222E+00  9.60353315E-01  7.85945654E-01
ZH  7  1.35223222E+00  1.46334398E+00  9.70786691E-01  6.17248297E-01
ZH  8  1.39352071E+00  5.49728036E-01  1.38477504E+00  7.85563588E-01
ZH  9  1.25879014E+00  1.02854609E+00  5.91064870E-01  1.65384352E+00
ZH 10  1.20132649E+00  1.44169617E+00  5.76430559E-01  1.18007469E+00
ZH 11  1.94816780E+00  6.57177567E-01  6.83998287E-01  8.57749164E-01
ZH 12  6.31572902E-01  7.87775338E-01  7.82015681E-01  8.80065620E-01
ZH 13  1.14345002E+00  1.05949020E+00  8.93464684E-01  6.89972997E-01
ZH 14  8.49024832E-01  1.94088626E+00  1.13094032E+00  1.14138854E+00
ZH 15  6.05382264E-01  1.55802834E+00  1.39371669E+00  7.40286529E-01
ZH 16  6.53343379E-01  8.23689282E-01  5.65483093E-01  1.22519195E+00
ZH 17  2.31686568E+00  1.62735367E+00  1.73171949E+00  1.26434731E+00
ZH 18  4.73951131E-01  6.39945626E-01  2.49081016E+00  1.04633927E+00
ZH 19  8.21897924E-01  2.86253393E-01  1.07230055E+00  7.85594583E-01
ZH 20  1.73571432E+00  8.00161362E-01  1.57911956E+00  7.78926551E-01
ZH 21  1.68836617E+00  1.07288098E+00  1.27958763E+00  7.89279103E-01
ZH 22  8.78024995E-01  6.37426436E-01  1.29449511E+00  1.25720322E+00
ZH 23  1.05081618E+00  1.45375979E+00  9.75875676E-01  5.76865137E-01
ZH 24  5.81037462E-01  6.74362302E-01  1.33950365E+00  7.96676278E-01
ZH 25  1.27701175E+00  9.55091357E-01  1.12576818E+00  1.16035187E+00
ZH 26  8.49097431E-01  1.57331204E+00  6.61679864E-01  3.16572547E-01
ZH 27  1.21785331E+00  2.01158142E+00  5.31923175E-01  5.51809013E-01
ZH 28  1.47319257E+00  1.09621203E+00  6.40379667E-01  1.66495073E+00
ZH 29  1.02715862E+00  9.07896459E-01  9.49927270E-01  9.47581232E-01
ZH 30  1.09049201E+00  1.61865687E+00  7.97391236E-01  6.60174847E-01
ZH 31  8.57259631E-01  7.56393075E-01  3.76087099E-01  1.87072086E+00
ZH 32  7.90114582E-01  1.33638239E+00  1.13850331E+00  4.55306828E-01
ZH 33  8.16281676E-01  1.43418705E+00  9.34230804E-01  1.23881781E+00
ZH 34  1.09745824E+00  9.08306837E-01  1.63907719E+00  8.02594006E-01
ZH 35  9.83253598E-01  7.95279622E-01  1.04525161E+00  8.38082254E-01
ZH 36  1.65512776E+00  6.95402145E-01  7.95337319E-01  5.14737844E-01
ZH 37  9.75872278E-01  1.24045238E-01  7.85341144E-01  9.66817498E-01
ZH 38  1.26987183E+00  8.08150887E-01  1.07272041E+00  1.26685274E+00
ZH 39  1.32517052E+00  9.55795884E-01  8.22536349E-01  6.86430275E-01
ZH 40  8.72570336E-01  7.94555962E-01  7.61091650E-01  1.01025820E+00
ZH 41  1.09613335E+00  1.03006792E+00  7.96623230E-01  9.29495215E-01
ZH 42  7.07977593E-01  4.85209882E-01  1.22067606E+00  4.91401821E-01
ZH 43  1.24626541E+00  1.74127054E+00  1.54191792E+00  6.57645345E-01
ZH 44  8.65504086E-01  9.39002275E-01  1.15613759E+00  4.88911778E-01
ZH 45  4.37827677E-01  1.79406106E+00  1.08307159E+00  8.44980955E-01
ZH 46  1.15136719E+00  1.17436063E+00  9.79152083E-01  1.34212410E+00
DEC T rungs=2 block=2 rank=1 half=F pool=4 metric=  1.0259978678822517E+02
DECPAYLOAD 0100000100101000000101100000000100
RUNG L1 count=2 pool=2
H 1 0111110011101010100001010100111001011101010001 F   1.5352242958918214E+02   3.1177827155590057E+02 337
H 2 0110110011101010100010001111000101010011101010 F   1.5048728739470243E+02   3.0491158717125654E+02 234
RUNG L2 count=4 pool=4
H 1 0100000100101000000101100000000100101111111110 T   1.0259978678822517E+02   2.1004066780209541E+02 510
H 2 0100000100101000000101100000000100101111111111 F   1.0071373933553696E+02   2.1025601452589035E+02 511
H 3 1101011011100110010000011111000000001011010000 F   1.0068292993307114E+02   2.0315837359428406E+02 208
H 4 0101011111100110010000011111000001110111000101 F   1.0024921733140945E+02   2.0883481210470200E+02 453
RUNG L4 count=3 pool=3
H 1 0000100110000100100110010100011000110001000110 F   7.0262454748153687E+01   1.4456600570678711E+02 70
H 2 1000101111011011100000111110011001110010011101 F   7.0095792531967163E+01   1.4592715525627136E+02 157
H 3 0101001101110111001011000000011100010100111010 F   6.9852211713790894E+01   1.4393529486656189E+02 314
RUNG H1 count=1 pool=1
H 1 0110110011101010100001010100111001011100001000 F   9.8954610466957092E+01   1.9966543093323708E+02 264
CASE 18  4.00  1.00  0.00
PAYLOAD 1001111000000100011001110010010101
ZS  1 -1.15597978E-01  1.29656315E+00  1.80553818E+00 -4.59101975E-01 -1.23194933E+00 -7.08008170E-01  2.81894952E-01  3.68908256E-01
ZS  2 -2.69423604E-01  2.34163642E-01 -2.26950407E+00  8.55207503E-01  1.31991029E+00 -5.64118981E-01 -2.26410151E-01  4.03742313E-01
ZS  3 -9.78302598E-01  8.92243147E-01 -3.67366642E-01 -7.64797568E-01  1.13771886E-01  3.93808633E-01 -5.34312725E-02  1.79646099E+00
ZS  4 -7.67498493E-01 -4.66088444E-01 -1.28291547E+00  7.21797466E-01 -7.51227438E-02  8.93929005E-02  1.33168161E+00  5.16031981E-01
ZS  5  1.05151320E+00 -1.76272795E-01  6.32998049E-01  1.41924584E+00 -8.13611805E-01 -2.27095068E-01  1.23050666E+00  6.42951906E-01
ZS  6 -3.99067223E-01  3.41595978E-01 -8.60689640E-01 -4.00963634E-01 -1.11297584E+00 -1.69343841E+00 -8.50383282E-01  6.35967612E-01
ZS  7  4.73792821E-01  5.71757674E-01 -2.50900477E-01 -5.15853107E-01 -1.83415905E-01 -1.22495222E+00  1.37177300E+00 -1.22492209E-01
ZS  8  2.22245753E-01  1.79669976E-01  2.01765966E+00 -2.45909548E+00  1.31230938E+00  6.79873347E-01  1.39488846E-01 -3.61918151E-01
ZS  9  6.13882422E-01  1.60332537E+00 -3.61392856E-01 -5.57817578E-01 -8.24200511E-01 -6.22090936E-01 -7.69378781E-01 -4.87020016E-02
ZS 10 -3.79025400E-01  2.69336253E-02  8.38397741E-02  1.27069438E+00 -7.19972551E-01 -4.97861356E-01  3.87502551E-01  2.52903402E-02
ZS 11  4.24952686E-01  7.80216217E-01  7.88238406E-01 -1.45592138E-01  5.12776792E-01  1.22764421E+00 -1.45991397E+00 -8.95226896E-02
ZS 12  4.71404970E-01 -4.88863736E-02 -2.02365160E+00 -8.43988359E-01 -4.82623339E-01  6.06213450E-01 -8.95172298E-01  4.22824174E-02
ZS 13  9.44525719E-01 -9.00039554E-01 -5.49141645E-01 -1.90084863E+00 -5.39064109E-02  7.55439281E-01 -8.77106071E-01 -5.88449061E-01
ZS 14  4.33328211E-01 -9.33568776E-02  3.10901582E-01 -1.38237953E+00  1.04890049E+00 -3.59259099E-01  1.69227690E-01 -7.65620708E-01
ZS 15  1.40251732E+00  1.01004887E+00 -1.34363568E+00  6.34690404E-01  4.50341940E-01 -1.10193598E+00  1.34677267E+00 -8.50796282E-01
ZS 16  7.27958918E-01  8.52016866E-01  1.17546773E+00  1.92155480E-01  1.58826232E+00 -1.08413076E+00  3.08553785E-01  1.80518794E+00
ZS 17 -1.88359547E+00  1.07826757E+00  8.05167198E-01  6.64433002E-01 -1.58243313E-01  7.95431674E-01 -1.62438780E-01  2.84646779E-01
ZS 18  2.87160873E-01 -8.19170713E-01 -2.12735796E+00  4.69767153E-01  5.73498726E-01 -1.70433000E-01  7.94935822E-01 -2.13370085E-01
ZS 19  8.95533442E-01  2.41058826E-01 -3.54374528E-01 -2.98748761E-01  7.87655473E-01  4.38154221E-01 -1.43442106E+00 -1.53373945E+00
ZS 20  2.79721051E-01 -6.32225156E-01 -3.35093111E-01 -6.30980492E-01  3.51029754E-01 -3.61799002E-01  6.66561544E-01 -1.29015887E+00
ZS 21  5.42975128E-01  7.70616710E-01 -4.80713546E-01 -2.10140184E-01  2.32958603E+00  7.76076734E-01 -8.01844001E-01 -2.13667557E-01
ZS 22  1.01239130E-01  1.43264949E+00  8.58196557E-01  5.96453667E-01  3.59074533E-01 -3.14370215E-01 -3.31333548E-01 -6.88760817E-01
ZS 23 -2.67747819E-01  5.06454110E-02  1.76162571E-01 -2.59291530E-01 -1.35588956E+00  2.15785933E+00  1.94733799E-01  2.43891895E-01
ZS 24  7.86207736E-01  4.99047935E-02  1.26600766E+00 -3.29338878E-01 -4.75921258E-02  7.38497615E-01 -9.13076520E-01  5.98206043E-01
ZS 25 -4.15523410E-01  4.08097804E-01  3.85932252E-03 -1.03815126E+00 -2.90696263E-01  8.83789808E-02 -6.63836122E-01 -2.85082668E-01
ZS 26  1.06530488E+00 -1.15351605E+00  2.50985682E-01  1.51958525E-01  1.33823752E+00 -2.35558316E-01  3.79659861E-01 -1.15452361E+00
ZS 27  1.98528385E+00 -1.18719459E+00  2.73157418E-01 -1.45437762E-01 -8.07854176E-01  9.34543967E-01 -5.05514145E-01  5.82726121E-01
ZS 28 -7.42026687E-01  5.41788995E-01 -9.70222592E-01  5.46510033E-02  6.59750342E-01  3.06075454E+00 -4.27027643E-01  4.64138150E-01
ZS 29 -1.78669199E-01  1.10362005E+00  3.56407106E-01  8.91212463E-01 -7.21385062E-01  5.76395750E-01  1.21127379E+00 -8.14106762E-02
ZS 30  6.35745764E-01 -5.64496279E-01 -2.32304144E+00  5.81286788E-01  1.57649383E-01 -6.00401163E-02 -2.40593493E-01 -9.81363654E-01
ZS 31 -1.72241718E-01 -5.01622021E-01  2.40349621E-02 -5.22413433E-01  2.14663982E-01 -8.40313673E-01 -1.39630532E+00 -2.47297645E+00
ZS 32 -1.16927922E-01  6.24694586E-01 -4.46684778E-01 -1.30576468E+00 -3.56744111E-01  6.51508346E-02  1.45288062E+00 -7.23336101E-01
ZS 33 -1.21160746E+00 -1.46145388E-01  8.62979412E-01  7.08006918E-01  1.20959020E+00  6.59409642E-01  1.97819626E+00 -2.17559695E+00
ZS 34 -4.14246827E-01 -1.18915319E+00 -3.74513686E-01 -4.70838606E-01 -2.70490885E-01 -6.94944024E-01  2.14481831E+00  9.05410767E-01
ZS 35  7.23110318E-01  1.90682137E+00  1.40942240E+00  1.18451989E+00  7.72920012E-01 -5.33915043E-01 -4.92884874E-01  1.09444833E+00
ZS 36 -2.08171159E-01 -8.84660363E-01  3.20178360E-01 -9.35586929E-01  2.63389528E-01  1.11851215E+00 -2.21045589E+00 -2.05303013E-01
ZS 37  8.64100397E-01  4.38434958E-01 -2.56267309E+00 -6.46650136E-01 -4.56696451E-01 -1.31814528E+00 -4.46462035E-02 -1.35587299E+00
ZS 38  9.05014694E-01 -1.17164874E+00 -6.04169369E-01  4.09243405E-01 -4.10984993E-01  1.15102780E+00  6.85025752E-01 -1.97502732E-01
ZS 39 -7.95364141E-01 -7.05230296E-01  1.06683284E-01 -8.60451281E-01  5.35671487E-02 -7.30170250E-01  1.56691861E+00 -3.33442509E-01
ZS 40 -1.00920260E-01  2.85641640E-01 -2.89088637E-01  4.32106435E-01  1.80059326E+00  1.72841084E+00 -6.65438831E-01 -4.72584546E-01
ZS 41  1.65917426E-02  1.67504203E+00  5.67947567E-01  1.37641877E-01 -8.90344143E-01  2.33322948E-01  9.97655094E-02  3.79317194E-01
ZS 42 -5.36726177E-01  2.26916575E+00  6.40954256E-01  9.05702412E-01  5.76918066E-01  3.85536939E-01 -4.98542428E-01  6.68965042E-01
ZS 43 -3.17335820E+00 -1.20256853E+00  4.84207302E-01  1.17851162E+00  2.75368989E-01 -2.12607637E-01  1.60898358E-01 -5.25643528E-01
ZS 44 -2.96834856E-01 -3.31547320E-01 -7.72885680E-01 -2.10234213E+00  5.15697122E-01  1.10926606E-01  2.44863659E-01  1.18125379E+00
ZS 45 -7.18227327E-02  9.40863132E-01  3.26902270E-01 -6.67208433E-02  1.93835050E-01 -4.62892473E-01  5.66134691E-01 -1.16465497E+00
ZS 46  9.35864449E-02 -1.91184950E+00 -7.27144122E-01 -4.24796790E-01  1.54440045E+00  4.31879997E-01  3.90082687E-01  3.55623394E-01
ZH  1  9.26603675E-01  1.35783637E+00  1.21394551E+00  7.30777681E-01
ZH  2  4.29179102E-01  1.76647782E+00  1.04291606E+00  4.02882606E-01
ZH  3  1.17399144E+00  9.56996679E-01  5.38690329E-01  1.78869402E+00
ZH  4  1.24354267E+00  1.42612827E+00  1.25289488E+00  1.08523393E+00
ZH  5  9.04810667E-01  1.19009757E+00  9.06253219E-01  1.36964464E+00
ZH  6  4.34908539E-01  9.88550186E-01  1.49849069E+00  1.04633427E+00
ZH  7  1.23614192E+00  8.76278818E-01  9.49477255E-01  1.02888834E+00
ZH  8  5.63775539E-01  2.25216937E+00  1.28628719E+00  3.09457541E-01
ZH  9  1.76685226E+00  6.55325949E-01  7.98691094E-01  6.14312947E-01
ZH 10  5.44837832E-01  1.33812487E+00  7.96569228E-01  7.17333376E-01
ZH 11  1.16265225E+00  1.02553248E+00  1.07045364E+00  1.17075443E+00
ZH 12  6.39230728E-01  1.56109285E+00  1.06294751E+00  6.70452535E-01
ZH 13  1.27092361E+00  1.56963241E+00  7.16647744E-01  1.11636782E+00
ZH 14  6.11133575E-01  1.23380768E+00  9.61548567E-01  1.27082753E+00
ZH 15  1.30640006E+00  1.58681333E+00  1.06119156E+00  1.27138150E+00
ZH 16  9.36587632E-01  9.19603765E-01  1.58940935E+00  1.52714849E+00
ZH 17  2.03428197E+00  1.50140738E+00  7.39552140E-01  8.77394855E-01
ZH 18  7.82912493E-01  1.85915935E+00  7.40606546E-01  5.90250015E-01
ZH 19  9.95563149E-01  1.13811302E+00  1.43822646E+00  1.63028586E+00
ZH 20  5.32932758E-01  1.06417274E+00  1.16191745E+00  1.39340889E+00
ZH 21  8.81914794E-01  4.71779853E-01  1.82820237E+00  6.14157557E-01
ZH 22  1.27512324E+00  1.01738751E+00  1.32690275E+00  8.82031441E-01
ZH 23  1.11784053E+00  5.88460922E-01  2.36345243E+00  1.20172989E+00
ZH 24  1.11346149E+00  1.05420649E+00  6.66094661E-01  7.78704643E-01
ZH 25  7.92943478E-01  7.51692832E-01  6.12761855E-01  6.32854342E-01
ZH 26  1.36879575E+00  8.82692337E-01  1.06158197E+00  1.03332901E+00
ZH 27  1.64705288E+00  3.64778370E-01  9.68700469E-01  9.32846069E-01
ZH 28  7.22396612E-01  7.15753913E-01  2.26745224E+00  7.09339499E-01
ZH 29  1.09502411E+00  6.84153318E-01  6.60666525E-01  1.23520112E+00
ZH 30  9.09955323E-01  1.80877423E+00  8.04340243E-01  1.22094834E+00
ZH 31  4.20547515E-01  4.34899241E-01  8.19051862E-01  2.05131197E+00
ZH 32  1.25177538E+00  1.25494123E+00  6.15515053E-01  1.36583388E+00
ZH 33  9.35215771E-01  1.15840733E+00  1.41919649E+00  2.13697815E+00
ZH 34  1.08907115E+00  1.32801366E+00  1.02213275E+00  1.67423499E+00
ZH 35  1.59981251E+00  1.46260059E+00  6.88435674E-01  1.07960463E+00
ZH 36  9.84876812E-01  7.77012587E-01  9.01575565E-01  1.64467609E+00
ZH 37  8.66269886E-01  1.97611237E+00  1.29621053E+00  1.52599752E+00
ZH 38  1.31136882E+00  6.10289752E-01  9.02167737E-01  8.31075430E-01
ZH 39  8.84629488E-01  8.48623753E-01  6.19725883E-01  1.31678808E+00
ZH 40  1.06108308E+00  4.74654585E-01  1.94362152E+00  7.52839088E-01
ZH 41  1.34883463E+00  5.15574157E-01  7.32606471E-01  6.85016453E-01
ZH 42  1.78418815E+00  1.10331810E+00  5.74608624E-01  1.53204119E+00
ZH 43  2.49324369E+00  1.02847838E+00  5.48241377E-01  1.03043628E+00
ZH 44  3.40730041E-01  1.93799746E+00  8.23268056E-01  9.32559788E-01
ZH 45  7.31137455E-01  1.11882830E+00  3.67890954E-01  1.25026250E+00
ZH 46  1.63812745E+00  6.37653470E-01  1.99397492E+00  4.80332524E-01
DEC T rungs=1 block=1 rank=1 half=F pool=4 metric=  1.8568677109479904E+02
DECPAYLOAD 1001111000000100011001110010010101
RUNG L1 count=4 pool=4
H 1 1001111000000100011001110010010101010100000111 T   1.8568677109479904E+02   3.7270608213543892E+02 263
H 2 1001111000000100011001110010010101010100000011 F   1.7965315854549408E+02   3.6341627940535545E+02 259
H 3 0111010000000100011001110010010101010100000100 F   1.7887144457548857E+02   3.6203208200633526E+02 260
H 4 0011010000000100011001110010010101010100000110 F   1.7845728762447834E+02   3.6656883232295513E+02 262
RUNG L2 count=4 pool=4
H 1 1001111000000100011001110010010101010100000111 T   1.3292541825771332E+02   2.6585083651542664E+02 263
H 2 1001111000000100011001111010110101010100000111 F   1.2724671256542206E+02   2.6017213082313538E+02 263
H 3 1001111001101101101001110010010101010100000111 F   1.2472107940912247E+02   2.5764649766683578E+02 263
H 4 1001111000000000111001110010010101010100000111 F   1.2189154398441315E+02   2.5481696224212646E+02 263
RUNG L4 count=4 pool=4
H 1 0010011011101000001001100101100100001101000010 F   7.3424534320831299E+01   1.4684906864166260E+02 322
H 2 0110001011101000001001100101100001110100000110 F   7.3242857456207275E+01   1.5113063478469849E+02 262
H 3 0110101001111111111000101011110001110100000110 F   7.2917739868164062E+01   1.5080551719665527E+02 262
H 4 1101111100100010110101000000011000010100001011 F   7.2627387285232544E+01   1.4703344511985779E+02 267
RUNG H1 count=4 pool=5
H 1 1001111000000100011001110010010101010100000111 T   1.1975328695774078E+02   2.4208571714162827E+02 263
H 2 0010110101001101101001110010010101010100000111 F   1.1849658265709877E+02   2.4082901284098625E+02 263
H 3 1000110000000100011001110010010101010100000111 F   1.1792067687213421E+02   2.4025310705602169E+02 263
H 4 0111010000000100011001110010010101010100000100 F   1.1737118348479271E+02   2.3564701750874519E+02 260
CASE 19  6.00  1.00  0.00
PAYLOAD 0010110101010111111011101110100101
ZS  1  1.98535490E+00 -1.03591156E+00  3.93584132E-01 -1.84980989E-01 -7.39529788E-01  1.08988717E-01 -9.40641880E-01  4.34139013E-01
ZS  2  2.30689034E-01  1.24261439E-01  1.61891484E+00  1.83259690E+00 -1.33090484E+00  4.51351523E-01 -3.02244544E-01  4.03009951E-02
ZS  3 -1.40172899E-01  7.91364789E-01 -1.26626462E-01 -6.55847073E-01 -4.94176149E-03 -1.24287951E+00 -4.49133545E-01  2.46886444E+00
ZS  4 -1.27005827E+00  8.52979839E-01 -7.99141407E-01  1.07563210E+00 -1.75626850E+00  1.28657258E+00  8.78045499E-01 -6.81222856E-01
ZS  5 -2.22266030E+00 -8.02970231E-01  5.56658395E-02 -1.58479953E+00 -1.14077300E-01 -6.17521584E-01  1.23620972E-01  5.60154319E-01
ZS  6 -1.02349162E+00 -3.35452855E-02 -8.71105790E-02 -3.00020576E-02  1.89503074E-01 -4.61976647E-01 -7.98987031E-01 -1.35300040E+00
ZS  7 -8.62339616E-01  3.13612759E-01 -3.60346347E-01  6.30721688E-01  1.41617328E-01  8.86918128E-01  2.22645855E+00 -2.02294111E+00
ZS  8 -1.41330719E-01 -3.98313880E-01  1.33723414E+00  5.67800999E-01  9.13449645E-01 -1.18093982E-01  9.57394898E-01  1.32167637E+00
ZS  9  2.30668259E+00  2.25014663E+00  9.12201703E-01 -1.51918530E-01  1.57608807E-01 -1.55905366E-01  4.34093297E-01  8.03158283E-01
ZS 10 -1.75483227E+00  1.14968216E+00 -1.08429372E+00  1.48647082E+00  6.09483719E-01  2.95235515E-01  7.80766129E-01 -1.33184522E-01
ZS 11 -6.10398531E-01  3.73467207E-01  4.84258533E-01 -1.09737515E-01 -2.00114250E+00 -1.19677305E+00 -4.21215206E-01 -9.87335086E-01
ZS 12 -1.34114325E-01 -4.43701446E-01  6.42139316E-01  5.66136420E-01  1.18884072E-01 -7.74058223E-01  2.96464860E-01 -1.12621498E+00
ZS 13  2.34806156E+00 -1.12277460E+00  1.24627507E+00 -3.18267614E-01  9.31680799E-02  9.78337288E-01  9.41211939E-01 -1.09124053E+00
ZS 14  1.22259974E+00 -1.96844369E-01 -2.49983832E-01  7.30614424E-01  2.93838239E+00 -5.57423949E-01 -6.67708755E-01  3.85415971E-01
ZS 15 -3.36761296E-01  2.18176275E-01  1.40480971E+00  1.73036575E+00  7.42281258E-01  1.12815380E+00 -4.12943959E-01 -5.80189228E-02
ZS 16  1.24874103E+00 -4.31085587E-01  4.69722599E-01  1.24234259E+00  5.40136814E-01  3.07887793E-01 -1.53038836E+00  1.71809673E+00
ZS 17 -3.34451973E-01 -5.10154724E-01 -6.08910441E-01 -5.99490643E-01  1.17767417E+00  1.07610011E+00 -1.69901371E+00  9.37992990E-01
ZS 18  3.35383445E-01 -5.01143217E-01  4.93318319E-01  4.16925251E-01  1.24664629E+00 -6.21326327E-01 -1.37915468E+00 -2.99964142E+00
ZS 19  4.33292240E-01 -1.89724946E+00  1.21876895E-02  8.01710129E-01  8.20218921E-01 -9.08310562E-02  1.11859709E-01  2.28720903E-01
ZS 20 -1.51304698E+00  1.71344101E-01  1.58728421E-01  7.30751038E-01 -3.17768455E-01 -7.31895685E-01  2.83878946E+00 -4.20301169E-01
ZS 21 -7.25212991E-01 -1.35412788E+00  2.13201809E+00  8.36960793E-01  8.67119074E-01  6.68563128E-01 -3.83179933E-01  4.45141554E-01
ZS 22 -4.32473361E-01  6.24053955E-01  2.73831367E-01 -1.21239436E+00 -9.75344896E-01  3.41257513E-01  2.59962082E-02  2.14356518E+00
ZS 23 -9.08813238E-01  1.09562874E+00 -5.84466279E-01 -4.83888388E-02 -4.28087682E-01  3.20208222E-02 -2.46521091E+00 -3.04752946E-01
ZS 24 -2.34483108E-01  4.42831129E-01  2.38475144E-01  8.35677564E-01 -2.70983124E+00 -1.04914713E+00  1.63647413E-01  1.31201553E+00
ZS 25 -1.30265999E+00  4.17375505E-01 -1.29356474E-01 -2.46443689E-01  3.84077400E-01 -1.62360144E+00 -5.12719929E-01 -1.41009465E-01
ZS 26 -1.02426779E+00 -5.64817488E-01  1.13607183E-01 -5.77414855E-02  5.21639466E-01  6.75606370E-01  2.70706272E+00 -1.76579082E+00
ZS 27 -1.11619604E+00 -8.00987244E-01 -8.13578606E-01 -1.12268066E+00  2.79196262E-01 -9.62169766E-02  1.41915500E+00  1.22356033E+00
ZS 28  6.50790274E-01 -7.78640509E-02  5.09160399E-01  1.15848398E+00 -2.32651696E-01  8.43243897E-02  7.03228831E-01  1.32530248E+00
ZS 29 -1.51470351E+00  4.52854872E-01 -9.62937117E-01  8.63224387E-01  8.92014563E-01  3.20238829E-01 -4.35630411E-01 -7.34269619E-04
ZS 30 -2.09116042E-01 -7.38607645E-01 -2.55531716E+00 -8.44761729E-03  5.86571097E-01  5.86571336E-01  1.19891703E+00 -2.85007894E-01
ZS 31 -1.88344717E-01 -2.74061650E-01 -9.62513328E-01  3.99185717E-02 -1.15580070E+00 -7.34289646E-01 -3.86645734E-01  1.06992054E+00
ZS 32  2.47694921E+00 -2.04247832E+00  1.45126879E+00 -8.49711537E-01 -6.10439897E-01 -2.02412397E-01  1.19431496E+00  6.98975384E-01
ZS 33  7.76416063E-03 -9.21228945E-01 -1.37079209E-02  1.16007614E+00 -4.15447026E-01 -1.27199018E+00  2.27094650E+00 -5.19249439E-01
ZS 34 -3.07338655E-01 -1.61963999E-01  5.70509076E-01  1.95764303E+00  9.91081744E-02 -1.19406104E-01  8.88842523E-01 -2.14444667E-01
ZS 35 -9.07619476E-01  4.02318388E-01 -6.31339490E-01 -5.11167109E-01  2.15792209E-01 -1.19200528E-01 -4.94661033E-01 -1.01258963E-01
ZS 36 -2.51696134E+00  2.11532488E-01  3.07791531E-02 -7.19784856E-01  1.18706822E-01 -7.27719545E-01 -7.76015282E-01 -1.28261611E-01
ZS 37  5.36280036E-01 -2.41306514E-01 -7.94067800E-01 -1.37235546E+00  3.11726093E-01 -1.79007471E-01  6.19013786E-01 -1.19928193E+00
ZS 38  2.90402740E-01 -9.46956158E-01  3.30313623E-01 -3.06833446E-01 -3.82472783E-01  6.19369984E-01 -4.81021523E-01 -1.78011143E+00
ZS 39  7.55341291E-01  4.59862411E-01 -9.84501302E-01  5.68134896E-03  7.61214614E-01  7.95448065E-01  2.36531639E+00  5.86381912E-01
ZS 40  1.72900128E+00  7.24288344E-01  2.52869964E-01 -5.33077478E-01 -2.03197002E-02  8.35706949E-01  3.72348905E-01 -4.65009063E-01
ZS 41  2.28979543E-01  1.34508669E-01  3.52840900E-01  1.58390319E+00 -9.95485485E-02  1.71568716E+00  5.17603874E-01  5.15067279E-01
ZS 42 -1.06590533E+00  5.24598479E-01 -2.14351982E-01  1.98453665E-03 -2.76207298E-01 -8.89372230E-02 -1.05967486E+00  4.02761310E-01
ZS 43 -1.54685652E+00 -4.34151769E-01 -4.44360256E-01 -2.29457855E-01  1.35711813E+00 -9.92885172E-01 -9.56943154E-01  6.90968037E-01
ZS 44  6.35284066E-01 -6.92336023E-01  9.51041281E-02  1.00559354E+00 -5.00681877E-01 -7.48116612E-01 -8.94354701E-01 -2.19345975E+00
ZS 45  2.65614182E-01  5.86775005E-01 -2.74810493E-01  5.74870527E-01  1.77292812E+00 -1.24191058E+00 -2.98655927E-01 -2.04187587E-01
ZS 46  8.07564914E-01 -1.09814584E+00  2.62896717E-01  1.53669536E+00  3.54137003E-01 -6.26526535E-01  1.63617277E+00  1.21012819E+00
ZH  1  1.74841619E+00  1.02476799E+00  9.99563813E-01  9.37436521E-01
ZH  2  3.84189874E-01  1.84682775E+00  1.29068589E+00  6.88066781E-01
ZH  3  1.56306887E+00  5.85303485E-01  9.92502809E-01  1.99047065E+00
ZH  4  1.25352216E+00  1.16194403E+00  1.59435821E+00  9.29115891E-01
ZH  5  1.76694024E+00  1.15417075E+00  8.53766799E-01  4.94852066E-01
ZH  6  9.95265603E-01  1.15183806E+00  4.15293872E-01  1.21118760E+00
ZH  7  9.42430735E-01  7.79364467E-01  1.59897339E+00  2.49423599E+00
ZH  8  3.82184684E-01  1.05234313E+00  1.48144770E+00  1.49104631E+00
ZH  9  2.35695171E+00  9.13314521E-01  9.81238842E-01  8.20873201E-01
ZH 10  1.52696002E+00  1.39109242E+00  9.08326507E-01  9.04231489E-01
ZH 11  5.28418005E-01  1.50615323E+00  1.99607611E+00  8.12850475E-01
ZH 12  3.82162392E-01  6.98483944E-01  8.18446577E-01  1.34469235E+00
ZH 13  1.84406340E+00  1.00032365E+00  1.29576826E+00  1.02721262E+00
ZH 14  1.08070767E+00  7.54214346E-01  2.19599080E+00  5.55528760E-01
ZH 15  5.17931819E-01  1.58191836E+00  1.15575171E+00  1.39112377E+00
ZH 16  9.66150820E-01  1.18657327E+00  7.01908529E-01  1.82159960E+00
ZH 17  5.53704739E-01  1.22808158E+00  1.16052163E+00  1.38800728E+00
ZH 18  5.01624107E-01  1.57532322E+00  1.21389806E+00  2.40176058E+00
ZH 19  1.41199172E+00  8.24531555E-01  1.13729501E+00  7.20160782E-01
ZH 20  1.22604573E+00  1.39713871E+00  8.88578653E-01  2.14457321E+00
ZH 21  1.66356814E+00  1.70856202E+00  8.55836630E-01  1.15329731E+00
ZH 22  1.32835257E+00  1.05673528E+00  8.00280392E-01  1.87117136E+00
ZH 23  1.24899888E+00  5.28908551E-01  3.83247077E-01  1.94990218E+00
ZH 24  9.06062782E-01  1.04275525E+00  2.10581541E+00  1.49104786E+00
ZH 25  1.35844076E+00  5.63542664E-01  1.27097034E+00  8.06868970E-01
ZH 26  1.03701687E+00  4.00064409E-01  1.26423073E+00  2.41141343E+00
ZH 27  1.26214743E+00  1.02377808E+00  2.27558181E-01  1.41072166E+00
ZH 28  1.00523996E+00  1.33800924E+00  7.97946632E-01  1.11616421E+00
ZH 29  1.32047033E+00  1.01782572E+00  9.67561603E-01  4.66119140E-01
ZH 30  7.76994586E-01  1.88465011E+00  1.20038486E+00  1.08394623E+00
ZH 31  2.40655616E-01  8.39200854E-01  1.12051916E+00  8.72716010E-01
ZH 32  2.43606544E+00  1.62174511E+00  4.56940919E-01  1.25376236E+00
ZH 33  1.09316158E+00  9.49658811E-01  1.14072883E+00  1.67186511E+00
ZH 34  9.66472745E-01  1.50419116E+00  5.99071801E-01  7.80423462E-01
ZH 35  9.46164966E-01  8.90693188E-01  7.86645710E-01  7.35087037E-01
ZH 36  1.79196000E+00  8.90705585E-01  1.26776624E+00  7.40002334E-01
ZH 37  7.61261165E-01  1.27899790E+00  1.39401555E+00  1.76732957E+00
ZH 38  9.59843934E-01  1.26641917E+00  6.67365313E-01  1.34241712E+00
ZH 39  1.06965327E+00  7.57893562E-01  1.74561691E+00  1.79901457E+00
ZH 40  1.42645276E+00  1.22017789E+00  7.05533981E-01  7.27333546E-01
ZH 41  9.80243385E-01  1.34616649E+00  1.54914963E+00  7.40212917E-01
ZH 42  9.17322874E-01  7.46156216E-01  7.33347535E-01  1.15741408E+00
ZH 43  1.54603434E+00  1.54269350E+00  1.62194884E+00  1.21555710E+00
ZH 44  1.03728545E+00  8.86359155E-01  9.84867692E-01  1.68239653E+00
ZH 45  9.42346871E-01  4.83481973E-01  1.66998172E+00  5.81528783E-01
ZH 46  1.18478978E+00  1.78053272E+00  6.73036039E-01  1.70443666E+00
DEC T rungs=1 block=1 rank=1 half=F pool=3 metric=  2.3238989162445068E+02
DECPAYLOAD 0010110101010111111011101110100101
RUNG L1 count=3 pool=3
H 1 0010110101010111111011101110100101100011000011 T   2.3238989162445068E+02   4.6477978324890137E+02 195
H 2 0010110101010111111011101110100101101011000011 F   2.1737078946828842E+02   4.4976068109273911E+02 195
H 3 0010110101010111111011101110100100101011000011 F   2.1317436525225639E+02   4.4556425687670708E+02 195
RUNG L2 count=4 pool=4
H 1 0010110101010111111011101110100101100011000011 T   1.6953542423248291E+02   3.3907084846496582E+02 195
H 2 0010110101010111111011101110100100101011000011 F   1.5331556445360184E+02   3.2285098868608475E+02 195
H 3 0010110101010111111011101110101100101011000011 F   1.5221940356492996E+02   3.2175482779741287E+02 195
H 4 0010110101010111111011101110100101101011000011 F   1.5090280681848526E+02   3.2043823105096817E+02 195
RUNG L4 count=2 pool=2
H 1 0010110111000100101110101110010100100010011010 F   8.7683960199356079E+01   1.7536792039871216E+02 154
H 2 0010110111000100101110101110010101000010011010 F   8.4905660092830658E+01   1.7258962029218674E+02 154
RUNG H1 count=3 pool=3
H 1 0010110101010111111011101110100101100011000011 T   1.3625223886966705E+02   2.7250447773933411E+02 195
H 2 0010110101010111111011101110100101101011000011 F   1.3205689007043839E+02   2.6830912894010544E+02 195
H 3 0101111101010111111011101110100101101110001100 F   1.3089579305052757E+02   2.6709722992777824E+02 396
CASE 20  6.00  1.00  0.00
PAYLOAD 0100011110100110100101100110110100
ZS  1 -1.10217822E+00  6.23410463E-01  2.70933914E+00 -8.73142034E-02  3.23641479E-01 -2.03867555E-01  1.42387033E+00 -5.06934285E-01
ZS  2  1.01065803E+00  2.07445025E+00  2.42378488E-02  6.59626424E-01  4.33896899E-01 -1.87116373E+00  1.37149584E+00 -6.83962464E-01
ZS  3 -9.17952299E-01  2.12400198E+00  2.42965758E-01  3.48523319E-01  1.70079842E-02  3.07452798E-01 -1.76009431E-01  1.27024218E-01
ZS  4 -5.56583703E-01 -1.40735078E+00  1.11166805E-01  5.72249293E-02 -6.56077802E-01  4.63196158E-01 -2.14161181E+00  5.09413481E-02
ZS  5  1.22733796E+00 -1.09625697E+00  8.05625796E-01  6.83835566E-01  9.25718307E-01  5.35490632E-01 -1.62066650E+00 -1.62620664E+00
ZS  6  9.06224370E-01 -9.15452003E-01  8.43516648E-01  5.03586709E-01  8.88217747E-01 -1.86488748E+00 -1.79090917E-01  6.63231254E-01
ZS  7 -1.10001290E+00  6.90283328E-02  2.15645218E+00 -5.63185692E-01  3.56232747E-02  6.98079616E-02  4.66637492E-01 -9.07867849E-01
ZS  8  8.84986594E-02 -3.99997830E-02  1.42151582E+00  2.76388228E-01  1.32957625E+00  2.00650573E-01  1.02161431E+00  9.59886193E-01
ZS  9 -1.11396384E+00  1.96259782E-01  6.07972026E-01 -8.50181937E-01  2.71581173E-01  3.60708535E-02  6.28096461E-02  1.34781706E+00
ZS 10  3.88112128E-01 -3.74684095E-01 -3.49864960E-01 -5.02283156E-01 -2.80983269E-01  4.45219010E-01 -1.48740554E+00  6.45706415E-01
ZS 11 -2.63296068E-01 -5.00841558E-01  5.76100796E-02 -7.04517365E-01  4.98598278E-01 -5.89796841E-01 -1.63031650E+00 -2.84818649E-01
ZS 12  4.99995828E-01 -1.05207467E+00 -7.07283020E-01 -1.44563496E+00 -4.68371809E-01  1.14124095E+00  1.80593610E-01 -8.89283657E-01
ZS 13  4.85287398E-01  3.73813093E-01  1.45621467E+00 -1.47424054E+00 -3.67973745E-01  8.83614719E-01 -5.62299669E-01 -3.45784783E-01
ZS 14 -6.66876554E-01 -1.10904145E+00  7.92932510E-03 -3.66078094E-02 -1.88925028E-01  3.36179882E-01  3.58763993E-01  1.54681116E-01
ZS 15 -8.41778696E-01 -1.39102578E-01  5.10768175E-01  7.19198883E-01 -2.59200513E-01  3.09393048E-01  6.68202639E-01  2.58260560E+00
ZS 16 -3.22507977E+00  1.58972287E+00 -4.58007842E-01  7.50937387E-02  9.52645123E-01 -8.52158070E-02 -1.25609607E-01 -1.14311898E+00
ZS 17 -6.06871963E-01  2.58438647E-01 -1.87176466E+00  2.23609418E-01 -6.94707036E-01  3.51605237E-01  5.45507669E-01  6.96528196E-01
ZS 18 -9.70903873E-01 -1.26320377E-01  7.78677225E-01 -5.26536226E-01 -1.07457578E+00 -6.39529407E-01 -2.88891405E-01  5.65201938E-01
ZS 19 -1.48089933E+00  4.26158190E-01 -3.64559114E-01 -7.15563178E-01  2.12892175E+00 -2.32747316E+00 -4.08271492E-01  1.73591208E+00
ZS 20  2.90416908E+00  1.07576466E+00 -1.06713831E+00 -5.69993675E-01 -1.06007993E-01 -6.92823172E-01  9.02550042E-01 -5.08458316E-01
ZS 21  2.36974373E-01 -7.21786320E-02 -2.33156860E-01 -2.51676857E-01  5.27437925E-01  1.56220591E+00  3.59275103E-01  5.61870217E-01
ZS 22  3.56363535E-01  2.59945303E-01  1.46984231E+00 -4.53947753E-01 -9.08609867E-01  1.48657763E+00 -1.89488280E+00  2.93497944E+00
ZS 23 -2.24449062E+00 -2.20921278E+00 -4.46527123E-01  5.67959249E-02  3.79418254E-01  5.26232779E-01  7.12908745E-01 -2.02731311E-01
ZS 24 -1.89622569E+00 -1.63833737E+00 -5.74396312E-01 -3.51164252E-01 -9.28278565E-01 -7.44455576E-01 -9.32351112E-01  7.24530816E-02
ZS 25 -6.83211744E-01 -4.71393734E-01  1.44509435E+00 -2.19306684E+00 -9.97294188E-01  9.76321518E-01 -5.52723050E-01  2.37189561E-01
ZS 26 -1.47854304E+00  3.08530062E-01  2.74451494E+00  9.75698709E-01 -1.19358748E-01 -6.46772444E-01 -2.52863079E-01 -6.54150367E-01
ZS 27  1.51835012E+00  1.89312410E+00 -2.34712675E-01 -8.56256902E-01  3.50062609E-01  3.71451303E-02  5.82508504E-01 -6.00631356E-01
ZS 28  1.45124108E-01  2.68096089E+00  2.73245811E-01  1.43922210E-01 -8.86508375E-02 -3.19822311E-01 -9.89223659E-01  6.47022486E-01
ZS 29 -1.38102937E+00 -6.61789179E-01  4.92027774E-02  6.76083326E-01  2.28077188E-01 -5.57201147E-01  2.60733008E-01 -5.99500418E-01
ZS 30 -2.05558062E-01 -1.28949225E+00 -9.41740394E-01  8.80504072E-01 -4.00014699E-01 -9.00644660E-01 -1.52192736E+00 -1.90542531E+00
ZS 31 -1.28773734E-01 -7.78183341E-03 -1.10384631E+00 -6.12325430E-01 -4.53561187E-01  7.38412619E-01  7.63662815E-01 -1.75619626E+00
ZS 32 -7.22120404E-01 -2.93941975E-01  1.98187590E-01  2.98210263E-01  1.17226970E+00 -1.36691034E+00  4.39562947E-02  5.80933094E-02
ZS 33 -3.61686014E-02  2.18717426E-01 -9.15025592E-01 -1.33538067E-01  1.02367163E+00  7.88882613E-01 -3.30630034E-01 -2.33375564E-01
ZS 34  4.53418821E-01 -8.37192595E-01  4.81364131E-02 -6.82222545E-01 -6.32298112E-01  2.47981262E+00  5.14321804E-01 -1.49278200E+00
ZS 35  9.40212846E-01 -1.84428662E-01 -7.26664305E-01  6.24592721E-01  8.45796943E-01 -2.89642006E-01 -7.52685905E-01  4.78420615E-01
ZS 36 -2.01837873E+00 -1.02727818E+00  3.51310164E-01  2.09567517E-01  1.33502972E+00  3.87094140E-01  5.48419058E-01 -8.11384618E-03
ZS 37 -6.16325438E-02  5.44901490E-01 -3.34443152E-01 -3.38610721E+00 -4.41597611E-01  8.72629881E-03 -6.85536325E-01  9.97430861E-01
ZS 38  1.15105820E+00 -6.66531205E-01  1.97955146E-01 -2.08640411E-01  3.62822950E-01  9.12920535E-01  9.15473998E-01 -1.86270642E+00
ZS 39 -7.23335445E-02 -3.19055080E-01  4.94443536E-01 -3.56733441E-01  2.21027040E+00 -6.53113663E-01  1.05628514E+00  3.54103953E-01
ZS 40  1.24004698E+00  5.78143358E-01  8.32915187E-01  2.93337286E-01 -3.07390064E-01 -2.46081650E-01  8.83791208E-01  8.07121038E-01
ZS 41 -9.30866122E-01 -2.14733124E-01 -2.57609940E+00  1.32514143E+00  1.33185983E+00  6.15866296E-02 -1.71651900E-01 -4.79732454E-02
ZS 42 -1.31387711E+00  4.26706702E-01 -3.33055079E-01  4.51082200E-01 -4.89013255E-01  5.52782297E-01  3.10052127E-01  1.64421916E-01
ZS 43 -1.75080919E+00 -3.34617639E+00 -2.56177604E-01 -2.14045286E+00 -4.86422330E-01 -8.88042450E-01  5.45563042E-01 -3.27004671E-01
ZS 44  2.09424114E+00 -2.57115841E+00 -1.15061665E+00 -4.71606255E-01 -1.89067006E-01  9.34063017E-01  5.71000457E-01  8.17863166E-01
ZS 45  1.68420494E+00  1.21355906E-01  6.13029778E-01  2.55513608E-01  5.65320373E-01 -1.76206082E-01 -6.40838146E-02  2.53903061E-01
ZS 46  1.52304113E+00  5.14768958E-02 -6.78818822E-01 -9.27193046E-01 -3.95024121E-01 -5.87765813E-01  8.76061559E-01  8.79073322E-01
ZH  1  1.09382784E+00  2.00332642E+00  4.29696977E-01  1.13437724E+00
ZH  2  1.65480804E+00  6.08146548E-01  1.73049259E+00  1.45684254E+00
ZH  3  2.03031039E+00  5.13837695E-01  2.84053892E-01  4.76846665E-01
ZH  4  1.08789635E+00  2.19371140E-01  6.98254943E-01  1.59653354E+00
ZH  5  1.25491786E+00  8.99709702E-01  1.23932457E+00  1.63220739E+00
ZH  6  1.17835367E+00  8.21201324E-01  1.72057903E+00  8.26860011E-01
ZH  7  9.32644725E-01  1.83549237E+00  3.40981424E-01  9.59470332E-01
ZH  8  2.28985533E-01  1.20042026E+00  1.28097594E+00  1.02960610E+00
ZH  9  8.23892593E-01  8.77549350E-01  7.79294252E-01  1.37988591E+00
ZH 10  7.42557049E-01  7.78162897E-01  1.06544352E+00  1.33442891E+00
ZH 11  7.92390704E-01  7.00056195E-01  7.96056151E-01  1.23327315E+00
ZH 12  1.08019173E+00  1.25383294E+00  1.12210774E+00  6.44134104E-01
ZH 13  1.13325655E+00  1.52541530E+00  7.81672180E-01  1.31842947E+00
ZH 14  1.20027530E+00  5.61261177E-01  1.10260308E+00  5.09066224E-01
ZH 15  9.11634207E-01  1.07652235E+00  1.42565751E+00  2.09961438E+00
ZH 16  2.63754845E+00  7.71863937E-01  1.18501616E+00  8.63675654E-01
ZH 17  1.17654622E+00  1.36617351E+00  5.77308238E-01  7.51546681E-01
ZH 18  8.09181571E-01  8.55932057E-01  1.04840195E+00  1.24800122E+00
ZH 19  1.23014176E+00  6.99981809E-01  2.40189028E+00  1.58552527E+00
ZH 20  2.34046459E+00  9.57735956E-01  1.07895625E+00  8.05231094E-01
ZH 21  8.22049499E-01  1.05316424E+00  1.32197225E+00  6.10747695E-01
ZH 22  3.64275485E-01  1.44800878E+00  1.49701869E+00  2.60530782E+00
ZH 23  2.25699162E+00  6.47596419E-01  1.15422046E+00  7.70558536E-01
ZH 24  1.95531034E+00  6.48004830E-01  1.09924769E+00  7.38624156E-01
ZH 25  1.03814852E+00  1.90591204E+00  1.08915424E+00  9.96350408E-01
ZH 26  1.26802731E+00  2.07207990E+00  8.17819118E-01  5.07464170E-01
ZH 27  1.82941604E+00  6.63535953E-01  4.38587278E-01  6.78412795E-01
ZH 28  2.01803684E+00  8.08775902E-01  5.55868745E-01  1.15322149E+00
ZH 29  1.15296316E+00  6.84111893E-01  8.59910548E-01  1.09358859E+00
ZH 30  1.74642241E+00  1.15073133E+00  1.06543767E+00  1.77401674E+00
ZH 31  4.82989788E-01  1.13556910E+00  7.10110962E-01  1.45901167E+00
ZH 32  5.65398276E-01  8.56412470E-01  1.54732001E+00  5.49792290E-01
ZH 33  7.83245981E-01  1.29745722E+00  1.40555501E+00  8.78439128E-01
ZH 34  7.72616565E-01  9.46750641E-01  1.83517480E+00  1.15782320E+00
ZH 35  1.41264498E+00  8.63496244E-01  9.66633320E-01  8.22435856E-01
ZH 36  1.71760356E+00  5.17509043E-01  1.55809665E+00  5.88450432E-01
ZH 37  9.81601238E-01  2.65010715E+00  1.29632270E+00  1.07499707E+00
ZH 38  1.10770750E+00  4.55724418E-01  1.09776223E+00  1.51563740E+00
ZH 39  1.19439960E+00  5.11740088E-01  1.71958423E+00  8.78645122E-01
ZH 40  1.03627908E+00  1.10898757E+00  5.42798638E-01  9.18030202E-01
ZH 41  7.49958634E-01  2.13166595E+00  1.07710457E+00  3.66366714E-01
ZH 42  9.93170917E-01  9.65134263E-01  1.00993991E+00  2.83180207E-01
ZH 43  2.88746071E+00  1.58912778E+00  1.05578995E+00  7.95422196E-01
ZH 44  2.46892953E+00  9.19659019E-01  8.09456646E-01  9.51299548E-01
ZH 45  1.29722559E+00  6.19107783E-01  1.18899584E+00  1.04699743E+00
ZH 46  1.61130035E+00  1.01176476E+00  1.20766413E+00  1.37928176E+00
DEC T rungs=1 block=1 rank=1 half=F pool=4 metric=  2.4934715962409973E+02
DECPAYLOAD 0100011110100110100101100110110100
RUNG L1 count=4 pool=4
H 1 0100011110100110100101100110110100100101111100 T   2.4934715962409973E+02   4.9869431924819946E+02 380
H 2 0100001100100110100101100110110100100101111100 F   2.3550397875905037E+02   4.8485113838315010E+02 380
H 3 0101011110100110100101100110110100100101111100 F   2.3370654171891510E+02   4.8305370134301484E+02 380
H 4 0100001110100110100101100110110100100101111100 F   2.3089149607717991E+02   4.8023865570127964E+02 380
RUNG L2 count=4 pool=4
H 1 0100011110100110100101100110110100100101111100 T   1.8812306523323059E+02   3.7624613046646118E+02 380
H 2 0101011110100110100101100110110100100101111100 F   1.7958335041999817E+02   3.6770641565322876E+02 380
H 3 0100011100100110100101100110110100100101111100 F   1.7564194148778915E+02   3.6376500672101974E+02 380
H 4 0100111110100110100101100110110100100101111100 F   1.7530869391560555E+02   3.6343175914883614E+02 380
RUNG L4 count=4 pool=4
H 1 1001011100101110001000001100010101111100010101 F   9.0595186829566956E+01   1.8642516076564789E+02 277
H 2 1001110101010101001000001100010101111100010101 F   8.8356258988380432E+01   1.8418623292446136E+02 277
H 3 1001011100101110000101000010010101111100010101 F   8.8346520423889160E+01   1.8417649435997009E+02 277
H 4 1000101000110111100001110111110000001010011110 F   8.8081936806440353E+01   1.8285545846819878E+02 158
RUNG H1 count=4 pool=4
H 1 0100011110100110100101100110110100100101111100 T   1.4659223461151123E+02   2.9318446922302246E+02 380
H 2 0101011110100110100101100110110100100101111100 F   1.3913766423985362E+02   2.8572989885136485E+02 380
H 3 0100001100100110100101100110110100100101111100 F   1.3888408630341291E+02   2.8547632091492414E+02 380
H 4 0100011011000000000010001000100100100101111100 F   1.3850902935862541E+02   2.8510126397013664E+02 380
CASE 21  6.00  1.00  0.00
PAYLOAD 1101010000011011111010010000000000
ZS  1  1.47835517E+00 -8.17747056E-01  1.98892489E-01 -7.27189779E-01  6.96030334E-02  1.22247323E-01 -4.33464259E-01 -3.24788600E-01
ZS  2  3.09269130E-01  1.96218991E+00  3.92475367E-01 -7.45997667E-01 -1.63340366E+00  1.32659423E+00  1.56403494E+00 -2.72024810E-01
ZS  3 -1.01655476E-01  5.97873807E-01  2.56404459E-01 -2.54034430E-01 -8.50153089E-01  1.52663207E+00 -5.44582784E-01 -2.62919307E-01
ZS  4 -3.33442926E-01  6.76419854E-01 -3.37911820E+00 -8.72847080E-01 -6.74975097E-01 -9.73372877E-01  8.29631269E-01  5.31136811E-01
ZS  5  9.65927541E-03  6.45157158E-01 -7.09230602E-01 -1.84525669E+00  3.64859432E-01 -5.51015615E-01  4.28217798E-02 -1.22293651E-01
ZS  6 -7.93295652E-02 -4.39151078E-01  1.23667049E+00 -2.11610365E+00 -1.03430957E-01  8.70892406E-01 -1.07632756E-01 -1.38395953E+00
ZS  7  8.95837843E-01 -4.45552289E-01  1.05375564E+00 -9.50697064E-03  1.05239046E+00 -1.10680151E+00 -3.11512798E-01 -5.06798744E-01
ZS  8  1.28189790E+00  1.30357516E+00 -3.58600199E-01  4.72244620E-03  3.79139990E-01  3.49998772E-02 -7.54316568E-01 -1.46540910E-01
ZS  9  1.25196731E+00 -7.93483555E-02 -4.86886740E-01  1.97943044E+00  2.39569724E-01 -6.23375833E-01 -5.62744141E-02  4.83810127E-01
ZS 10 -1.62969434E+00  2.65028626E-01 -8.56744349E-01 -1.68425322E+00 -1.27165830E+00  8.52449894E-01  1.88222122E+00  9.92816985E-02
ZS 11 -1.67382479E+00 -6.85115576E-01  9.45962429E-01  1.42151803E-01 -1.17317700E+00 -1.27766538E+00 -9.76885438E-01  3.88351709E-01
ZS 12 -1.41746283E+00 -4.53239352E-01  4.29598302E-01 -1.99349022E+00 -4.36484486E-01 -3.14367235E-01 -4.27233785E-01  1.05744886E+00
ZS 13  4.93875265E-01 -1.29613429E-01 -7.70583391E-01  7.04933882E-01  5.58507442E-01  1.63743305E+00  1.92358589E+00 -1.98399794E+00
ZS 14  1.89716113E+00  1.67430472E+00 -9.45822358E-01  7.33716309E-01 -6.25014305E-03  3.58440459E-01 -5.53299963E-01 -7.98200488E-01
ZS 15  1.80261910E-01 -2.40518704E-01 -1.17130864E+00 -4.72036362E-01 -1.88464701E-01  2.27071977E+00  7.92315960E-01  5.30067533E-02
ZS 16 -8.21132421E-01 -2.05549300E-02 -1.77600831E-02  9.62294042E-01 -1.79465675E+00  1.97615504E+00  3.03780317E-01  6.06888056E-01
ZS 17  4.99132782E-01  5.66517711E-01  1.50716603E+00  3.87420744E-01 -3.24270177E+00 -1.26624465E+00 -5.37116677E-02 -3.68959904E-01
ZS 18  1.67005193E+00 -6.24118149E-01 -1.21277735E-01  3.73276114E-01  2.53780365E-01 -1.37733841E+00  1.32548857E+00 -2.53473377E+00
ZS 19  6.97444379E-01 -1.49050164E+00 -1.64690003E-01 -3.47903758E-01  1.67195058E+00 -2.37943363E+00 -2.81189293E-01 -2.46941403E-01
ZS 20 -2.98827201E-01 -7.68066764E-01  3.09195638E+00 -4.52692658E-02  3.51797163E-01 -1.70174897E-01  2.55342722E-01 -3.03240448E-01
ZS 21  5.12202561E-01  2.84202862E+00  1.15795875E+00 -8.29057336E-01  3.62107813E-01  1.13290809E-01  8.03620338E-01 -3.46640706E-01
ZS 22 -2.19503045E-02  7.40047544E-02 -3.17892432E-02  1.02381253E+00  5.83718419E-02  1.92051530E+00 -5.52900553E-01 -1.48880887E+00
ZS 23 -2.19586468E+00 -6.76266253E-01 -1.16523743E-01  6.29937351E-02 -8.54772568E-01  9.93771553E-01  7.27981091E-01 -1.83349633E+00
ZS 24  1.67642450E+00  3.57351482E-01 -1.29514813E+00 -1.99622369E+00 -2.60957181E-02 -7.29154468E-01  4.23878908E-01 -1.09761393E+00
ZS 25  1.08502769E+00  3.38719785E-03 -2.42732227E-01 -1.81369042E+00  2.96824068E-01 -9.22603905E-02 -1.31743863E-01  5.55146277E-01
ZS 26 -3.94976437E-01 -4.52347040E-01  1.79679811E-01  1.72919106E+00 -2.39371344E-01 -1.27677298E+00  3.06661081E+00  5.27760923E-01
ZS 27 -1.53986529E-01 -1.44432962E+00  2.47528267E+00  2.54791474E+00 -6.62107587E-01  1.28097832E-01  2.13427022E-01 -1.79339141E-01
ZS 28  5.15336871E-01 -4.10933673E-01  2.56396234E-01  2.63943172E+00 -7.97936976E-01  1.20828772E+00  1.26772448E-01  2.77754575E-01
ZS 29 -7.50971258E-01 -3.84285212E-01 -4.62468535E-01  9.14309323E-01  5.43040454E-01 -9.78981853E-01 -2.84104037E+00  1.05504298E+00
ZS 30 -4.18275774E-01 -1.82821536E+00 -1.41314268E+00  1.53097555E-01 -1.10036016E+00  1.19641006E-01  5.53766966E-01  1.71863303E-01
ZS 31  1.75013411E+00 -2.35593367E+00 -5.09738326E-01  5.69424748E-01  1.28010467E-01  8.12240541E-01  4.20575738E-01 -5.70838928E-01
ZS 32  1.78732944E+00  3.16965818E-01  2.04281521E+00 -1.01512170E+00  1.12303233E+00 -1.31677717E-01 -7.78410360E-02  4.61071372E-01
ZS 33  1.11126196E+00 -1.43127739E-01 -3.65480661E-01  9.55312401E-02  2.07284021E+00  1.41924894E+00  2.71379799E-01 -4.92858171E-01
ZS 34  1.99634463E-01  1.65183949E+00 -6.67221725E-01  1.77749205E+00 -4.33209240E-01  5.07129848E-01  3.24672043E-01 -8.52383316E-01
ZS 35  7.34485924E-01 -4.63881910E-01 -1.81514487E-01  1.17117763E-02 -1.18596506E+00  1.59229136E+00  1.54265702E-01  5.11737227E-01
ZS 36  6.97971463E-01 -3.98007154E-01 -1.80327177E+00 -6.59857154E-01  8.79889548E-01 -2.18270123E-01  2.91675448E-01  2.71233499E-01
ZS 37  5.57000875E-01  1.05712283E+00  1.10256590E-01  2.49890238E-02  1.72526121E-01  1.03721476E+00  2.07934275E-01 -2.88676667E+00
ZS 38  7.30866969E-01  9.27314639E-01  1.90444112E-01 -1.45943427E+00  9.48138595E-01  1.79347187E-01  4.68446612E-02 -2.13982582E-01
ZS 39  1.89704388E-01  3.89705062E-01  2.38183594E+00  5.85500777E-01  1.03161383E+00  2.15941250E-01 -5.32460928E-01 -3.50651294E-02
ZS 40  8.79782915E-01 -1.84522867E-01 -3.41189921E-01 -5.07354558E-01 -6.12626791E-01  2.46883541E-01  1.62616357E-01  7.60841727E-01
ZS 41 -1.49924994E+00  1.08988690E+00 -3.13795924E-01 -3.58754456E-01  1.23870373E-01 -3.48743081E-01 -1.57400227E+00  2.28611678E-01
ZS 42  1.24986380E-01 -5.61964214E-01 -8.01694393E-03 -5.33049762E-01 -2.12306952E+00 -1.25840858E-01 -5.79350829E-01  6.93931341E-01
ZS 43 -3.53231356E-02 -1.37241554E+00 -6.19665563E-01 -2.19689417E+00 -5.10177851E-01 -6.02143526E-01  6.26862347E-02 -8.10862184E-02
ZS 44 -2.01193258E-01 -8.75584036E-02  6.64934635E-01 -5.11025190E-01 -2.52551854E-01 -2.13275820E-01  1.42042589E+00 -1.68573880E+00
ZS 45  4.90780115E-01  4.47919846E-01  2.40769410E+00 -9.16281462E-01 -5.26465476E-02  2.60595948E-01 -1.71221897E-01 -6.93714142E-01
ZS 46  9.68460023E-01  3.69287401E-01  4.76707578E-01  8.55450571E-01 -4.02110338E-01  1.18972802E+00 -1.06557071E+00 -3.74627858E-02
ZH  1  1.40378261E+00  7.37338901E-01  3.63738477E-01  9.53739703E-01
ZH  2  2.27540183E+00  1.33017802E+00  1.98599780E+00  1.49266601E+00
ZH  3  6.82384789E-01  1.11535740E+00  1.46996748E+00  7.72693098E-01
ZH  4  1.06683326E+00  2.68756390E+00  1.03423977E+00  9.10870194E-01
ZH  5  5.18811524E-01  1.43503737E+00  1.32511270E+00  7.00669110E-01
ZH  6  5.62171578E-01  1.91021395E+00  1.01610303E+00  1.05604196E+00
ZH  7  1.45646107E+00  1.10451055E+00  1.45396745E+00  7.49073625E-01
ZH  8  1.96007669E+00  7.00777709E-01  9.33292925E-01  9.69827533E-01
ZH  9  9.96046722E-01  1.50947690E+00  7.60452032E-01  6.55856609E-01
ZH 10  1.17037272E+00  1.56888711E+00  1.12360108E+00  1.40870559E+00
ZH 11  1.35015488E+00  1.48322511E+00  1.31504261E+00  1.20138192E+00
ZH 12  1.40619075E+00  1.86330009E+00  6.58315837E-01  1.13004887E+00
ZH 13  4.78751451E-01  9.17639196E-01  1.32685387E+00  1.99301898E+00
ZH 14  1.94917274E+00  1.10464787E+00  5.36325753E-01  9.91406143E-01
ZH 15  9.25292850E-01  1.03636122E+00  1.65282750E+00  6.62967145E-01
ZH 16  7.41448581E-01  7.72810340E-01  2.19047260E+00  1.01674497E+00
ZH 17  5.51924825E-01  1.57487464E+00  2.53439355E+00  9.93444920E-01
ZH 18  1.26419771E+00  6.57653570E-01  1.09907591E+00  2.15054870E+00
ZH 19  1.18950939E+00  7.21947670E-01  2.09519863E+00  8.21307361E-01
ZH 20  8.88713777E-01  2.19720769E+00  7.01845169E-01  6.71058476E-01
ZH 21  2.04747868E+00  1.24335146E+00  1.31430018E+00  7.87811220E-01
ZH 22  9.09237504E-01  1.34978473E+00  1.85069454E+00  1.71707010E+00
ZH 23  1.67839849E+00  6.01610124E-01  9.34198678E-01  1.64979839E+00
ZH 24  1.38960302E+00  1.92782414E+00  7.00370133E-01  8.92682493E-01
ZH 25  7.99286008E-01  1.81029940E+00  7.72426546E-01  1.41037261E+00
ZH 26  4.45663005E-01  1.35348570E+00  1.05491507E+00  2.21063495E+00
ZH 27  1.58083534E+00  2.75136280E+00  7.64759123E-01  3.78952354E-01
ZH 28  1.11433387E+00  1.94845390E+00  1.07174528E+00  4.42423284E-01
ZH 29  8.71456683E-01  9.63166893E-01  1.34911406E+00  2.14706182E+00
ZH 30  1.41575003E+00  1.02436459E+00  1.49406958E+00  4.49218214E-01
ZH 31  2.20381355E+00  1.44211793E+00  1.00919366E+00  9.17976558E-01
ZH 32  1.47034466E+00  1.81179535E+00  9.91211295E-01  5.29605389E-01
ZH 33  1.05777323E+00  2.94505984E-01  1.90991032E+00  4.28128958E-01
ZH 34  1.48899817E+00  1.35821939E+00  5.75293183E-01  7.39704609E-01
ZH 35  9.30629969E-01  6.38151705E-01  1.80594397E+00  7.05319822E-01
ZH 36  8.64965439E-01  1.49213779E+00  1.83025169E+00  1.06523228E+00
ZH 37  1.11888707E+00  3.70754182E-01  1.00830364E+00  2.04818654E+00
ZH 38  1.11431563E+00  1.07961583E+00  1.03001654E+00  3.91573399E-01
ZH 39  1.00059748E+00  1.78373599E+00  1.86064458E+00  6.68315828E-01
ZH 40  6.67467594E-01  5.31596363E-01  5.98195732E-01  5.59047878E-01
ZH 41  1.32026649E+00  7.47978151E-01  1.41952848E+00  1.22420740E+00
ZH 42  5.23930907E-01  1.15642381E+00  1.55889893E+00  6.96843565E-01
ZH 43  1.06132507E+00  1.73792267E+00  6.24726892E-01  4.04835671E-01
ZH 44  3.19929510E-01  6.98680580E-01  6.11397266E-01  1.70228767E+00
ZH 45  1.07468843E+00  1.85876453E+00  3.91345859E-01  7.44905591E-01
ZH 46  1.56788611E+00  1.02566075E+00  1.31360281E+00  7.82659829E-01
DEC T rungs=1 block=1 rank=1 half=F pool=4 metric=  2.5789962631464005E+02
DECPAYLOAD 1101010000011011111010010000000000
RUNG L1 count=4 pool=4
H 1 1101010000011011111010010000000000111001001011 T   2.5789962631464005E+02   5.1579925262928009E+02 75
H 2 1001010000011011111010010000000000111001001001 F   2.4063448406755924E+02   4.9302620400488377E+02 73
H 3 1111010000011011111010010000000000111001001010 F   2.4004468551278114E+02   4.9812211045622826E+02 74
H 4 0101010000011011111010010000000000111001001011 F   2.3987177858687937E+02   4.9777140490151942E+02 75
RUNG L2 count=4 pool=4
H 1 1101010000011011111010010000000000111001001011 T   1.8030259585380554E+02   3.6099029517173767E+02 75
H 2 0101110000011011111010010000000000111000010110 F   1.6882113915681839E+02   3.4149810934066772E+02 22
H 3 1001010000011011111010010000000000111001001001 F   1.6840890392661095E+02   3.4522223609685898E+02 73
H 4 1001010000011011111010010000000000111001001111 F   1.6776658916473389E+02   3.4075206089019775E+02 79
RUNG L4 count=4 pool=6
H 1 1101010100001010111111001000111001101111001011 F   1.0745064067840576E+02   2.1490128135681152E+02 459
H 2 1101010100001010111101011010100001101111001011 F   1.0486247420310974E+02   2.1231311488151550E+02 459
H 3 1101010100001010111111001000101100001111001011 F   1.0332675743103027E+02   2.1077739810943604E+02 459
H 4 1101010100001010111101011010111001101111001011 F   1.0321875226497650E+02   2.1066939294338226E+02 459
RUNG H1 count=3 pool=3
H 1 1101010000011011111010010000000000111001001011 T   1.5583986625075340E+02   3.1167973250150681E+02 75
H 2 1101010000011011111010010000000000111101101111 F   1.4956440728902817E+02   3.0632062166929245E+02 367
H 3 0101010000011011111010010000000000111101101111 F   1.4925518506765366E+02   3.0601139944791794E+02 367
CASE 22  4.00  0.00  2.50
PAYLOAD 1000011011000101000011101111001100
ZS  1 -6.48823321E-01 -5.73063642E-02 -5.14564514E-01 -9.08288419E-01  1.87025428E-01 -4.01952863E-01  2.17982054E-01  7.63193071E-01
ZS  2 -1.62265092E-01  4.32502240E-01  3.53232563E-01 -2.00614840E-01 -1.90468490E+00  1.86820030E-01  1.26320887E+00  2.89174348E-01
ZS  3  1.23157310E+00  3.46664876E-01 -7.14277267E-01  1.68219256E+00  7.82379031E-01  1.13262868E+00 -5.47997653E-04 -9.47018623E-01
ZS  4 -1.93366289E-01  3.08907539E-01 -4.81210798E-02  5.82231998E-01  8.09819937E-01 -1.02699608E-01  1.77730083E+00 -8.35940123E-01
ZS  5  3.32361460E-02  7.52870679E-01  2.02790201E-01  3.79515350E-01 -6.27797127E-01 -1.13206945E-01  8.40368271E-01 -3.29866916E-01
ZS  6 -5.05981565E-01 -1.73708379E-01  9.97954845E-01  8.94640982E-02 -4.00756299E-02 -2.71988809E-02 -3.33709985E-01 -2.53273278E-01
ZS  7 -1.05688214E-01  9.13455546E-01  9.26435471E-01  5.37963629E-01  4.22813773E-01 -1.07086778E+00  4.35609072E-02  1.05280113E+00
ZS  8  9.85714078E-01  8.46438289E-01  8.25555086E-01  5.49532473E-01 -5.83642542E-01 -9.30555165E-02  1.07907963E+00 -2.30607852E-01
ZS  9  1.00657737E+00 -6.33438110E-01 -1.97761989E+00 -8.53069067E-01 -6.67439699E-01 -7.34299794E-02  9.02607918E-01  8.21170866E-01
ZS 10 -6.84615731E-01  9.74239707E-01 -1.18597835E-01  2.95781553E-01 -4.85135645E-01  2.44392812E-01 -1.32466376E-01  1.71659017E+00
ZS 11  4.74180609E-01 -2.41620481E-01  2.10308716E-01 -1.11924183E+00  2.49471217E-01 -7.48677969E-01  8.03826302E-02  9.20365691E-01
ZS 12 -9.14494157E-01  1.05891204E+00  3.16325724E-01 -4.11057472E-03 -1.03013444E+00  8.18743587E-01 -2.28530496E-01 -7.58840919E-01
ZS 13  4.50679600E-01 -5.61540604E-01 -2.85496831E-01  1.17191672E-03 -5.22955656E-02  1.40445337E-01  1.90403208E-01 -2.26481169E-01
ZS 14 -1.51880682E+00  2.75336325E-01 -9.23995674E-01  2.52567291E-01 -2.21408606E-01  1.64664775E-01 -4.70292866E-02 -2.08598152E-01
ZS 15  6.30629778E-01  8.84622574E-01 -2.27642596E-01  6.14445269E-01 -1.29674125E+00 -4.10835385E-01 -4.36654598E-01 -1.97118014E-01
ZS 16  4.23345089E-01  6.41474485E-01 -1.05798078E+00 -1.32397246E+00  1.49025095E+00 -5.61787486E-01 -6.05387568E-01 -5.32531559E-01
ZS 17  3.99079025E-01  3.41588527E-01  9.57832098E-01  9.75821763E-02  1.23154020E+00  2.28393883E-01 -3.01004052E-02  8.41289163E-01
ZS 18  1.96241528E-01 -9.65202391E-01 -3.60437453E-01  5.50154686E-01 -6.06563568E-01 -1.81921452E-01  1.10364008E+00 -1.50599277E+00
ZS 19 -2.08729684E-01  1.53913260E-01  9.29306269E-01 -5.07204354E-01 -1.90724480E+00  2.96349466E-01  6.83074296E-01 -3.78089756E-01
ZS 20  4.37176786E-02  8.40238452E-01  4.27209586E-01  6.81291461E-01  5.97252101E-02  7.84822345E-01 -1.98205948E-01 -5.89728653E-01
ZS 21 -8.67658317E-01  2.03627646E-01 -7.13394061E-02 -3.71332437E-01  2.63274312E-02  5.01372993E-01  1.03423283E-01 -1.73579240E+00
ZS 22  5.65778911E-02  1.15121818E+00  2.90815026E-01  5.46927862E-02 -2.70885944E-01  1.69735146E+00 -7.14485765E-01 -1.22577131E-01
ZS 23 -7.53068626E-02 -1.18014359E+00  2.88951337E-01  3.47510636E-01  1.14899325E+00  1.21510595E-01  1.14445496E+00  9.99799490E-01
ZS 24 -1.42235923E+00  3.41718316E-01 -3.22319806E-01 -9.18368772E-02  5.86692572E-01  3.14546585E-01  9.44882035E-01 -2.41576344E-01
ZS 25  8.41721117E-01  6.75175250E-01  5.68072200E-01  1.10699928E+00  1.36281216E+00 -8.22419763E-01  2.12069750E+00  1.09809530E+00
ZS 26 -5.32052517E-02  7.21868813E-01  3.63600433E-01 -1.05532706E-01 -3.08367431E-01 -7.44241178E-01 -7.36093223E-01 -9.50568318E-01
ZS 27  9.21957493E-02 -2.25866735E-02  5.01687407E-01 -7.52466321E-01  2.35455930E-02 -1.88570112E-01  1.50801873E+00 -5.29431045E-01
ZS 28  1.66488796E-01  3.57409984E-01  1.41496396E+00  6.65621877E-01  1.43799853E+00  1.04217246E-01 -1.35097086E-01  1.70609164E+00
ZS 29  3.70797068E-02  2.14642376E-01 -2.13243484E-01  5.59752464E-01  9.86656308E-01  2.49288917E-01 -5.22627115E-01 -2.87646055E-03
ZS 30  3.12968940E-01 -6.32727742E-02  1.42998457E+00  1.01033473E+00 -8.15430701E-01 -1.23164177E+00  9.75854993E-01  3.15586627E-02
ZS 31  2.01512709E-01  5.49156547E-01  1.59781098E-01  3.78297925E-01  1.84737980E-01  1.61970520E+00 -2.62309939E-01  4.35719669E-01
ZS 32 -6.95874691E-02  5.37915885E-01  2.44177282E-02  1.39828777E+00  1.63468850E+00  1.70783246E+00 -1.10708308E+00  8.34306657E-01
ZS 33 -9.17428255E-01  8.57399166E-01 -9.29821849E-01 -9.29337621E-01  6.29914224E-01 -5.03791928E-01  1.61625242E+00 -2.98024476E-01
ZS 34 -1.50134623E+00  3.31071466E-02  1.69936419E-01  5.07700443E-02  5.42900145E-01 -1.18658245E+00  3.32993269E-02  1.01897895E+00
ZS 35  1.00048989E-01  6.91902757E-01  2.37749696E-01  1.42286241E-01 -3.25444907E-01 -5.27107179E-01 -6.00149393E-01  3.12047452E-01
ZS 36 -1.53474534E+00 -2.39929780E-01  6.96713150E-01  1.44847512E+00  4.30791289E-01  1.11516690E+00 -1.12409472E+00  1.14536494E-01
ZS 37 -3.81618440E-01 -1.56411767E+00 -7.59819329E-01  7.92063475E-01 -5.36589742E-01  3.67487401E-01  4.29904193E-01  4.25127238E-01
ZS 38  5.18763304E-01  5.14695704E-01  9.01432097E-01 -6.36111677E-01 -7.35408306E-01  6.47336364E-01 -1.16356641E-01  1.05090630E+00
ZS 39 -1.18503153E-01  1.42001963E+00  4.10563171E-01  3.48628871E-02 -1.32809669E-01 -1.11489177E+00 -1.08803105E+00  1.29205251E+00
ZS 40 -6.44088447E-01  6.75556421E-01  7.76679635E-01 -4.32441711E-01 -9.26350951E-02  3.78945261E-01 -7.17453122E-01  5.44792414E-01
ZS 41 -1.27341449E-01  1.31437612E+00 -3.15192163E-01  4.77562249E-02  1.19497705E+00  6.08124256E-01 -1.87563747E-02 -4.43575829E-01
ZS 42 -9.80261505E-01 -6.84200227E-02  1.30675101E+00  3.83865863E-01 -9.90021765E-01 -5.20637184E-02 -3.56671602E-01  5.48277080E-01
ZS 43 -1.91040725E-01 -7.72820055E-01  1.61381769E+00 -4.32688057E-01  8.01655829E-01  8.56544256E-01 -2.60954708E-01 -3.43579531E-01
ZS 44 -6.14759207E-01  6.99921250E-01  4.86060977E-03  1.44441068E-01 -3.56160134E-01 -9.39200878E-01  6.22121990E-01 -6.66298985E-01
ZS 45 -1.10828412E+00  1.52135944E+00  8.95664454E-01 -1.92823052E-01 -3.26971710E-03  9.96470332E-01  2.87147284E-01 -4.18179959E-01
ZS 46  2.21809298E-01 -3.01239699E-01 -1.52227432E-01 -1.50549859E-02 -4.37232345E-01  1.68152595E+00 -4.11220491E-01  9.18495595E-01
ZH  1  6.23633802E-01  9.80679035E-01  1.15319204E+00  7.82135963E-01
ZH  2  4.22019303E-01  5.02191067E-01  2.58663654E+00  1.04001939E+00
ZH  3  9.73156571E-01  1.59862220E+00  1.01486003E+00  6.82179213E-01
ZH  4  6.67257130E-01  5.75135350E-01  1.18714273E+00  1.57605648E+00
ZH  5  1.14050019E+00  9.90174472E-01  4.65937197E-01  1.07345426E+00
ZH  6  1.31604421E+00  9.48146880E-01  4.75972027E-01  6.77779198E-01
ZH  7  1.94434893E+00  1.20779979E+00  9.27770376E-01  8.05738807E-01
ZH  8  1.05560088E+00  1.12528265E+00  1.02686238E+00  8.65951896E-01
ZH  9  1.02829742E+00  1.62075341E+00  4.98309225E-01  1.81965160E+00
ZH 10  9.92446244E-01  4.07053560E-01  7.37000406E-01  1.45511210E+00
ZH 11  1.12340045E+00  9.15755332E-01  1.01572454E+00  7.96345472E-01
ZH 12  1.02574718E+00  7.44944811E-01  2.38270402E+00  6.85722172E-01
ZH 13  7.31900692E-01  1.17643702E+00  9.46959257E-01  3.12090188E-01
ZH 14  1.28409827E+00  1.23848355E+00  1.53442872E+00  4.50316280E-01
ZH 15  1.92787790E+00  1.12729692E+00  1.01374125E+00  8.52280676E-01
ZH 16  1.45190239E+00  1.26403201E+00  1.73064113E+00  8.51590335E-01
ZH 17  9.61544812E-01  6.92605138E-01  1.39416003E+00  1.10791898E+00
ZH 18  1.11724114E+00  1.08563948E+00  5.42959452E-01  1.67835152E+00
ZH 19  1.50290358E+00  8.14570546E-01  1.75427103E+00  9.80466187E-01
ZH 20  6.14967465E-01  1.24013352E+00  6.40425026E-01  7.55954564E-01
ZH 21  1.78671253E+00  4.27460313E-01  9.27191079E-01  1.27667320E+00
ZH 22  1.27751708E+00  2.48892337E-01  2.23772192E+00  8.34602773E-01
ZH 23  1.05912852E+00  1.00955153E+00  9.03097928E-01  1.11326504E+00
ZH 24  2.32264972E+00  2.37691015E-01  5.15119016E-01  7.84331322E-01
ZH 25  1.06609011E+00  1.80508852E+00  1.53614986E+00  1.80141640E+00
ZH 26  1.16151977E+00  6.89389467E-01  6.03413761E-01  8.79987299E-01
ZH 27  1.05167758E+00  8.51822197E-01  7.00308323E-01  1.29775965E+00
ZH 28  5.17660916E-01  1.54448366E+00  1.13365567E+00  1.35643864E+00
ZH 29  4.72729117E-01  2.08418179E+00  7.47286320E-01  5.29639542E-01
ZH 30  1.08976877E+00  1.28772283E+00  1.32186484E+00  1.01568806E+00
ZH 31  4.94875610E-01  5.77664137E-01  1.94428515E+00  8.57786715E-01
ZH 32  1.62602854E+00  1.23586333E+00  1.92890620E+00  1.65726376E+00
ZH 33  2.41324830E+00  1.07159066E+00  6.33999348E-01  1.25611007E+00
ZH 34  1.47897565E+00  1.25171626E+00  1.03563201E+00  1.73616290E+00
ZH 35  7.11005330E-01  8.01127672E-01  1.27241623E+00  7.53596246E-01
ZH 36  1.10931993E+00  1.26755631E+00  9.48180914E-01  1.40547228E+00
ZH 37  1.14256442E+00  1.07125974E+00  7.31670499E-01  9.83082533E-01
ZH 38  8.92781317E-01  9.40514147E-01  7.47900486E-01  1.37158978E+00
ZH 39  1.08464098E+00  3.01397979E-01  1.08768821E+00  1.21632516E+00
ZH 40  7.41822064E-01  1.07301927E+00  1.11914194E+00  7.67242610E-01
ZH 41  1.19176948E+00  1.05725086E+00  1.09234726E+00  9.10231173E-01
ZH 42  9.64900374E-01  1.03288543E+00  1.18770707E+00  1.60872054E+00
ZH 43  9.92271483E-01  1.20861638E+00  9.49217379E-01  5.72113693E-01
ZH 44  1.11653709E+00  7.72732794E-01  7.24136829E-01  8.03613424E-01
ZH 45  1.50176775E+00  6.56982660E-01  1.26271045E+00  8.42185259E-01
ZH 46  5.35527408E-01  5.80602467E-01  1.38657343E+00  1.00625396E+00
DEC F rungs=4 block=0 rank=0 half=F pool=0 metric= -1.7976931348623157+308
DECPAYLOAD 0000000000000000000000000000000000
RUNG L1 count=4 pool=6
H 1 0000110001000010010110100101011001101101001111 F   1.0049144627526402E+02   2.0194814709573984E+02 335
H 2 0100011100101000110110111010001000001001111010 F   1.0002878063917160E+02   2.0325214013457298E+02 122
H 3 1100000000000000100000001111011001011001110010 F   9.9938782468438148E+01   2.0129568451642990E+02 114
H 4 1001011000111001110111110010001000001001111010 F   9.9780229561030865E+01   2.0300358905643225E+02 122
RUNG L2 count=3 pool=3
H 1 1011111111001101101010110100011101000110100110 F   6.8819276392459869E+01   1.3763855278491974E+02 422
H 2 1000001000010101000011001111111000011011101011 F   6.8770195543766022E+01   1.4009258431196213E+02 235
H 3 1110001000010101000011001111111000011011100000 F   6.8041919857263565E+01   1.3890029036998749E+02 224
RUNG L4 count=4 pool=5
H 1 0010010110110111011001111101110101010100110111 F   5.2958150148391724E+01   1.0909758773446083E+02 311
H 2 1011111111010111011001111101110101111011000100 F   5.2882687449455261E+01   1.1004827907681465E+02 196
H 3 0010100110111110010100110010101000100010111111 F   5.2229354619979858E+01   1.0772350764274597E+02 191
H 4 0101010101001001011110001001101100100110011000 F   5.2179595828056335E+01   1.1139285731315613E+02 408
RUNG H1 count=4 pool=4
H 1 1101101101001111111100001100001101000101011001 F   1.1147734323143959E+02   2.2348935353755951E+02 345
H 2 1010011001010110110100100001111101101111111001 F   1.1050361074507236E+02   2.2271204324066639E+02 505
H 3 0111110011110111100111011011110001001000000000 F   1.1045931461453438E+02   2.2185956197977066E+02 0
H 4 1100001010000101000011101111001100111000001101 F   1.1027965402603149E+02   2.2277045345306396E+02 13
CASE 23  4.00  0.00  2.50
PAYLOAD 1000110100010011000100011101100100
ZS  1 -2.21572816E-01 -3.73694301E-02 -2.09967464E-01 -3.74518335E-01 -1.43240973E-01  9.55754995E-01 -5.49503088E-01 -5.65507650E-01
ZS  2  1.51626086E+00  7.26997137E-01 -2.56524473E-01  1.19992757E+00  1.68036950E+00  1.39646280E+00  3.27519596E-01 -3.21759403E-01
ZS  3 -6.72118962E-02  5.00659466E-01 -1.33066386E-01  9.08891499E-01 -1.86527669E-01  3.91707212E-01  1.06543088E+00 -6.41390502E-01
ZS  4  3.08633447E-02  1.10059738E+00  2.10792452E-01 -2.16510475E-01 -1.37211597E+00 -1.01971292E+00 -1.56831995E-01  4.80598390E-01
ZS  5  5.70942521E-01 -1.82622403E-01  1.15323198E+00  6.49782240E-01 -3.00774038E-01  1.27279162E+00  2.93125629E-01  9.11292434E-01
ZS  6  3.84965539E-01  1.21482420E+00 -1.98901832E-01 -6.72267675E-01  4.01863158E-01  9.02861893E-01 -2.37862617E-01 -3.83131921E-01
ZS  7  3.37765068E-01 -9.85528052E-01 -1.08983731E+00  5.09139448E-02  1.36424410E+00 -6.24066472E-01 -3.57447863E-01 -5.38342297E-01
ZS  8  1.64636135E-01 -8.40048492E-02  7.36813098E-02 -1.77982420E-01 -5.42261064E-01  1.24988526E-01  3.85679960E-01 -7.98040628E-03
ZS  9 -1.74727917E-01 -1.58307895E-01  5.31193316E-01 -3.62277508E-01 -1.26182377E+00  5.90129435E-01  5.17328918E-01  2.70133287E-01
ZS 10  2.47313678E-01 -2.12552756E-01 -2.64192402E-01 -4.87696648E-01  8.03498745E-01  8.53107691E-01 -2.23928064E-01 -1.06744337E+00
ZS 11  1.59451795E+00  8.59752476E-01  1.76509714E+00 -1.68801755E-01 -4.94614005E-01  2.42288947E-01  4.93790567E-01  9.98802602E-01
ZS 12  1.65066612E+00  4.33524638E-01 -2.14276165E-01 -6.49004936E-01 -1.36566961E+00 -7.17347622E-01 -4.71848428E-01  4.15547073E-01
ZS 13 -1.08367538E+00  2.53151566E-01 -5.85769534E-01  4.39729661E-01  5.36062062E-01 -4.53089744E-01  2.74429679E-01  2.73804218E-01
ZS 14 -3.84115428E-02 -1.13021755E+00  4.64485198E-01  6.90302372E-01  8.57420862E-01  9.65290189E-01  1.02359152E+00 -2.66798496E-01
ZS 15  4.48633790E-01  8.10853720E-01  4.07405764E-01  4.47833329E-01  2.81474411E-01 -4.00802463E-01  8.88193548E-02 -7.78357625E-01
ZS 16 -8.27840030E-01  6.67716920E-01 -7.51445353E-01  3.59434873E-01  5.75838804E-01 -3.73029560E-01  1.36245728E-01 -1.04299903E-01
ZS 17  1.82920516E-01 -7.64822781E-01 -4.04064596E-01  1.03018630E+00 -9.39037561E-01  5.05157590E-01 -4.19016421E-01 -2.93357313E-01
ZS 18  8.51807237E-01 -1.00978613E-02  1.04355693E+00  3.36926550E-01 -2.52666697E-02 -1.39607728E-01  7.29660273E-01  2.14137942E-01
ZS 19 -5.38818002E-01 -3.61630827E-01  1.10563183E+00 -8.47526789E-01 -6.49011493E-01 -2.80722260E-01 -1.76824763E-01 -1.52078986E+00
ZS 20 -8.41335177E-01 -3.76845032E-01  1.49058187E+00 -2.10335538E-01  4.00505960E-02 -3.83695900E-01 -3.66278201E-01 -5.69575727E-02
ZS 21  1.25797540E-01 -1.83580816E-03  1.57137442E+00  4.38108206E-01  8.62586737E-01 -1.27675414E-01 -6.12052083E-01  1.38462591E+00
ZS 22  1.59554863E+00  2.02378631E-01 -1.19502020E+00 -8.00219059E-01  4.30725217E-01  3.24228793E-01  3.49992573E-01  1.62830698E+00
ZS 23  3.43349695E-01  4.87006843E-01  5.30176461E-01 -4.52633500E-01  1.91871196E-01  5.11819720E-01 -2.72062063E-01 -3.72795165E-01
ZS 24 -1.39685941E+00  3.72420669E-01  2.22857118E-01 -2.24703491E-01 -1.07151985E-01 -1.10399127E-02 -6.44361854E-01 -4.87565696E-02
ZS 25 -2.54591703E-01 -9.46446061E-01  7.78796673E-01  6.69155061E-01  1.34021544E+00  1.06028783E+00  8.58325064E-02  2.93663502E-01
ZS 26 -1.18762338E+00 -3.59743536E-02  5.02274811E-01 -6.47153854E-02 -3.95390570E-01  1.24655783E-01  1.57567471E-01  1.71121871E+00
ZS 27 -4.49737340E-01  5.57548463E-01 -2.88318008E-01  6.48009121E-01 -1.12111712E+00 -8.61890316E-01 -1.24245718E-01  2.14337744E-02
ZS 28  1.19858813E+00  9.92899656E-01  1.17144644E+00  2.42703289E-01  1.01313603E+00  1.91439509E-01  4.48212832E-01 -3.88701260E-01
ZS 29 -1.23206472E+00  1.07497466E+00 -6.00348413E-02  5.48703671E-02 -1.00379312E+00  4.31023538E-01  5.22055626E-01 -6.71335533E-02
ZS 30  5.93829334E-01  4.54995185E-02  3.61215889E-01 -3.98696065E-01  3.32281262E-01 -1.58537614E+00 -3.71580750E-01  3.90702933E-01
ZS 31  2.00780690E-01  4.27354217E-01  9.02773559E-01  1.08816683E+00  1.77374035E-01  2.89363027E-01  1.91053271E-01 -1.68954030E-01
ZS 32  7.97388554E-01 -4.35717553E-01 -6.67444468E-01 -9.78417933E-01  8.68775129E-01 -2.56685555E-01 -6.21750832E-01  6.80181980E-01
ZS 33 -7.30393291E-01 -1.47538990E-01  8.40855062E-01 -1.11771381E+00 -1.70537233E-01  1.08622134E+00 -1.01039386E+00 -3.07151496E-01
ZS 34  2.05193207E-01  3.07217419E-01  1.48911393E+00 -2.61941373E-01  1.92053705E-01  9.32499290E-01 -7.86131620E-01  1.15403008E+00
ZS 35 -7.56725192E-01  1.34830236E-01 -8.29757750E-01  3.39868546E-01  1.89101732E+00  1.69470280E-01  1.23272979E+00  1.98140234E-01
ZS 36  1.45387158E-01 -2.15269774E-01  1.72540689E+00  5.13861179E-01 -8.96266818E-01 -2.19857424E-01 -9.34809804E-01 -1.02666879E+00
ZS 37 -1.32107997E+00  9.46778059E-02 -1.43066972E-01  1.18615329E-01 -4.28729147E-01 -4.41906303E-02 -8.64536613E-02  3.97353709E-01
ZS 38 -2.76712567E-01 -5.38325071E-01 -9.11903501E-01 -3.01336586E-01  1.37285805E+00  2.29172379E-01  9.89918530E-01  4.12772745E-01
ZS 39  1.39691085E-01  2.22153366E-01 -3.37662607E-01  5.10818064E-02 -2.29206324E-01  2.91444361E-01 -7.52776921E-01 -9.43306684E-02
ZS 40 -1.16139030E+00  1.66374147E+00  8.11236501E-01  1.64044499E-01  3.08660984E-01  6.58998251E-01  1.06444848E+00 -9.37441349E-01
ZS 41  7.20618367E-01  9.65647697E-02 -1.84434700E+00 -5.70207000E-01 -1.49673343E+00 -5.80030203E-01  5.31230450E-01 -4.69019413E-02
ZS 42  1.09509945E+00 -6.26012802E-01 -4.54177052E-01 -2.04991192E-01  7.93353438E-01  1.21412086E+00 -1.17766336E-01  6.73056304E-01
ZS 43  1.01148188E-01  1.61958575E-01 -1.07651508E+00  5.45753241E-02  9.66442466E-01 -5.11441946E-01  6.81018353E-01  1.19787240E+00
ZS 44  7.15801641E-02 -2.59384418E+00  1.91336572E-02 -9.87640381E-01 -1.69856995E-01 -2.60203212E-01  1.77397609E-01 -7.86711752E-01
ZS 45  1.12219644E+00 -7.39998698E-01  6.57289386E-01  1.14553463E+00 -4.60678428E-01 -1.07360911E+00  2.74161100E-01  9.25713003E-01
ZS 46  2.83847570E-01 -9.63474810E-01 -8.85081112E-01  8.72525990E-01  1.15425849E+00 -1.83463871E-01  1.69454765E+00  3.13509703E-01
ZH  1  6.58106387E-01  4.10172522E-01  9.03179169E-01  2.44360065E+00
ZH  2  1.89044547E+00  1.03383875E+00  1.54732966E+00  8.37374151E-01
ZH  3  5.76192737E-01  8.20964158E-01  8.02219450E-01  1.51965678E+00
ZH  4  1.05649424E+00  1.14086890E+00  1.21776724E+00  5.86565018E-01
ZH  5  7.39068151E-01  1.38571644E+00  9.40373659E-01  1.01112711E+00
ZH  6  1.20419192E+00  1.36779153E+00  7.91864514E-01  6.43247306E-01
ZH  7  8.38860095E-01  1.24496591E+00  2.39837170E+00  6.42018557E-01
ZH  8  1.02341998E+00  1.52692050E-01  6.94345772E-01  1.28939939E+00
ZH  9  9.44150865E-01  5.86773515E-01  1.20053685E+00  9.05932426E-01
ZH 10  6.01399601E-01  1.20044112E+00  1.19103503E+00  1.11391580E+00
ZH 11  1.63942683E+00  1.28479683E+00  1.33084679E+00  9.89054620E-01
ZH 12  1.47218573E+00  1.27996325E+00  1.09995508E+00  1.56295025E+00
ZH 13  1.38779140E+00  5.91798186E-01  9.11864281E-01  1.01475263E+00
ZH 14  1.17301452E+00  1.00830483E+00  1.57667518E+00  1.62209058E+00
ZH 15  2.10581851E+00  9.78726685E-01  1.05660152E+00  1.00890386E+00
ZH 16  1.12902796E+00  7.98660100E-01  5.99060357E-01  9.27055180E-01
ZH 17  1.09376192E+00  1.40550780E+00  8.03911209E-01  4.70916748E-01
ZH 18  2.09600663E+00  8.03708911E-01  8.36635351E-01  8.92202556E-01
ZH 19  8.67259264E-01  9.95440841E-01  9.59777772E-01  1.97266161E+00
ZH 20  9.05534148E-01  1.15150535E+00  7.63060749E-01  4.56698328E-01
ZH 21  2.84714311E-01  1.36402094E+00  9.02071655E-01  1.09708655E+00
ZH 22  1.79690671E+00  1.15642726E+00  5.38667142E-01  1.23997879E+00
ZH 23  6.88517332E-01  1.75280261E+00  8.81219029E-01  5.35606027E-01
ZH 24  1.10678804E+00  3.34146619E-01  9.60316598E-01  6.57100260E-01
ZH 25  1.07453752E+00  1.50453711E+00  1.52818918E+00  1.78509891E+00
ZH 26  1.14040244E+00  9.05380607E-01  1.13863409E+00  1.35387874E+00
ZH 27  1.01972616E+00  1.52972853E+00  1.38227594E+00  1.35990396E-01
ZH 28  1.47590613E+00  1.08780181E+00  1.14094460E+00  7.42867827E-01
ZH 29  1.61213362E+00  9.04781759E-01  1.34481072E+00  4.52589661E-01
ZH 30  6.44480884E-01  8.18042934E-01  2.17440176E+00  1.09145784E+00
ZH 31  1.12371159E+00  1.53882289E+00  1.93675506E+00  4.43486929E-01
ZH 32  8.08198035E-01  8.43533218E-01  1.49690926E+00  1.01691198E+00
ZH 33  8.46094131E-01  1.29860270E+00  1.17584121E+00  1.06731057E+00
ZH 34  2.73435235E-01  1.89486361E+00  1.08251035E+00  1.15235651E+00
ZH 35  8.45001817E-01  7.87923217E-01  1.47143638E+00  1.08496487E+00
ZH 36  6.89788938E-01  1.58767211E+00  9.51199293E-01  1.09964299E+00
ZH 37  1.32090795E+00  9.73614514E-01  9.30233121E-01  1.29726005E+00
ZH 38  1.03174496E+00  9.14135873E-01  1.00555968E+00  1.17883301E+00
ZH 39  3.60465258E-01  7.11415052E-01  1.18026984E+00  1.37243712E+00
ZH 40  1.66303515E+00  1.44863820E+00  8.38858962E-01  1.02090752E+00
ZH 41  8.38132501E-01  1.57009399E+00  1.13845813E+00  1.67707193E+00
ZH 42  8.98806393E-01  6.26071930E-01  1.29502642E+00  7.33109236E-01
ZH 43  1.05044651E+00  2.10961485E+00  1.12397766E+00  9.86713767E-01
ZH 44  1.84396362E+00  1.21870565E+00  6.88617289E-01  1.26899505E+00
ZH 45  1.78639925E+00  1.04024053E+00  1.12987220E+00  9.08402205E-01
ZH 46  7.46061802E-01  1.10912275E+00  1.39992678E+00  2.05494213E+00
DEC T rungs=4 block=1 rank=1 half=T pool=4 metric=  1.1531644380092621E+02
DECPAYLOAD 1000110100010011000100011101100100
RUNG L1 count=3 pool=3
H 1 0100110111101011010001101101001001011010101010 F   9.3506097018718719E+01   1.8720501186326146E+02 170
H 2 1110101100100110011110110001001101100111011010 F   9.3495019018650055E+01   1.9019414751231670E+02 474
H 3 0110011010011010100111100111001100100011011100 F   9.3348108481615782E+01   1.8914437593147159E+02 220
RUNG L2 count=4 pool=4
H 1 1111001001101101100111000111001100100110100111 F   6.2761948168277740E+01   1.2627281835675240E+02 423
H 2 1111001010110000000101000111001100100110100111 F   6.2612626701593399E+01   1.2612349689006805E+02 423
H 3 0011011111010000010101101010111100000010110001 F   6.2267434149980545E+01   1.2588540637493134E+02 177
H 4 1001000001101101100111000111001100101011001010 F   6.1969876348972321E+01   1.2528885415196419E+02 202
RUNG L4 count=4 pool=4
H 1 1100111101110100101010001001111101111101110010 F   4.7489634633064270E+01   9.5691377043724060E+01 370
H 2 0111000110000101010101001010111100000111111110 F   4.6586719632148743E+01   9.4609576404094696E+01 510
H 3 1111101110010101111001111110100101010000101101 F   4.6035528697073460E+01   9.5895218111574650E+01 45
H 4 1001110111011000110100110000110000101011001010 F   4.5879021286964417E+01   9.4429067969322205E+01 202
RUNG H1 count=4 pool=4
H 1 1000110100010011000100011101100100100001000011 T   1.1531644380092621E+02   2.3063288760185242E+02 67
H 2 0100110110101111110101111001111101111000101010 F   1.1305402491241693E+02   2.2929521623998880E+02 42
H 3 1000110100010011000100001100100000100001000011 F   1.1300179524719715E+02   2.2831823904812336E+02 67
H 4 1001000110111101100111000111001100100101001000 F   1.1176115095429122E+02   2.2840581646375358E+02 328
CASE 24  4.00  0.00  2.50
PAYLOAD 1110111001011001001110111110101001
ZS  1  2.13216841E-02 -5.34985125E-01  2.70624071E-01 -8.73872221E-01  1.81038514E-01 -3.90839100E-01 -3.33728254E-01  3.78242135E-01
ZS  2  1.28179824E+00 -2.45892271E-01 -5.01536846E-01 -5.16073167E-01 -2.39663601E-01 -1.30160820E+00 -7.12486029E-01  2.48419926E-01
ZS  3  7.43201315E-01 -4.95268345E-01 -4.13791418E-01  4.44106221E-01 -1.27383322E-02 -6.41775250E-01 -3.69370341E-01 -1.95218730E+00
ZS  4 -1.20559812E-01 -3.49840641E-01  9.96797800E-01 -5.05393088E-01  1.56634152E-02  2.75230944E-01  7.42284536E-01 -1.05855894E+00
ZS  5 -6.28749788E-01 -3.50791395E-01  5.17239094E-01  4.81568098E-01  7.92003274E-02 -5.74011445E-01  6.35019541E-02 -2.39278853E-01
ZS  6 -5.40392280E-01 -9.16785479E-01 -2.20456481E-01 -4.89052922E-01  5.21540165E-01 -8.92814398E-01  1.49865210E-01  6.89437509E-01
ZS  7 -3.16503525E-01  3.76202196E-01 -1.27910018E+00 -8.39797854E-01  1.90718055E+00 -3.52014691E-01  1.56814158E-01 -4.05419111E-01
ZS  8 -4.87370789E-02 -9.82163697E-02 -6.16091251E-01  5.41266680E-01  5.28845668E-01 -4.67844427E-01 -5.21703243E-01 -8.58223915E-01
ZS  9 -2.69628108E-01 -1.55407178E+00  1.03634667E+00 -9.43036854E-01 -5.60061097E-01  3.34131062E-01  1.09695673E-01 -9.90370154E-01
ZS 10  1.48463058E+00  5.38887441E-01 -8.42047632E-02  2.49666274E-01  2.70621061E-01  9.59456801E-01 -1.60106868E-01  1.97406352E-01
ZS 11  7.28503764E-02 -1.16460288E+00 -1.72995895E-01 -6.14454508E-01  9.99333784E-02  9.48411882E-01 -5.43250322E-01 -2.22278833E-02
ZS 12 -1.41642421E-01 -1.06197536E+00 -5.97273111E-02  6.47952080E-01 -1.02318496E-01  1.98885053E-01 -5.22082746E-01  9.96280074E-01
ZS 13 -6.40412688E-01 -1.50147855E-01 -4.75804657E-02  1.45861611E-01 -1.02808940E+00  3.46840993E-02  5.91187477E-01 -4.69308287E-01
ZS 14  6.18242502E-01  9.20240998E-01 -6.89687729E-02 -1.77040660E+00 -1.05560577E+00 -1.19478023E+00 -5.77864647E-01  1.37546825E+00
ZS 15 -5.70647120E-02 -2.85080671E-02 -6.08847588E-02 -1.02877808E+00 -6.68900013E-02 -1.37894630E-01  8.02121878E-01 -2.82363832E-01
ZS 16  1.50338069E-01  5.27484477E-01  3.74904394E-01 -5.83545566E-01 -1.04680133E+00 -8.77544165E-01  5.55092812E-01  2.81969935E-01
ZS 17 -6.94885552E-01 -3.89236718E-01  4.90856916E-01 -1.71851858E-01  6.17091894E-01  3.81982476E-01 -5.84528506E-01 -2.51366943E-01
ZS 18  7.99959302E-01  7.13714480E-01 -1.00662756E+00 -9.90765154E-01 -8.29566836E-01  9.11889851E-01  1.89697146E-01 -1.42713070E+00
ZS 19 -7.71216869E-01  4.43669200E-01  4.22606289E-01  4.03775245E-01  3.97741020E-01 -1.29852086E-01  1.44672453E-01  1.07172757E-01
ZS 20  6.33309066E-01  1.99757382E-01 -2.48551190E-01 -6.80459917E-01 -6.42693758E-01 -6.49487138E-01 -7.18852639E-01 -5.03675640E-01
ZS 21  4.21615332E-01  6.95545554E-01  3.46209109E-02  8.45861435E-03 -1.49153948E+00 -4.54208136E-01  7.11197257E-02 -3.77134353E-01
ZS 22  5.37906885E-01  5.66777945E-01 -2.81479001E-01 -5.85418701E-01  1.32961464E+00  2.44014949E-01 -3.29273015E-01  4.90889162E-01
ZS 23  6.44367337E-01  5.46899587E-02  1.47515804E-01 -9.04677749E-01 -5.24719879E-02  5.36186695E-02  1.02048874E-01 -6.70400381E-01
ZS 24  3.78673404E-01  7.17808902E-02 -1.10583305E-01  4.92379785E-01  1.57535076E+00  3.94737363E-01 -1.50548041E-01 -1.87354699E-01
ZS 25 -5.43337286E-01 -2.22936764E-01  5.83162546E-01 -4.08881634E-01 -1.50221980E+00 -1.00976253E+00  3.35756034E-01  1.56647414E-02
ZS 26  3.36629331E-01 -1.36986029E+00 -1.03906798E+00  4.06027436E-01 -8.39240551E-02  9.59756613E-01 -2.02429235E-01  4.51237202E-01
ZS 27  8.01996112E-01  1.88782305E-01  1.45431125E+00 -2.15484962E-01 -1.12726545E+00  4.60545450E-01 -7.43716478E-01  1.70236468E-01
ZS 28  7.46899068E-01 -2.42424324E-01 -3.80093277E-01 -1.59852231E+00  4.74884540E-01 -5.67619205E-01 -2.65053988E-01  3.30536664E-01
ZS 29 -3.87776673E-01 -5.25577009E-01  1.67507321E-01 -1.37792802E+00 -1.38001168E+00  1.48754552E-01 -4.74832654E-01  6.78489804E-01
ZS 30 -4.31982726E-01  1.54802394E+00 -6.14387691E-02 -1.04578823E-01 -1.22314215E+00 -1.99687600E-01 -7.18327165E-01  8.15754414E-01
ZS 31  5.04104972E-01  2.88742602E-01  1.19550598E+00  1.39661580E-01  4.97181118E-02 -9.98501778E-01  2.06411743E+00  1.14370251E+00
ZS 32  7.44058490E-02 -1.09085643E+00 -3.52411002E-01  8.16702843E-04 -5.10772467E-01  2.07752407E-01  1.81829858E+00 -7.22954690E-01
ZS 33 -5.54032505E-01 -4.92105067E-01 -7.39663482E-01 -6.77878976E-01  5.39675951E-01  3.02175283E-01  2.35884905E-01  4.02695626E-01
ZS 34 -3.54192168E-01  5.16732514E-01 -2.29855627E-01 -1.07861292E+00 -8.64947081E-01  9.72661227E-02 -2.18642950E-01 -1.42066121E-01
ZS 35 -7.54569769E-01 -2.10061461E-01 -5.04593134E-01 -1.33410692E-01  2.57920325E-01 -8.01792026E-01 -3.56581599E-01 -8.87397170E-01
ZS 36 -1.82626009E-01  5.00843585E-01  5.13762534E-02  4.68419045E-01 -8.26754630E-01 -6.97291911E-01  6.61795497E-01 -7.28235781E-01
ZS 37 -5.29632509E-01 -6.21255219E-01  9.33479369E-01  3.17292750E-01 -1.04622054E+00 -1.04791641E-01 -5.71185946E-01 -1.20953786E+00
ZS 38  2.70740539E-01  8.86188865E-01  3.40523928E-01 -8.03795874E-01 -1.12329507E+00 -6.80879354E-02  1.08668745E+00  6.71652913E-01
ZS 39  2.40722507E-01 -5.74354589E-01  4.47014272E-02 -5.37556112E-02 -2.38728434E-01 -6.84272170E-01 -8.77858996E-02 -2.44851351E-01
ZS 40 -1.07445621E+00 -4.90965694E-01 -1.97874546E-01 -1.01259351E+00 -6.24842644E-02  5.85688829E-01 -1.32177675E+00  1.99046052E+00
ZS 41 -1.15889978E+00 -1.84193492E+00 -1.85981810E+00  2.59074330E-01 -5.29207587E-01  1.41545117E+00 -1.26127899E+00  1.63724959E-01
ZS 42  1.06619203E+00  5.06799936E-01 -1.93357557E-01 -3.16576809E-01 -3.67485583E-02  1.86054885E-01  6.38252378E-01 -1.06701803E+00
ZS 43  4.12324071E-02 -3.81553411E-01  5.41014254E-01 -3.48422706E-01 -5.30593812E-01 -4.23906446E-01  9.00734544E-01 -1.28974545E+00
ZS 44 -6.44171417E-01  5.94589859E-02  2.55498856E-01 -7.38744810E-02  4.97653663E-01 -4.10059273E-01  4.00588810E-01 -9.21874344E-02
ZS 45  3.06741238E-01 -6.80978715E-01  1.53395012E-01  7.56697297E-01  7.27224469E-01 -1.02415681E+00  3.79389733E-01  7.46555805E-01
ZS 46 -1.07942915E+00  1.02492607E+00 -1.26362610E+00 -8.90652001E-01 -9.06668901E-01 -8.38426411E-01 -3.28507721E-01 -1.43618762E-01
ZH  1  7.05937803E-01  9.41469014E-01  4.15989131E-01  5.70294023E-01
ZH  2  1.28331304E+00  8.61568570E-01  1.44526231E+00  7.22743571E-01
ZH  3  8.38121176E-01  7.50141501E-01  7.75553346E-01  1.86539400E+00
ZH  4  5.60486495E-01  9.17807639E-01  7.96172798E-01  2.09181738E+00
ZH  5  1.45261097E+00  8.27408910E-01  1.03388989E+00  1.00615466E+00
ZH  6  1.14282906E+00  1.16920519E+00  1.65479994E+00  7.84392416E-01
ZH  7  5.93064010E-01  1.23468256E+00  1.46091974E+00  6.15992844E-01
ZH  8  2.84446865E-01  5.85177541E-01  5.26323199E-01  7.88847327E-01
ZH  9  1.31649661E+00  1.13910031E+00  6.38372362E-01  1.24316478E+00
ZH 10  2.25418925E+00  7.78874993E-01  1.04831851E+00  9.15332019E-01
ZH 11  1.26975918E+00  1.09137475E+00  1.06688571E+00  1.29638600E+00
ZH 12  9.21258926E-01  8.09128463E-01  6.08235002E-01  8.32988083E-01
ZH 13  5.63129306E-01  3.30650717E-01  1.18627703E+00  9.11339879E-01
ZH 14  8.29533100E-01  1.97566664E+00  1.19530427E+00  1.46043563E+00
ZH 15  6.64544940E-01  1.05129015E+00  1.00238991E+00  1.64754021E+00
ZH 16  6.36188567E-01  1.07675362E+00  1.15605295E+00  8.82809222E-01
ZH 17  8.52648735E-01  5.87826312E-01  1.43060076E+00  8.74141157E-01
ZH 18  8.69538963E-01  1.20512521E+00  1.50209439E+00  2.08883119E+00
ZH 19  6.68612778E-01  5.55014968E-01  8.91613066E-01  4.51439381E-01
ZH 20  7.04594433E-01  5.81610203E-01  1.50444698E+00  1.71929955E+00
ZH 21  8.36951256E-01  9.21956658E-01  1.47861969E+00  9.43874598E-01
ZH 22  1.18635833E+00  8.56742978E-01  1.02251470E+00  4.89324600E-01
ZH 23  8.84760678E-01  1.30470395E+00  2.83550262E-01  1.31652868E+00
ZH 24  1.21722162E+00  2.25208998E+00  1.19345617E+00  2.41484642E-01
ZH 25  6.24194622E-01  6.94396257E-01  1.65815961E+00  6.53862178E-01
ZH 26  1.05772722E+00  1.19239962E+00  1.03369808E+00  5.18308878E-01
ZH 27  7.31606245E-01  1.26358175E+00  8.66648257E-01  1.27173233E+00
ZH 28  7.79356360E-01  1.82618463E+00  6.44003332E-01  1.37096071E+00
ZH 29  1.75203741E+00  1.26957631E+00  1.23561597E+00  8.52899969E-01
ZH 30  1.26469553E+00  4.64693844E-01  1.14140165E+00  7.76113272E-01
ZH 31  6.90437436E-01  1.01595902E+00  8.27939093E-01  1.81637371E+00
ZH 32  1.60919964E+00  1.30701959E+00  9.87461567E-01  1.44161487E+00
ZH 33  6.35556698E-01  8.57624948E-01  7.66949594E-01  7.85299659E-01
ZH 34  6.31330788E-01  1.09231818E+00  6.51034415E-01  1.28840542E+00
ZH 35  7.21386075E-01  2.13279343E+00  6.98937953E-01  7.76531518E-01
ZH 36  7.28529155E-01  5.47284007E-01  8.32455397E-01  1.24822938E+00
ZH 37  7.05330968E-01  8.16417992E-01  2.01327014E+00  1.36088634E+00
ZH 38  8.01738620E-01  6.24023318E-01  1.53767288E+00  1.61474037E+00
ZH 39  1.52173352E+00  5.31285822E-01  6.45762384E-01  7.74591148E-01
ZH 40  1.22793961E+00  1.64907908E+00  9.68655765E-01  1.89125001E+00
ZH 41  1.59693599E+00  1.96276677E+00  1.72941411E+00  1.31388044E+00
ZH 42  1.31135297E+00  7.66957641E-01  5.05387247E-01  1.14726686E+00
ZH 43  9.95195806E-01  6.75858557E-01  1.32990563E+00  1.11803353E+00
ZH 44  1.66291630E+00  2.83597916E-01  6.37630045E-01  5.81216156E-01
ZH 45  5.34296632E-01  6.86229467E-01  1.77915299E+00  7.27671683E-01
ZH 46  1.39614260E+00  1.44073451E+00  1.20548201E+00  1.48995471E+00
DEC F rungs=4 block=0 rank=0 half=F pool=0 metric= -1.7976931348623157+308
DECPAYLOAD 0000000000000000000000000000000000
RUNG L1 count=2 pool=2
H 1 0011100101010001101100011011001001111001001110 F   8.5983919041231275E+01   1.7360775166191161E+02 78
H 2 0111100011110011000001101011110101010010100010 F   8.5292458247393370E+01   1.7161119111999869E+02 162
RUNG L2 count=4 pool=5
H 1 1011111110010001100110000101110000001011100000 F   5.7358360677957535E+01   1.1481075966358185E+02 224
H 2 1111010001100011000001101011110101011111100010 F   5.6735937006771564E+01   1.1482381278276443E+02 482
H 3 0000100001011111010111011110100101111011000111 F   5.6167889922857285E+01   1.1359495708346367E+02 199
H 4 1111010001001000010100101011010101011111100010 F   5.6142455272376537E+01   1.1423033104836941E+02 482
RUNG L4 count=2 pool=2
H 1 1100101001001001000100000101110000111011111010 F   4.1615585684776306E+01   8.3556617975234985E+01 250
H 2 1100101001001001000100001000011101101111111010 F   4.1443851172924042E+01   8.2887702345848083E+01 506
RUNG H1 count=4 pool=4
H 1 1110001010111111000110110011110000011000001100 F   1.0573284876346588E+02   2.1190200069546700E+02 12
H 2 0111000010001100001111011010101001110001110111 F   1.0415058737248182E+02   2.1209586207568645E+02 119
H 3 1010101101100100111100010110100100011110001110 F   1.0359816116094589E+02   2.0802622902393341E+02 398
H 4 0111000010101000101101010010101001110001110111 F   1.0319058933109045E+02   2.1113586403429508E+02 119
CASE 25  6.00  0.00  2.50
PAYLOAD 1110011001110100110110010100001100
ZS  1  5.83211422E-01  4.66825157E-01 -1.49922982E-01 -1.00822866E+00  1.11531639E+00  5.81708193E-01  1.11330128E+00 -5.18058717E-01
ZS  2 -3.40450495E-01 -2.44688377E-01 -6.69380069E-01  3.51687133E-01  2.13864923E-01 -5.64743578E-01  1.33791161E+00  7.64884472E-01
ZS  3 -5.56037724E-01  5.74320436E-01  1.44704413E+00  2.95928895E-01 -3.60013783E-01 -3.28415543E-01 -1.11361802E-01  1.87796026E-01
ZS  4 -6.09496832E-01  8.93886328E-01  5.73856533E-01 -1.44863248E-01  1.14619052E+00 -1.05810374E-01 -7.97244251E-01  1.39198974E-01
ZS  5 -8.15462351E-01  3.76670212E-01 -3.25123370E-01 -8.77596200E-01  7.70032108E-02 -5.95914602E-01 -7.41890669E-01 -5.56390882E-01
ZS  6  6.96947694E-01  3.41268629E-01 -1.81628764E-01 -1.34706604E+00  3.19836885E-01  1.58625066E-01 -2.38097399E-01  8.89549017E-01
ZS  7 -8.53669345E-01 -1.23446882E+00 -8.60065818E-01  2.99391627E-01 -5.34338653E-02  2.84433067E-02 -8.81327212E-01  1.07596070E-02
ZS  8 -1.75545335E-01 -4.54675853E-01 -2.96190500E-01 -2.78631032E-01  1.04935849E+00  5.36450744E-02  8.72488320E-01 -2.70327359E-01
ZS  9  8.41727614E-01 -6.09219909E-01 -1.86031520E-01 -9.76672888E-01 -4.81697321E-01  4.97677475E-01  8.69325876E-01 -5.92277586E-01
ZS 10 -5.27473032E-01  1.17000416E-01  2.53441155E-01  8.75795782E-02  1.23954296E-01 -6.10215366E-01  6.88264966E-01 -2.25387001E+00
ZS 11 -3.07190716E-01 -1.04109836E+00  9.16644931E-01  1.98835671E-01  9.16427255E-01  8.78275335E-02  6.53884053E-01  3.68358970E-01
ZS 12  4.18879867E-01  5.95997512E-01  3.38554025E-01 -1.51528049E+00  3.88624012E-01 -4.49703515E-01  1.39162213E-01 -5.52980185E-01
ZS 13 -3.81871939E-01 -6.36328042E-01 -2.98626870E-01  3.92413080E-01 -4.23359364E-01 -4.09489572E-01 -1.18111229E+00 -8.49081576E-01
ZS 14  8.42823088E-01  4.54880357E-01  4.80183244E-01  6.73925221E-01 -4.86310899E-01 -2.35808349E+00 -3.42368454E-01  1.64934993E-02
ZS 15  9.13881123E-01 -3.85709107E-01  1.20661521E+00 -1.03936827E+00 -1.38434827E-01  4.17396575E-01  4.08793122E-01 -5.11483908E-01
ZS 16 -8.15818131E-01  9.28732872E-01 -5.66111326E-01  3.36588204E-01  8.86250958E-02 -7.01468766E-01  1.06735337E+00 -1.05540180E+00
ZS 17 -3.44948947E-01 -2.13664606E-01  1.84524000E-01 -5.34807801E-01  2.77541935E-01 -8.87209237E-01 -1.71323442E+00  8.09738517E-01
ZS 18  3.56018692E-01  1.14179707E+00  3.55364084E-02 -1.09565747E+00  2.50795484E-01  5.64428151E-01  6.31597281E-01  9.06743407E-02
ZS 19 -7.13776231E-01 -1.43256366E+00  1.71701521E-01 -1.55900866E-01  6.22381687E-01  1.45865917E-01  8.69325638E-01 -1.82695389E-02
ZS 20 -6.67995811E-01 -2.19329521E-01 -2.19314337E-01 -3.39212835E-01 -7.75682688E-01 -1.48118484E+00 -3.17873955E-01  2.49711394E-01
ZS 21  4.76817131E-01 -2.86877990E-01 -1.31318480E-01 -1.21123970E+00  1.86209023E-01 -4.00520593E-01  5.51832974E-01  8.20924461E-01
ZS 22 -2.70597756E-01  6.49602950E-01 -4.16427970E-01 -5.78751683E-01  1.38303804E+00 -1.90932572E-01  3.71378243E-01 -1.10129640E-02
ZS 23  5.76178610E-01 -6.75753713E-01 -3.17993194E-01  2.71331966E-01  3.83196145E-01  1.03927779E+00 -5.98521292E-01 -1.74186826E-02
ZS 24 -2.63492614E-01  6.12702332E-02  1.66716740E-01  9.58042920E-01  8.43571663E-01  5.74466348E-01  9.11753356E-01 -8.53681207E-01
ZS 25  7.11898625E-01 -2.04538092E-01 -2.40687490E-01 -1.45771921E+00 -3.10157955E-01 -7.98083842E-03 -7.10682631E-01  3.77666950E-02
ZS 26 -5.34081578E-01  2.23156437E-01 -1.47638112E-01 -7.66799152E-02 -1.25509512E+00 -6.06921434E-01 -3.32090974E-01 -1.97258306E+00
ZS 27 -4.97057140E-01 -2.40316525E-01 -1.55596673E-01 -1.22887716E-01 -7.11349070E-01  9.16316986E-01  1.32473826E+00  9.09328282E-01
ZS 28  8.58830094E-01  4.54032958E-01 -4.05858815E-01  7.69322455E-01  8.03395510E-01  5.13970077E-01 -1.41802192E+00  3.56101215E-01
ZS 29  4.95860606E-01  1.68022013E+00 -4.37298536E-01 -6.52444959E-01 -1.10615015E-01 -1.63200051E-01  4.60981250E-01  3.57265651E-01
ZS 30  1.35204092E-01  4.27747160E-01  9.37115908E-01  1.06699431E+00  1.17881060E+00 -1.34708479E-01  7.85681188E-01 -7.30801225E-01
ZS 31 -3.68982852E-01 -6.60630703E-01 -7.73265064E-02  1.82169199E-01  8.79369259E-01  9.21026468E-02  2.21256852E-01  1.00204945E+00
ZS 32 -3.61564815E-01 -1.08277678E+00 -2.78141886E-01 -8.15079063E-02 -1.05519474E-01 -1.68372214E+00  8.85767043E-02 -6.05834603E-01
ZS 33  1.37726337E-01  8.60132992E-01  7.41706014E-01  3.08662951E-01 -6.08330429E-01  1.31017530E+00 -2.32107878E-01 -1.69818997E+00
ZS 34 -3.06750119E-01  7.12499559E-01 -6.59147263E-01 -5.47450840E-01  7.85388052E-01 -2.81518940E-02 -1.01531625E-01 -8.06061983E-01
ZS 35 -5.54630339E-01 -1.40505552E+00 -6.20625198E-01 -6.58956945E-01  3.81662786E-01 -2.13113159E-01 -1.69661212E+00  3.59715879E-01
ZS 36 -1.00954294E-01 -6.48576558E-01  9.49723721E-01 -5.33182025E-02  1.63455510E+00  7.13853002E-01 -5.34739494E-01  1.47475898E-02
ZS 37  1.29842520E+00 -1.32344604E+00 -3.70177656E-01  4.60177273E-01 -7.77755499E-01 -1.41239309E+00  5.36014855E-01 -5.63659132E-01
ZS 38  1.10556781E+00  1.06875551E+00 -3.98020476E-01  1.32674575E-01  4.88471836E-01 -1.39701438E+00  5.58140427E-02 -1.13151395E+00
ZS 39  1.08214244E-01 -1.80370629E-01 -2.10329294E-01 -8.26572478E-02  7.20599413E-01  1.14810777E+00 -2.08853394E-01 -7.68817306E-01
ZS 40 -6.96149588E-01  2.86192685E-01  1.06533492E+00  1.86730966E-01  1.83286577E-01  4.32173312E-02  1.18968391E+00 -3.11847210E-01
ZS 41 -3.64276350E-01 -3.79971743E-01 -1.90780312E-01  6.28444910E-01  1.45427227E-01 -1.65466106E+00 -1.70644999E-01  3.55482906E-01
ZS 42 -7.73701668E-01  7.31250226E-01 -1.02210343E-02 -5.63115835E-01  7.36970305E-02 -1.62922573E+00 -1.47859859E+00 -8.48616064E-01
ZS 43 -4.26806808E-01 -1.91545844E-01 -1.26937771E+00  2.48342127E-01 -2.22624868E-01 -7.62035906E-01 -8.46638799E-01 -4.15754676E-01
ZS 44  9.63536680E-01 -1.70744121E-01  8.93078387E-01  2.68979579E-01  3.47372860E-01 -2.28031561E-01  4.24337238E-02  5.57214320E-01
ZS 45  5.56957722E-01 -1.32856584E+00 -4.46748286E-02 -1.80981129E-01 -1.78991556E-01  5.64745247E-01 -1.75180674E-01 -7.46730983E-01
ZS 46 -4.39067900E-01  2.05090195E-01 -7.06770003E-01 -5.45406878E-01 -8.81583989E-02 -5.41668609E-02  3.84843111E-01  3.02998424E-02
ZH  1  5.29150009E-01  7.95512199E-01  1.32166684E+00  1.65196371E+00
ZH  2  3.77728343E-01  7.25619137E-01  1.63357055E+00  1.30815494E+00
ZH  3  1.03491950E+00  2.12254620E+00  4.22373950E-01  9.72010553E-01
ZH  4  7.71616042E-01  6.13840878E-01  9.30543244E-01  6.56564474E-01
ZH  5  1.13324177E+00  1.39110911E+00  5.95146298E-01  1.06371975E+00
ZH  6  1.15968776E+00  1.03348362E+00  6.08842134E-01  1.18388176E+00
ZH  7  1.73830903E+00  6.51921391E-01  5.76442301E-01  7.35196173E-01
ZH  8  1.73953724E+00  1.47017848E+00  9.90974665E-01  1.12559521E+00
ZH  9  9.84733999E-01  1.52016497E+00  7.07562029E-01  2.65774822E+00
ZH 10  5.91482878E-01  6.59384847E-01  2.55183363E+00  1.72466135E+00
ZH 11  8.38377893E-01  7.45512187E-01  1.28124166E+00  2.12442756E+00
ZH 12  8.18397999E-01  1.85672569E+00  5.61076164E-01  4.33384150E-01
ZH 13  7.48019695E-01  5.20902216E-01  5.58389544E-01  2.07855177E+00
ZH 14  8.95218313E-01  6.25328839E-01  2.09814906E+00  4.57706273E-01
ZH 15  8.31772208E-01  1.97298241E+00  7.21718311E-01  5.15090346E-01
ZH 16  1.10682535E+00  5.15942097E-01  6.56991005E-01  1.96777463E+00
ZH 17  4.48453873E-01  9.55511570E-01  1.23093617E+00  1.35343087E+00
ZH 18  8.73562217E-01  1.94702291E+00  8.00051510E-01  1.03972912E+00
ZH 19  1.82922411E+00  7.04313278E-01  9.70778108E-01  8.69737208E-01
ZH 20  8.22012722E-01  2.15017891E+00  1.21853971E+00  6.78393185E-01
ZH 21  1.65334535E+00  8.88867855E-01  4.11606729E-01  7.90716708E-01
ZH 22  7.51020074E-01  1.76924884E+00  1.16491449E+00  5.11845350E-01
ZH 23  7.81534553E-01  4.91745651E-01  8.33585918E-01  6.19064867E-01
ZH 24  4.66454834E-01  8.37753594E-01  1.19071043E+00  1.95140839E+00
ZH 25  8.45460773E-01  1.47783709E+00  5.01166344E-01  1.92360675E+00
ZH 26  7.68092573E-01  6.01250827E-01  1.08038270E+00  2.74680305E+00
ZH 27  4.24334794E-01  9.52964127E-01  1.18450749E+00  2.03902459E+00
ZH 28  1.45449579E+00  1.42343497E+00  8.62075269E-01  1.19651663E+00
ZH 29  1.43109500E+00  1.43770361E+00  1.02447939E+00  7.47368574E-01
ZH 30  5.06601214E-01  1.13469040E+00  8.67389202E-01  1.73861361E+00
ZH 31  1.32057595E+00  1.22843325E+00  1.05691016E+00  7.38533080E-01
ZH 32  8.67358744E-01  6.64944708E-01  1.79556251E+00  8.06174159E-01
ZH 33  1.25812852E+00  9.14382756E-01  1.45320880E+00  1.52212274E+00
ZH 34  8.62147331E-01  6.69450998E-01  6.64366484E-01  1.55214667E+00
ZH 35  1.18672037E+00  2.11812925E+00  1.04609191E+00  1.43428457E+00
ZH 36  7.67860830E-01  1.49961185E+00  1.53630090E+00  1.15152085E+00
ZH 37  1.60626221E+00  5.49712300E-01  1.20376384E+00  6.75090432E-01
ZH 38  1.09680927E+00  1.22233665E+00  1.40194750E+00  8.96542668E-01
ZH 39  1.90891296E-01  1.45998371E+00  1.11279571E+00  6.41662598E-01
ZH 40  1.09693325E+00  9.64997411E-01  7.31326640E-01  1.48811293E+00
ZH 41  5.71811378E-01  5.45453012E-01  1.99712241E+00  1.41982746E+00
ZH 42  8.98027539E-01  1.14002454E+00  1.55067313E+00  1.32013857E+00
ZH 43  1.17687476E+00  1.13392043E+00  8.25233996E-01  1.53935492E+00
ZH 44  2.05423498E+00  1.05837333E+00  4.06607717E-01  4.33909655E-01
ZH 45  1.21841395E+00  6.21294320E-01  9.28239465E-01  8.76011908E-01
ZH 46  7.71853805E-01  7.49352276E-01  3.82135004E-01  1.76561880E+00
DEC T rungs=4 block=1 rank=1 half=T pool=3 metric=  1.4598521313071251E+02
DECPAYLOAD 1110011001110100110110010100001100
RUNG L1 count=4 pool=5
H 1 0000101011111001110010110001100001111101101000 F   9.3644099175930023E+01   1.8728819835186005E+02 360
H 2 1110110011100000010110000101011100001101001101 F   9.3609591960906982E+01   1.8824343770742416E+02 333
H 3 1011001010000010010110000101011100001101001111 F   9.3528279576450586E+01   1.8910015258938074E+02 335
H 4 0110100000100011001101010000011101100000100111 F   9.3525820851325989E+01   1.8843184548616409E+02 39
RUNG L2 count=4 pool=4
H 1 0000000111001101001011100111100001111111011111 F   7.0664284646511078E+01   1.4324455893039703E+02 479
H 2 0001010100111010101001100100100000110100100110 F   7.0509996778331697E+01   1.4264344800822437E+02 294
H 3 0001010100111010101001100100100001010000000110 F   7.0041804402135313E+01   1.4061041094269603E+02 6
H 4 0001010100111010101010011100000000010000000110 F   7.0016336321830750E+01   1.4058494286239147E+02 6
RUNG L4 count=4 pool=7
H 1 1011001010000011111110010111001001001111001111 F   5.0448123455047607E+01   1.0089624691009521E+02 463
H 2 1011001010000011111110111011010001001111001111 F   5.0269714653491974E+01   1.0071783810853958E+02 463
H 3 1011001010000011111110011011010001001111001111 F   4.9904543876647949E+01   1.0035266733169556E+02 463
H 4 1010001110010010111010001011111100111111011110 F   4.9781469941139221E+01   1.0053800034523010E+02 478
RUNG H1 count=3 pool=3
H 1 1110011001110100110110010100001100000000010101 T   1.4598521313071251E+02   2.9197042626142502E+02 21
H 2 1110011001110100110110010101000101000000010101 F   1.3646380588412285E+02   2.8244901901483536E+02 21
H 3 1110011001110100110110010111010100000000010101 F   1.3532520142197609E+02   2.8131041455268860E+02 21
CASE 26  6.00  0.00  2.50
PAYLOAD 1111000001011100001101011011001101
ZS  1 -5.54517388E-01 -1.50522149E+00  4.69936639E-01 -7.36152768E-01 -7.08720028E-01 -1.40062141E+00 -4.06829506E-01 -1.21401243E-01
ZS  2 -2.98389643E-01 -2.87628323E-02 -3.40961456E-01 -3.90646696E-01 -6.75245047E-01  1.12806034E+00  4.57996458E-01  2.01299116E-01
ZS  3  3.34961683E-01  9.19733822E-01 -1.07169271E+00 -9.01586056E-01  5.87924004E-01 -2.60218471E-01 -7.29051054E-01  1.51712132E+00
ZS  4 -2.31334314E-01 -1.10790074E+00  2.33763069E-01 -2.89022774E-01 -3.20212960E-01 -1.08840144E+00  1.66556239E-01 -1.88854456E-01
ZS  5 -4.88839149E-02  4.24489379E-01 -4.56641436E-01 -1.51318145E+00  8.21154654E-01 -1.01502419E-01 -7.23582447E-01  1.37642610E+00
ZS  6  2.40604937E-01 -7.15268791E-01 -9.08391833E-01  4.26621437E-01  8.25902522E-02  3.34074736E-01 -1.11549163E+00 -4.38309312E-02
ZS  7  7.43798539E-02 -8.12759340E-01 -1.05162036E+00  1.26503325E+00 -6.55163288E-01 -5.88443398E-01  1.47748545E-01  3.16469818E-01
ZS  8  1.99575603E-01  3.63481343E-02 -2.12537289E-01 -9.88066852E-01  1.22898780E-01  8.19966435E-01 -1.41705012E+00  6.68030977E-03
ZS  9  1.44800234E+00 -4.85265374E-01 -8.47736716E-01  1.17697328E-01 -9.28504944E-01 -1.68711036E-01 -3.66877019E-01  4.43812907E-01
ZS 10 -1.08299375E+00 -6.36215925E-01 -1.13862681E+00 -1.42407358E-01 -6.70074344E-01 -9.19398904E-01 -5.69136083E-01 -3.28614116E-02
ZS 11  1.40332550E-01 -3.53407264E-02  2.58532614E-02  1.24916005E+00 -1.44882596E+00  6.36399865E-01  1.09209490E+00  2.87018538E-01
ZS 12 -6.30645752E-02 -6.85274243E-01 -6.97546601E-01 -5.01544714E-01 -6.41809940E-01 -4.01007980E-01 -7.83755064E-01  3.37509274E-01
ZS 13 -2.80274451E-01 -3.46059024E-01 -4.57994282E-01 -6.08677030E-01 -1.89061746E-01 -4.41455722E-01 -1.11491060E+00 -1.01044285E+00
ZS 14 -1.44774330E+00 -1.07099247E+00 -1.11353064E+00  5.89315355E-01 -8.35643709E-01 -1.30319864E-01 -3.81162286E-01  8.61271381E-01
ZS 15 -2.14749455E+00  2.96971977E-01 -1.02406609E+00 -1.43473113E+00  6.95795774E-01  3.83940637E-01 -7.24696159E-01 -2.48643935E-01
ZS 16  1.10732898E-01  3.13298553E-01 -5.19596696E-01 -1.76499337E-01  4.84486639E-01 -1.09813583E+00  3.20397437E-01 -1.40291643E+00
ZS 17  1.77347228E-01 -1.15437603E+00 -4.94790077E-03 -1.16903579E+00 -6.66109622E-01 -1.01229167E+00 -1.87914565E-01 -7.85679698E-01
ZS 18  2.65362263E-01  4.83184874E-01 -4.42501962E-01 -3.87521565E-01 -6.42811000E-01 -1.12016511E+00 -1.84353203E-01  4.08120096E-01
ZS 19  4.26948071E-03 -4.26974893E-01 -3.19036841E-01 -1.26390725E-01 -5.26994228E-01 -5.85678160E-01  7.75928855E-01  1.37819850E+00
ZS 20  8.92431498E-01  7.10559428E-01 -1.36854672E+00 -1.14237630E+00 -6.40069008E-01 -6.86815202E-01 -3.79492879E-01 -6.16509616E-02
ZS 21 -3.02714318E-01 -8.60352635E-01 -4.85396564E-01  3.03829551E-01 -6.50626540E-01 -7.36771584E-01 -1.07132304E+00  3.68350774E-01
ZS 22 -1.58294082E-01  9.64055955E-01  6.34503007E-01 -8.57991099E-01 -6.11870289E-01 -4.27433878E-01 -5.61008513E-01 -1.22675002E-02
ZS 23 -1.00442624E+00  8.91294718E-01 -6.34639919E-01 -1.51367649E-01 -6.57647669E-01 -4.26204234E-01 -3.07120115E-01  1.02031887E-01
ZS 24 -6.15650952E-01 -1.03196502E+00  3.39896441E-01 -9.40680206E-01  8.14018488E-01 -9.73754942E-01  7.58605897E-02 -3.17428857E-01
ZS 25 -1.02226973E-01 -1.09886193E+00 -2.43446410E-01 -1.28719234E+00  6.92355812E-01 -3.12374711E-01  4.74618465E-01 -1.05172634E-01
ZS 26 -3.42323184E-01 -5.65933704E-01 -1.41612804E+00 -7.95619965E-01  6.73966825E-01  4.33096141E-01  8.51526856E-01 -8.36209655E-01
ZS 27 -2.21272111E-02  7.65199184E-01  1.59826231E+00  2.07054794E-01  5.65274715E-01  3.19429725E-01 -6.98107243E-01 -8.14275384E-01
ZS 28  1.10469568E+00 -9.98978764E-02  7.95728385E-01  8.47921222E-02  4.19862330E-01 -8.71119559E-01 -9.71688569E-01 -6.73797190E-01
ZS 29 -1.43929601E+00  1.40896365E-02 -9.41597581E-01  5.84271438E-02 -3.50557089E-01 -1.97209525E+00 -6.05806947E-01 -2.67366052E-01
ZS 30 -2.01763079E-01  4.16893870E-01 -4.21447098E-01 -5.67353785E-01  4.82286513E-01  2.99302787E-02 -5.77045977E-01  1.49602771E-01
ZS 31 -8.56902540E-01 -1.27971995E+00  4.33694959E-01 -6.13426685E-01  1.15981603E+00 -1.29336044E-01 -5.82873106E-01  3.59836668E-01
ZS 32 -5.16516209E-01 -7.67432570E-01 -1.53669405E+00 -1.01349962E+00  6.72788262E-01 -1.86851710E-01 -6.29046440E-01 -1.09690022E+00
ZS 33  3.49140793E-01  3.25020760E-01  1.16091859E+00  5.90819716E-01 -1.53582537E+00 -4.74397302E-01 -1.01697016E+00  7.00499535E-01
ZS 34  8.84349644E-02 -1.25081921E+00  5.03572047E-01 -1.66323483E-01  2.29440778E-01 -2.09752262E-01 -4.74311233E-01 -3.11242640E-02
ZS 35  4.05020475E-01 -1.36625743E+00  2.96928048E-01 -1.90445662E-01  2.25049853E-02  1.21457681E-01 -5.18141985E-01 -1.69961005E-01
ZS 36 -1.27147079E-01 -2.28645539E+00  4.17546332E-02  4.67615157E-01  6.72345459E-01  5.70884824E-01  9.84003663E-01  4.21544045E-01
ZS 37 -2.56223977E-02  2.60211825E-01  1.28129661E-01 -8.61180127E-01 -2.75972277E-01 -1.07091522E+00 -1.10974133E+00  4.01012391E-01
ZS 38 -1.58257937E+00 -3.49910617E-01 -6.92650795E-01 -3.81179512E-01  7.51870811E-01  8.35863233E-01 -4.86076772E-02  1.53489876E+00
ZS 39 -1.07568836E+00 -3.63818765E-01  1.16076112E+00  2.00009778E-01 -6.73517644E-01 -3.07046264E-01  8.39787245E-01 -1.41275704E+00
ZS 40  3.20794016E-01  9.67358351E-01  1.06818748E+00 -1.05460215E+00 -1.09511487E-01  1.12961984E+00 -7.20821261E-01 -1.49627376E+00
ZS 41  3.05558741E-02  3.25377047E-01 -3.66988838E-01  9.04632866E-01 -8.33340883E-01  2.21154347E-01  5.06310403E-01  1.42812163E-01
ZS 42 -3.31916779E-01 -3.70417178E-01 -2.47552648E-01  6.56744838E-01 -1.31419194E+00 -2.24383652E-01 -8.29906106E-01  4.98313546E-01
ZS 43  5.59843600E-01 -4.37095612E-01 -5.33344030E-01  8.40277970E-01  6.50295258E-01 -6.19227469E-01 -1.29553008E+00  5.60006440E-01
ZS 44  4.86847669E-01 -2.12282836E-02  7.68770576E-02  4.50853035E-02  1.35702872E+00 -7.66491055E-01  9.50812221E-01  1.74074069E-01
ZS 45 -1.60389513E-01 -9.80400681E-01 -1.29688120E+00  2.28054971E-01  5.92386723E-03  2.01101255E+00 -6.09931350E-01  9.88403797E-01
ZS 46 -1.38397947E-01 -1.02070534E+00 -5.99934697E-01  1.27936161E+00 -4.03293818E-01 -4.29887801E-01  8.92976999E-01 -1.44929171E-01
ZH  1  2.08275771E+00  7.41937876E-01  1.25953531E+00  3.77376050E-01
ZH  2  4.20548588E-01  1.12235129E+00  1.00271869E+00  4.36339915E-01
ZH  3  7.31013894E-01  1.67172837E+00  8.12232554E-01  1.21835279E+00
ZH  4  8.28620076E-01  5.32389104E-01  8.65314841E-01  2.67293286E+00
ZH  5  1.41934955E+00  1.19792128E+00  9.32301998E-01  1.10157120E+00
ZH  6  1.02461827E+00  1.08746338E+00  5.19519448E-01  1.80585670E+00
ZH  7  6.46222889E-01  1.27978325E+00  1.51399612E+00  3.74285758E-01
ZH  8  5.88991284E-01  1.25388420E+00  7.44984686E-01  1.13925481E+00
ZH  9  1.08480155E+00  1.35585392E+00  6.73089445E-01  6.20227754E-01
ZH 10  9.77593124E-01  8.48697066E-01  8.32066000E-01  2.10236001E+00
ZH 11  1.35859978E+00  9.57048476E-01  1.23469830E+00  8.58680546E-01
ZH 12  1.38223612E+00  9.88033533E-01  7.02199936E-01  1.55523622E+00
ZH 13  1.40520823E+00  5.71423650E-01  5.20112932E-01  1.28602433E+00
ZH 14  1.45368433E+00  1.78230774E+00  8.39341223E-01  1.22497761E+00
ZH 15  1.57705951E+00  1.61813700E+00  8.25010359E-01  1.64628422E+00
ZH 16  4.66071486E-01  4.05720264E-01  8.93122256E-01  1.58581817E+00
ZH 17  8.29622626E-01  2.16050887E+00  1.03823543E+00  1.19005501E+00
ZH 18  7.85873175E-01  5.63316524E-01  1.27793443E+00  1.37948012E+00
ZH 19  1.42738891E+00  6.74496412E-01  6.25625968E-01  1.50330067E+00
ZH 20  1.03881156E+00  1.26958299E+00  1.72982383E+00  4.95863944E-01
ZH 21  8.22507322E-01  4.33635533E-01  1.69320035E+00  1.06178808E+00
ZH 22  9.28024292E-01  1.26789939E+00  6.07535303E-01  1.59302473E+00
ZH 23  9.78433013E-01  7.88881660E-01  1.50521386E+00  7.62237132E-01
ZH 24  1.02218318E+00  2.63429785E+00  1.24036264E+00  3.42120439E-01
ZH 25  1.42751992E+00  1.84103096E+00  9.49545622E-01  1.01400447E+00
ZH 26  2.26640391E+00  1.29419422E+00  1.02462208E+00  1.04898190E+00
ZH 27  8.81674528E-01  1.50687599E+00  7.60855496E-01  1.70280397E+00
ZH 28  9.84942794E-01  1.24487388E+00  1.07969725E+00  1.67384529E+00
ZH 29  1.15171504E+00  1.45569026E+00  2.22785425E+00  1.21516657E+00
ZH 30  5.23537815E-01  1.33112848E+00  5.11447668E-01  1.20167673E+00
ZH 31  1.18263710E+00  1.74522936E+00  1.10895634E+00  6.29954278E-01
ZH 32  9.75877881E-01  2.08911180E+00  1.16906142E+00  1.05401790E+00
ZH 33  4.25724089E-01  9.66880023E-01  2.48706627E+00  9.28500891E-01
ZH 34  1.22621226E+00  6.18917048E-01  1.02915525E+00  4.31982487E-01
ZH 35  1.71202588E+00  2.09312558E+00  6.49345458E-01  5.32123208E-01
ZH 36  2.13197112E+00  1.02442408E+00  6.85106516E-01  8.14733684E-01
ZH 37  6.57238662E-01  8.23661923E-01  8.32364738E-01  1.21317959E+00
ZH 38  1.38219833E+00  9.52232718E-01  1.29984522E+00  1.28494275E+00
ZH 39  1.50527072E+00  1.08536422E+00  1.02077484E+00  1.17945611E+00
ZH 40  9.49061751E-01  1.40767527E+00  1.46676922E+00  2.00192094E+00
ZH 41  4.12886411E-01  1.23124564E+00  6.71025753E-01  1.17119908E+00
ZH 42  8.45997989E-01  5.38544476E-01  9.54943120E-01  8.59819829E-01
ZH 43  1.65037763E+00  9.59671021E-01  7.68758059E-01  1.14969420E+00
ZH 44  9.12434578E-01  5.12221694E-01  1.58820641E+00  8.17140877E-01
ZH 45  1.38544405E+00  1.12709975E+00  1.57825255E+00  1.01803660E+00
ZH 46  1.01202500E+00  1.13273764E+00  1.27418768E+00  8.75260770E-01
DEC T rungs=4 block=1 rank=1 half=T pool=4 metric=  1.3308499437570572E+02
DECPAYLOAD 1111000001011100001101011011001101
RUNG L1 count=4 pool=5
H 1 0000000011101111010111011110110001010100011011 F   9.3654343545436859E+01   1.8771315270662308E+02 283
H 2 1100111001000001110011101010001100101100000100 F   9.3618027932941914E+01   1.8741504856944084E+02 260
H 3 1100111000101011010011101010001100101100000100 F   9.3527508698403835E+01   1.8732452933490276E+02 260
H 4 0111100101001000111001100100011001011001010100 F   9.3502174198627472E+01   1.8782371883094311E+02 84
RUNG L2 count=4 pool=7
H 1 1111101100000000010111101001110100001101001101 F   6.9918471664190292E+01   1.4131256237626076E+02 333
H 2 0000011101010110010101111001011001100111101000 F   6.9619778215885162E+01   1.4116994971036911E+02 488
H 3 0111001100110010000001000100101001001111000101 F   6.9612065821886063E+01   1.4054387348890305E+02 453
H 4 0101101100000000010101111001011001100111110111 F   6.9486603677272797E+01   1.4134958904981613E+02 503
RUNG L4 count=4 pool=4
H 1 1110001000110101111101001001000100010011010000 F   5.7005005873739719E+01   1.1487253983318806E+02 208
H 2 1101100010010101101111011110110001010100111110 F   5.6952146530151367E+01   1.1765500032901764E+02 318
H 3 0011000111101001110111011110110001010100110100 F   5.6581250190734863E+01   1.1318856287002563E+02 308
H 4 1100011011000010110111011110110001010100000000 F   5.5758059442043304E+01   1.1569194412231445E+02 256
RUNG H1 count=4 pool=4
H 1 1111000001011100001101011011001101001100100010 T   1.3308499437570572E+02   2.6616998875141144E+02 290
H 2 1111000001011100001101011011001101000100100010 F   1.2927861669659615E+02   2.6236361107230186E+02 290
H 3 1111000001011100001101011011001101000100000000 F   1.2833898507058620E+02   2.6156004704535007E+02 256
H 4 0011010001011100001101011011001101000100000010 F   1.2825087128579617E+02   2.6238381899893284E+02 258
CASE 27  6.00  0.00  2.50
PAYLOAD 0110001011010000111010100101010001
ZS  1 -6.54226482E-01 -2.05580205E-01  5.86825788E-01  1.25200200E+00  1.86992860E+00  4.59103465E-01  1.15634829E-01  3.06921303E-01
ZS  2  1.70335054E-01 -4.05227661E-01  4.18945163E-01  2.03480035E-01  1.39191413E+00 -1.16374719E+00 -2.63150126E-01 -3.91593337E-01
ZS  3 -7.20896125E-02  3.16371262E-01  3.15360337E-01  1.16188812E+00 -2.24530697E-04  6.54413775E-02  4.68684703E-01  2.15883303E+00
ZS  4  2.69486487E-01  2.78659642E-01  4.16499108E-01 -5.23361564E-03  7.01220512E-01  2.08057225E-01  1.90464690E-01 -8.79214883E-01
ZS  5  4.65121388E-01 -9.88354906E-04 -7.79172659E-01  2.83084035E-01 -6.55436516E-01 -7.78039813E-01  6.34777546E-01  4.81086969E-02
ZS  6 -5.31370997E-01 -8.64830017E-02 -9.84973252E-01 -6.94362819E-01  1.19120806E-01 -4.02841210E-01  3.51049483E-01  1.52536654E+00
ZS  7 -4.47656989E-01  8.91963124E-01 -8.65912735E-01 -1.17496699E-01 -5.77328146E-01  1.01340890E+00  6.63579881E-01  6.83835685E-01
ZS  8  1.68876439E-01 -2.42790073E-01  5.34801066E-01  1.33736879E-01 -7.67239451E-01 -1.14434361E-02 -8.10537040E-01 -8.50786865E-01
ZS  9  3.67259204E-01  2.59583265E-01 -1.10547960E+00 -1.32568121E-01  6.08673930E-01  4.60861564E-01 -2.08649486E-01  9.38866794E-01
ZS 10  8.53421032E-01  3.89177978E-01  8.86835158E-02 -4.20007765E-01 -6.87171400E-01 -8.14650536E-01  1.29596734E+00  2.02934504E-01
ZS 11  1.13414414E-01 -5.55300653E-01  1.43780863E+00 -8.24171782E-01  3.22673857E-01 -1.16613722E+00  1.08955133E+00 -9.25717175E-01
ZS 12  7.80487001E-01  1.21098548E-01 -2.52411813E-01 -3.60516369E-01 -4.63376284E-01 -7.05740273E-01  2.51778930E-01 -5.46365023E-01
ZS 13  9.23642993E-01 -9.08080786E-02 -8.96714330E-01 -4.27948117E-01  4.69096601E-02 -6.44916296E-01  5.37016392E-01 -6.43059552E-01
ZS 14 -9.28116679E-01  1.38767195E+00 -6.11639023E-01  4.51754957E-01  1.12770808E+00  7.63612390E-02 -4.25288290E-01 -1.18794727E+00
ZS 15 -5.79346180E-01  9.84737933E-01 -1.08493388E-01  1.05817521E+00  8.28661799E-01  9.09915507E-01  2.38191903E-01  3.43118936E-01
ZS 16 -6.61493659E-01 -1.68079615E+00  1.52261281E+00 -1.00299037E+00  1.50603158E-02  8.20478320E-01  6.88615143E-02  7.61937499E-02
ZS 17  8.88196230E-01  4.99482989E-01  6.53753281E-02 -4.39817905E-01  3.96259576E-01  3.22281629E-01 -1.45153478E-02  2.84368098E-01
ZS 18  5.39888680E-01 -1.16424346E+00 -2.12306425E-01 -8.86551499E-01  6.67468607E-01 -7.34400034E-01 -3.30232680E-01 -1.59941673E+00
ZS 19 -3.18388879E-01 -4.27838266E-01  1.03188050E+00  4.58563507E-01 -8.37850571E-02  9.63637233E-02  4.11521673E-01  1.04823685E+00
ZS 20  1.25686324E+00 -1.18927789E+00 -2.32645556E-01 -6.94797635E-01 -1.15061104E+00 -1.64107513E+00 -1.86003268E-01  1.46625221E-01
ZS 21 -1.20519960E+00  5.36066949E-01  1.16804934E+00  7.10831642E-01  3.16629112E-01  1.52701509E+00  6.37196064E-01 -2.62792528E-01
ZS 22  6.71473563E-01  2.24517494E-01  1.00980610E-01  2.00385094E-01  6.21731281E-02 -4.27001417E-01  7.44298816E-01 -1.22642711E-01
ZS 23 -4.64460969E-01  1.05686808E+00 -7.16882944E-01 -1.00287116E+00 -8.48542452E-01 -8.49242091E-01  1.47862244E+00  3.11366439E-01
ZS 24 -1.08844310E-01  4.03742909E-01  3.70450735E-01 -1.72664672E-01 -8.29549432E-01  1.05136609E+00  5.21772742E-01 -3.85288656E-01
ZS 25  4.45619583E-01  6.07642889E-01  3.48820210E-01  2.78584063E-02  1.01002336E+00  6.60191476E-01  1.50102749E-01  7.86294788E-02
ZS 26 -2.19283745E-01 -3.21956873E-01 -1.47165215E+00 -2.93940544E-01 -2.77450264E-01  1.49068737E+00  5.01324296E-01 -7.47806311E-01
ZS 27 -1.07802317E-01 -1.95872903E-01 -4.43448603E-01 -9.68742669E-01  2.12812603E-01 -4.16785508E-01 -2.24799514E-02 -1.04970956E+00
ZS 28  1.21715927E+00  5.10585070E-01 -1.01660466E+00  8.59334826E-01  2.47750327E-01  7.29252040E-01 -5.81501007E-01  3.53434980E-02
ZS 29  3.97664696E-01  1.36174035E+00  1.25749707E-02 -5.44840515E-01  6.55773401E-01  1.55301988E-01  1.09968752E-01 -6.55763030E-01
ZS 30 -1.21612698E-02  5.77358961E-01  7.34879851E-01  3.42369556E-01 -7.69675016E-01 -9.33763906E-02 -8.24530125E-02 -6.77160978E-01
ZS 31  1.35455966E-01  9.35551524E-02 -2.87502080E-01 -1.37824810E+00 -2.79350162E-01  1.73989102E-01 -6.43214703E-01 -1.63046145E+00
ZS 32  2.78149731E-02  3.88360322E-02  1.70167291E+00 -6.29985154E-01 -1.21838546E+00 -2.84862667E-02 -1.27008533E+00 -8.09939325E-01
ZS 33  3.28631759E-01 -1.46875525E+00 -6.92690313E-02 -2.84356058E-01  7.06733584E-01 -7.22105324E-01  4.40072000E-01 -3.17099929E-01
ZS 34 -1.14075243E-02  7.53373504E-01  1.45268500E-01  2.55030543E-01  4.62436676E-01  3.58755350E-01 -6.09393299E-01 -7.26485789E-01
ZS 35  1.76530731E+00  3.89166176E-02  2.46199965E-01 -1.42836094E-01  4.98557031E-01  1.92763162E+00 -1.63611829E+00 -1.11900181E-01
ZS 36  1.05426192E+00  1.09571874E+00  4.66612518E-01  2.31697768E-01  7.50874043E-01 -5.74995399E-01 -8.32931995E-02  1.23837873E-01
ZS 37  4.77127790E-01 -1.15992153E+00 -3.58239591E-01  7.01203495E-02 -1.51927367E-01 -4.99337554E-01 -8.14377367E-01  7.28821754E-01
ZS 38  1.07548189E+00  4.37770247E-01  4.96288568E-01 -4.47045565E-01  3.11050773E-01  2.33952433E-01  3.33901227E-01  1.00703037E+00
ZS 39  8.88918161E-01  1.00730741E+00 -2.07956687E-01  1.52037054E-01  8.72253597E-01 -8.45279932E-01 -1.06908584E+00  1.43770188E-01
ZS 40 -1.79547295E-01 -9.09482718E-01  2.49360710E-01 -1.05663031E-01 -3.01056921E-01 -8.36469531E-01  1.53043187E+00  1.45176792E+00
ZS 41 -8.83147955E-01 -1.35964704E+00  1.17721725E+00 -5.73412657E-01 -2.21519560E-01  9.48167861E-01 -6.81864798E-01 -1.03796685E+00
ZS 42 -1.15449011E-01 -1.33407164E+00  3.75943273E-01 -9.89663601E-03  1.47276118E-01 -1.32500029E+00  7.52591491E-01  1.00095832E+00
ZS 43 -4.70472634E-01  3.41209710E-01  1.45401657E-01 -3.22207212E-01  1.25329602E+00 -1.93573564E-01  6.17079318E-01  2.31605262E-01
ZS 44  1.05706561E+00 -1.56825274E-01 -5.16647935E-01  3.59516829E-01  1.93347943E+00 -8.60417247E-01 -1.46819711E-01  4.31316197E-01
ZS 45  1.21903586E+00 -8.67215395E-01 -1.01879525E+00 -4.54396307E-01 -1.08399951E+00  7.08521903E-02 -3.31339210E-01 -3.29399079E-01
ZS 46 -2.01150346E+00  7.70560503E-02 -2.65908122E-01 -6.37321770E-02 -4.55507673E-02 -4.40260470E-01  1.19840813E+00 -1.42268658E+00
ZH  1  7.46846139E-01  1.01889765E+00  1.49473989E+00  9.55666482E-01
ZH  2  1.12301481E+00  8.53857160E-01  1.39175701E+00  3.95295650E-01
ZH  3  2.49318361E-01  1.09961700E+00  7.43956923E-01  1.61740160E+00
ZH  4  6.98600650E-01  8.11950684E-01  1.25241685E+00  6.70662045E-01
ZH  5  4.11359340E-01  7.06649780E-01  7.24168003E-01  1.31550944E+00
ZH  6  7.56454289E-01  9.56759989E-01  6.14636183E-01  1.22349799E+00
ZH  7  1.56019509E+00  1.03230393E+00  1.02836108E+00  9.43308055E-01
ZH  8  8.90183568E-01  1.33720112E+00  9.79653299E-01  1.24193919E+00
ZH  9  7.63260245E-01  9.27770913E-01  1.13567412E+00  8.18645477E-01
ZH 10  1.49382401E+00  6.21775866E-01  1.15839624E+00  1.27559340E+00
ZH 11  4.40784693E-01  2.04387021E+00  8.73916984E-01  1.17920399E+00
ZH 12  8.12965870E-01  7.68892825E-01  1.19962931E+00  4.96077985E-01
ZH 13  6.61151290E-01  8.05785000E-01  2.06847024E+00  1.27261508E+00
ZH 14  1.45432913E+00  8.58062625E-01  1.37425351E+00  1.22821319E+00
ZH 15  1.03517365E+00  1.81994963E+00  8.78348291E-01  4.96631742E-01
ZH 16  1.33020353E+00  1.44401014E+00  1.09220207E+00  1.28750038E+00
ZH 17  1.48440731E+00  1.32329106E+00  5.97098529E-01  7.99006641E-01
ZH 18  1.71255016E+00  1.27355492E+00  8.01043332E-01  1.41650295E+00
ZH 19  6.56617224E-01  1.55550718E+00  1.03869128E+00  1.02801049E+00
ZH 20  1.80807853E+00  5.95233560E-01  1.70605636E+00  1.07924783E+00
ZH 21  9.65179503E-01  1.98147154E+00  1.19962251E+00  1.23477757E+00
ZH 22  1.05644035E+00  6.31267130E-01  4.92796540E-01  7.33857512E-01
ZH 23  9.88976002E-01  1.09832537E+00  9.00698304E-01  1.29811823E+00
ZH 24  6.22720778E-01  9.15707171E-01  1.11095035E+00  1.57204807E+00
ZH 25  6.65961087E-01  4.37118888E-01  1.52757645E+00  2.67771333E-01
ZH 26  5.73452294E-01  1.26376915E+00  1.15438509E+00  1.32683361E+00
ZH 27  7.65250981E-01  1.17649877E+00  6.97345376E-01  1.04892361E+00
ZH 28  2.02235937E+00  9.52973843E-01  1.01769626E+00  6.58862233E-01
ZH 29  1.50684810E+00  1.19915080E+00  8.15304816E-01  8.36223364E-01
ZH 30  9.79824662E-01  2.21871877E+00  5.76282263E-01  1.41272128E+00
ZH 31  1.40513384E+00  1.03622627E+00  4.44849163E-01  1.27376604E+00
ZH 32  7.27213562E-01  1.62509322E+00  1.05170512E+00  1.39517784E+00
ZH 33  1.13776910E+00  6.28323019E-01  1.06894577E+00  6.08452559E-01
ZH 34  5.85823417E-01  2.95650721E-01  1.44361603E+00  1.70329118E+00
ZH 35  1.56487298E+00  2.59239507E+00  1.64897764E+00  1.17247820E+00
ZH 36  1.07563472E+00  7.37208307E-01  1.99137211E+00  7.91667819E-01
ZH 37  2.30973315E+00  3.39464456E-01  6.28957152E-01  9.83143926E-01
ZH 38  8.73553932E-01  5.61268270E-01  1.26496971E+00  9.14801061E-01
ZH 39  1.07733905E+00  3.91863644E-01  1.38953841E+00  9.42622185E-01
ZH 40  8.10264587E-01  7.42315352E-01  8.68145466E-01  2.30014062E+00
ZH 41  1.28217733E+00  1.93486166E+00  7.50567436E-01  1.03002191E+00
ZH 42  1.25340056E+00  1.62149847E+00  1.06347561E+00  1.28601885E+00
ZH 43  1.20051706E+00  1.28767121E+00  1.01639044E+00  7.07951307E-01
ZH 44  1.11689508E+00  8.43094528E-01  2.89261723E+00  3.71775776E-01
ZH 45  1.55629301E+00  1.25995231E+00  8.92890513E-01  6.13795698E-01
ZH 46  1.56773984E+00  7.79482186E-01  3.65707874E-01  2.29927516E+00
DEC T rungs=4 block=1 rank=1 half=T pool=4 metric=  1.2400464579463005E+02
DECPAYLOAD 0110001011010000111010100101010001
RUNG L1 count=4 pool=4
H 1 1001111110011110011100100110111100110011000011 F   9.3637008735910058E+01   1.8815424625016749E+02 195
H 2 1001111100111010011100100110111100110011000011 F   9.2676705539226532E+01   1.8719394305348396E+02 195
H 3 1000101010110111010000100010011001001111111000 F   9.2620804883539677E+01   1.8781682222336531E+02 504
H 4 1001111100110010011100100110111100110011000011 F   9.2471344985067844E+01   1.8698858249932528E+02 195
RUNG L2 count=4 pool=5
H 1 0100110111111111110101010111101100010111010101 F   6.4739760935306549E+01   1.3015460485219955E+02 469
H 2 0111111110011110111110101110011000010100101111 F   6.4507656939327717E+01   1.3173417796194553E+02 303
H 3 0100110111011111110101010111101100010111010101 F   6.4168008327484131E+01   1.2958285224437714E+02 469
H 4 1010000110111110111110101100101101100000110100 F   6.2749338403344154E+01   1.2893870930746198E+02 52
RUNG L4 count=2 pool=2
H 1 0001100111001001101100111110110101111100011111 F   4.6148730397224426E+01   9.4482694268226624E+01 287
H 2 0111110110010100001110001011000101010010101110 F   4.5164049506187439E+01   9.3299080610275269E+01 174
RUNG H1 count=4 pool=4
H 1 0110001011010000111010100101010001100111111110 T   1.2400464579463005E+02   2.4904016309976578E+02 510
H 2 0100110000010100111010100101010001100111111110 F   1.2032198315858841E+02   2.4535750046372414E+02 510
H 3 0100111000011000111010100101010001100111111110 F   1.2008043622970581E+02   2.4511595353484154E+02 510
H 4 0100110111100001111010100101010001100111111110 F   1.2006188955903053E+02   2.4509740686416626E+02 510
CASE 28  8.00  0.00  2.50
PAYLOAD 1111000000000000101110001111000100
ZS  1 -5.22559762E-01 -3.25139880E-01 -9.29420292E-02  1.24096841E-01 -4.09960970E-02  1.13879144E+00  6.39555693E-01  7.62834132E-01
ZS  2  3.93176854E-01  1.08017528E+00 -3.84925038E-01  5.09442866E-01 -2.39761770E-01 -1.21584320E+00 -5.27432323E-01 -9.36043143E-01
ZS  3  4.80390847E-01  2.72742867E-01  1.11021781E+00  1.20794289E-02 -4.41243678E-01  2.69136608E-01 -7.07583874E-02  1.64711177E-02
ZS  4  1.49729371E-01  6.37086272E-01  1.25923944E+00 -9.84669328E-01 -1.07157969E+00 -4.81441021E-01 -1.72612160E-01  7.17398584E-01
ZS  5  5.88190675E-01  6.86155438E-01 -4.78581429E-01 -8.07073593E-01  5.00756025E-01 -3.21356624E-01  1.73644304E-01  3.79395485E-02
ZS  6  1.84707381E-02  9.71592546E-01  9.61434245E-01  1.70614278E+00 -1.75601542E-01  7.79832959E-01 -2.94501305E-01  5.86765170E-01
ZS  7  1.18044317E-01  5.72393537E-01  7.74648070E-01  2.02753127E-01 -4.76397395E-01 -2.56994188E-01  6.58302248E-01 -7.30090916E-01
ZS  8 -8.40725362E-01  4.76723671E-01  5.44238091E-01  1.02378261E+00  4.45483327E-01  1.22156966E+00  1.28768146E-01 -1.18257308E+00
ZS  9  1.78496510E-01  6.79367900E-01  5.56929350E-01 -2.32156396E-01 -3.83741528E-01 -1.22498059E+00 -1.34562939E-01 -1.46581113E-01
ZS 10 -6.57398343E-01  1.91438198E-03  2.33582139E+00 -2.19392061E-01  9.51669738E-02 -7.11888015E-01 -1.65017441E-01 -2.29340911E-01
ZS 11 -6.08977675E-03 -4.17514384E-01  5.89395344E-01 -7.26607263E-01  3.91464829E-01 -2.77137309E-01  3.92867208E-01  7.08972931E-01
ZS 12  9.25251722E-01  5.04279196E-01 -3.96592051E-01  3.22572500E-01 -3.74282598E-01 -1.71910822E-01  5.95679283E-01  2.25009680E+00
ZS 13  1.52725592E-01  4.07403499E-01  8.79549563E-01 -1.52898335E+00  1.66850221E+00  8.59736681E-01 -7.41635084E-01  8.22229862E-01
ZS 14 -1.02744877E-01  8.49359155E-01 -2.15240717E-01  1.54382861E+00 -1.01986611E+00 -2.55472660E-02  8.63323212E-02  1.06173968E+00
ZS 15  8.56275082E-01  6.97885871E-01 -5.61703503E-01  7.16681480E-01 -1.47894561E-01  6.04286641E-02 -5.10710120E-01 -1.12586784E+00
ZS 16  3.19372594E-01  7.03392208E-01  3.12750280E-01 -9.33734775E-01  7.65695333E-01 -1.18074328E-01  5.97576916E-01 -2.68660307E-01
ZS 17  5.56080699E-01 -3.97747725E-01  1.43624926E+00 -3.43187302E-02  2.85023451E-01  1.16790700E+00 -4.65007126E-03 -4.35684085E-01
ZS 18 -3.80100727E-01  8.88891220E-01 -3.69178653E-02 -1.33825159E+00  3.97734433E-01 -2.05676377E-01  7.89455473E-01  1.09461498E+00
ZS 19 -1.63160682E-01  1.14457607E-01 -2.29313001E-01  2.24193290E-01  4.81360793E-01  1.14796543E+00  6.21696174E-01 -9.90805626E-01
ZS 20 -2.32353568E-01 -7.70405889E-01  1.78728735E+00  1.78902197E+00  3.63995045E-01  8.02007854E-01 -7.39728689E-01 -6.75500631E-01
ZS 21  2.24181962E+00  7.60002673E-01  9.14241910E-01  9.21632767E-01 -8.84908080E-01 -4.44302380E-01  3.09726506E-01 -2.37359345E-01
ZS 22 -1.21429110E+00 -4.29130793E-02 -4.58572239E-01  2.09739074E-01 -3.80750209E-01 -2.42071837E-01  2.31426954E-01  7.41835117E-01
ZS 23  8.67508769E-01 -2.65901744E-01  2.53971845E-01  1.89479023E-01 -7.48560667E-01  1.14993882E+00 -1.11945105E+00  8.00497055E-01
ZS 24 -3.44913661E-01 -6.34594083E-01 -6.38711452E-03  1.08992064E+00  1.77127886E+00  1.94555223E-01 -1.51835218E-01  9.44818199E-01
ZS 25  4.42802548E-01  4.53510851E-01 -5.99129975E-01 -5.42939723E-01 -2.32466489E-01  6.82155013E-01  5.70076466E-01  5.52683949E-01
ZS 26  2.17826098E-01  1.50581980E+00  7.65968502E-01 -3.91288459E-01  3.94290835E-01 -4.03399497E-01  6.50704265E-01  2.22962141E+00
ZS 27  4.29464579E-01  2.90775478E-01 -3.15048516E-01  8.40815455E-02  4.60188270E-01  3.38415116E-01 -1.11807883E+00  6.76204205E-01
ZS 28  1.02136326E+00  4.81507093E-01  1.06253350E+00 -3.05664152E-01 -2.90763468E-01  4.07186389E-01  2.72207558E-01  1.53702855E+00
ZS 29  2.81065255E-01 -7.63259530E-01  6.28033042E-01  8.36966515E-01 -8.02371800E-02 -1.17712617E+00  5.40482342E-01  5.08156717E-01
ZS 30  1.38570011E+00  6.13260686E-01  7.48256445E-01  6.29337728E-01 -4.60555613E-01 -3.72518837E-01 -3.54316711E-01  3.28099936E-01
ZS 31  2.68795729E-01  3.40108752E-01 -4.98344690E-01 -4.95459259E-01  9.42407623E-02  1.35041344E+00  4.28686857E-01 -8.01017284E-02
ZS 32 -2.41669059E-01  7.64959633E-01  7.57895827E-01 -4.03193235E-01  5.41384935E-01  1.36514008E-01 -5.47111094E-01  2.19538927E-01
ZS 33  5.43166876E-01  7.40593731E-01  1.09002292E+00  5.93250155E-01  8.59703541E-01  5.96878469E-01  1.59209490E-01 -5.74632406E-01
ZS 34 -8.46869648E-01  2.42489219E-01 -1.87997651E+00  4.54736680E-01  2.53021792E-02  7.91923404E-02 -8.33210707E-01  1.65984035E-01
ZS 35  3.78564179E-01 -2.59803295E-01 -6.51300073E-01 -1.90073252E-03 -7.39159435E-03 -7.20187485E-01  6.59754276E-02  1.07899272E+00
ZS 36  6.39721692E-01  6.69084549E-01 -1.13819003E+00  6.94490075E-02  4.83915746E-01  1.91745734E+00  2.89685249E-01  2.16492224E+00
ZS 37 -9.98685777E-01 -1.63000512E+00  6.19520664E-01  7.94521391E-01 -6.20233595E-01  3.74830723E-01  9.02269185E-02  1.50307095E+00
ZS 38 -2.97711968E-01  1.20802116E+00  5.06404400E-01 -9.44326997E-01 -1.11518371E+00 -4.37909961E-02 -3.86428416E-01 -1.34090137E+00
ZS 39 -7.64797390E-01 -6.11718774E-01  7.28681326E-01 -4.25972939E-02  3.87254208E-02 -1.53075799E-01  8.68269026E-01 -1.13465428E-01
ZS 40 -9.45551574E-01  7.18504786E-01 -1.06151223E+00 -7.22492874E-01  1.30488491E+00  4.25381124E-01 -8.45223069E-01  1.33329654E+00
ZS 41  2.89583683E-01  4.60455418E-02  7.22705245E-01 -1.87998921E-01  1.23507053E-01 -7.05482364E-02 -4.95472550E-03  1.90850437E-01
ZS 42 -8.59704256E-01 -2.99929559E-01 -4.32407796E-01  1.00783534E-01 -4.60795373E-01  1.15392303E+00 -3.22386384E-01  9.12982166E-01
ZS 43 -8.68569613E-02  2.05959141E-01  6.97216392E-01 -1.04696751E-01 -1.13093019E+00  8.42755735E-02  7.68915653E-01  8.51141453E-01
ZS 44  5.96304178E-01  1.15574419E-01  9.23402905E-02  1.93757117E+00  2.09744900E-01  1.11397302E+00  3.70140970E-01  1.02798474E+00
ZS 45 -1.14177719E-01  8.19360614E-01  1.21623373E+00  5.56965947E-01 -4.66224611E-01  2.94076145E-01 -8.98921072E-01  1.16102827E+00
ZS 46  3.40312421E-02  2.16273591E-01 -3.30218136E-01  4.94828939E-01 -1.12969056E-01  9.44493294E-01  1.02228448E-01  1.45969772E+00
ZH  1  1.20613241E+00  6.61667883E-01  8.07358444E-01  1.77110970E+00
ZH  2  2.16596794E+00  8.07838500E-01  1.04942465E+00  1.10470819E+00
ZH  3  1.84106469E+00  9.37955797E-01  6.93150103E-01  4.51999933E-01
ZH  4  1.72755182E+00  1.25770354E+00  1.08546960E+00  5.92704535E-01
ZH  5  6.42474651E-01  8.62569273E-01  4.89587128E-01  1.22688580E+00
ZH  6  7.44739473E-01  1.96818686E+00  1.18169045E+00  1.11578035E+00
ZH  7  7.77198911E-01  5.97625852E-01  1.29174995E+00  1.17606831E+00
ZH  8  7.44070888E-01  2.56930065E+00  1.33725405E+00  1.38200796E+00
ZH  9  1.25105155E+00  1.50676310E+00  1.24486768E+00  1.02942073E+00
ZH 10  6.50544822E-01  2.74228811E+00  5.39014816E-01  2.21546978E-01
ZH 11  7.76321769E-01  1.13941777E+00  3.91039371E-01  2.78230047E+00
ZH 12  1.10570228E+00  4.66478527E-01  4.18281853E-01  2.82107139E+00
ZH 13  4.02609825E-01  1.34401107E+00  1.71830034E+00  9.38601315E-01
ZH 14  1.66582680E+00  1.34894037E+00  1.36483920E+00  1.19059455E+00
ZH 15  1.84217632E+00  7.54210114E-01  2.64396369E-01  1.03027141E+00
ZH 16  2.13753271E+00  9.29557741E-01  6.55799925E-01  6.47935450E-01
ZH 17  6.04724705E-01  1.10573399E+00  1.88930237E+00  4.44103092E-01
ZH 18  9.42229152E-01  1.18113661E+00  7.98402488E-01  2.11995649E+00
ZH 19  2.35049081E+00  6.42112970E-01  1.17975640E+00  9.87450838E-01
ZH 20  5.70090771E-01  3.02476931E+00  9.94832277E-01  7.79573679E-01
ZH 21  2.68278313E+00  1.63021791E+00  1.19306159E+00  5.81929862E-01
ZH 22  1.35916400E+00  7.96866536E-01  5.07142723E-01  2.09310889E+00
ZH 23  1.14344311E+00  4.70664382E-01  1.16860628E+00  2.87512445E+00
ZH 24  6.02070093E-01  2.17797542E+00  1.40251946E+00  8.10980022E-01
ZH 25  1.65628016E+00  7.54875183E-01  9.91769195E-01  1.09901786E+00
ZH 26  1.09877777E+00  9.24894035E-01  5.00767112E-01  2.46612144E+00
ZH 27  1.82648528E+00  3.43844742E-01  7.02356577E-01  1.03563488E+00
ZH 28  1.66982424E+00  8.44057798E-01  7.93216705E-01  1.12210655E+00
ZH 29  6.43247426E-01  2.79599547E+00  1.04545832E+00  8.99918377E-01
ZH 30  1.21889806E+00  1.69730818E+00  1.12664783E+00  5.14368057E-01
ZH 31  8.68503690E-01  9.02838171E-01  1.03408468E+00  2.63975596E+00
ZH 32  1.17233610E+00  2.28240561E+00  5.14112890E-01  6.19007587E-01
ZH 33  9.53564405E-01  1.15243912E+00  1.83667421E+00  7.19533563E-01
ZH 34  9.64013577E-01  1.48974979E+00  7.83497930E-01  1.67320383E+00
ZH 35  1.27203560E+00  1.39828622E+00  5.45111179E-01  2.38452435E+00
ZH 36  1.34432530E+00  1.02002251E+00  1.96640074E+00  1.64301169E+00
ZH 37  1.38572633E+00  1.44845438E+00  1.28110421E+00  1.15602887E+00
ZH 38  9.72646117E-01  1.85092831E+00  1.03379524E+00  1.04844844E+00
ZH 39  1.13856804E+00  1.86578810E+00  3.43500435E-01  9.81567383E-01
ZH 40  8.43804598E-01  9.60494578E-01  1.98366332E+00  1.24766529E+00
ZH 41  2.07885432E+00  7.11057305E-01  1.30815756E+00  1.12632120E+00
ZH 42  7.82422602E-01  8.37267995E-01  9.23639774E-01  1.65770078E+00
ZH 43  1.09680998E+00  3.14400315E+00  8.68718684E-01  1.72076964E+00
ZH 44  1.07473767E+00  1.90494072E+00  1.10152781E+00  1.21022964E+00
ZH 45  6.30834103E-01  2.05244899E+00  1.17431498E+00  1.30517781E+00
ZH 46  4.70777124E-01  8.80052924E-01  6.86030328E-01  1.16137576E+00
DEC T rungs=4 block=1 rank=1 half=T pool=1 metric=  2.0641893738508224E+02
DECPAYLOAD 1111000000000000101110001111000100
RUNG L1 count=3 pool=3
H 1 0111101101100101100110001100100101010111011100 F   1.0077100160298869E+02   2.0374468546686694E+02 476
H 2 1110111010110100000011000100001101000100111111 F   1.0072829927504063E+02   2.0145659855008125E+02 319
H 3 0010000011100101100110001100100101010111011111 F   1.0004206995246932E+02   2.0388548214314505E+02 479
RUNG L2 count=4 pool=5
H 1 1110000100011111011110010000001000001000011001 F   6.9624795138835907E+01   1.4031054532527924E+02 25
H 2 0101011110111000110000100011101001001110011000 F   6.8920291483402252E+01   1.3784058296680450E+02 408
H 3 1001111000010010110011101111001001000001110000 F   6.8652867957949638E+01   1.3907634519040585E+02 112
H 4 0101011110111000110000100011010000011001111100 F   6.7374471545219421E+01   1.3803017729520798E+02 124
RUNG L4 count=4 pool=6
H 1 0010011001101001010101001000010001101110111110 F   5.5846765160560608E+01   1.1321502041816711E+02 446
H 2 0110111011101011000111000000101000111001000111 F   5.5029155969619751E+01   1.1211572647094727E+02 71
H 3 1001000011101011000111000000100100111110110110 F   5.4924364805221558E+01   1.1227157998085022E+02 438
H 4 1001000011101011000111000000101100011110110110 F   5.4776917576789856E+01   1.1212413275241852E+02 438
RUNG H1 count=1 pool=1
H 1 1111000000000000101110001111000100011101011010 T   2.0641893738508224E+02   4.1283787477016449E+02 346
CASE 29  8.00  0.00  2.50
PAYLOAD 0010010001100100001100100111111001
ZS  1 -1.20231891E+00 -3.66459072E-01 -1.87787592E-01 -2.27160335E-01 -9.35661674E-01  1.32883608E+00 -9.36281562E-01  7.43081927E-01
ZS  2 -1.60671607E-01  9.91586149E-01 -4.18850541E-01  1.16755176E+00  4.68074292E-01 -1.07235885E+00 -3.33968461E-01 -1.43994391E-01
ZS  3 -2.45704502E-01  5.41412711E-01 -6.58717096E-01  1.17786133E+00  2.86124527E-01 -3.72165561E-01 -7.00645208E-01 -3.70484069E-02
ZS  4  1.91725075E-01 -3.87631029E-01 -1.67853460E-01 -1.21608257E+00  9.25225496E-01 -9.61881638E-01 -4.36534494E-01 -5.10334492E-01
ZS  5  4.95052874E-01 -9.22549963E-02 -1.05713415E+00 -1.89944506E-02  1.51447788E-01  4.96352851E-01 -3.84301901E-01 -1.03389621E+00
ZS  6 -1.30729699E+00 -7.15908408E-01  1.02994919E+00  1.11544800E+00  4.48546052E-01  7.74899364E-01  6.49114251E-01 -7.99412608E-01
ZS  7  9.82934833E-01 -5.07236242E-01 -1.80109870E+00  1.10709620E+00  8.21341038E-01  1.20833054E-01  4.15785909E-01  1.43614328E+00
ZS  8 -8.28897953E-01 -1.08104467E+00 -6.89677224E-02 -5.33836365E-01 -4.32293475E-01 -5.16774714E-01  7.57383049E-01  4.03646737E-01
ZS  9  3.57818455E-01 -3.15479845E-01 -1.04814291E+00  3.99264932E-01 -2.25220442E+00  7.98209250E-01 -3.34664345E-01 -1.85719758E-01
ZS 10  7.78636873E-01  4.99402165E-01  4.00406361E-01 -6.95323944E-02  9.73482490E-01  1.24215871E-01 -1.22886968E+00  5.19269645E-01
ZS 11  6.68611228E-01  9.66769814E-01 -1.65574715E-01 -5.05823672E-01  9.31887746E-01 -3.72351408E-02  5.33222593E-02  1.79842472E-01
ZS 12  5.10918498E-02 -3.69813323E-01 -5.18325329E-01  5.16676128E-01 -2.85094857E-01 -1.03185165E+00 -2.33770087E-01  7.99397349E-01
ZS 13 -1.40440679E+00 -6.84545696E-01  4.08606708E-01  8.10457468E-02 -1.18929178E-01 -6.60931110E-01 -1.71026647E-01 -6.05912983E-01
ZS 14 -1.70721698E+00 -1.68052280E+00 -1.20649099E-01  3.03987771E-01 -3.47522020E-01 -4.86084595E-02 -7.00069606E-01 -4.85734969E-01
ZS 15 -6.85279489E-01 -1.01735592E+00  2.15770796E-01  4.31170225E-01  1.07796669E-01  5.73349774E-01  5.14860809E-01 -5.19391775E-01
ZS 16 -2.85832047E-01 -5.79680264E-01  1.13719320E+00  1.29493207E-01 -1.18119359E+00  1.15687847E-01 -8.61815333E-01  1.21762693E+00
ZS 17 -2.99068540E-01 -3.09690773E-01  1.38109848E-01 -7.89250493E-01 -1.45866692E+00  6.11199141E-02  2.07878137E+00 -1.55784816E-01
ZS 18 -3.72121483E-01 -5.17893434E-01  7.16429174E-01  1.11301243E+00 -1.82381183E-01 -1.12913859E+00  3.77783716E-01 -3.36205930E-01
ZS 19  1.05985492E-01  1.00380385E+00 -6.15445852E-01 -8.68287206E-01  8.32977772E-01  4.01861995E-01 -1.13211477E+00 -6.15606427E-01
ZS 20 -2.43309706E-01  2.52621979E-01 -2.18325570E-01 -7.02376604E-01 -1.35759562E-01 -6.47044420E-01  1.47774562E-01  9.71477270E-01
ZS 21  5.71582675E-01 -6.45911574E-01 -1.29444301E+00  1.18826151E-01 -5.08995712E-01  1.34429932E-02 -1.01953471E+00  8.68184507E-01
ZS 22 -9.11235332E-01  9.47901458E-02  3.33788812E-01 -2.52167284E-01  8.35437834E-01 -1.17925489E+00 -3.62712801E-01 -4.82998073E-01
ZS 23 -4.49870884E-01  6.07581854E-01 -6.55604184E-01  8.58374357E-01 -1.60354316E-01 -9.19402599E-01 -5.73807240E-01 -1.01639414E+00
ZS 24  2.28938282E-01  1.38746810E+00 -3.52354646E-02  1.38982356E-01  1.19554329E+00 -1.76862478E-01 -1.17274426E-01  7.05389082E-01
ZS 25  5.07090747E-01  1.83530021E+00 -6.89313889E-01 -1.70161650E-01  5.84067106E-01 -3.09492409E-01  8.57311726E-01 -5.99968195E-01
ZS 26 -1.34565544E+00  4.37844396E-01  1.27713180E+00 -7.66214311E-01 -5.21986365E-01 -7.03784466E-01  5.10945469E-02 -5.23650169E-01
ZS 27 -1.25581527E+00  6.53448284E-01 -7.43615985E-01 -9.38094079E-01 -6.15406811E-01 -6.27930105E-01 -9.52013850E-01 -9.37975049E-01
ZS 28  2.52662241E-01 -1.42405480E-01 -5.39520800E-01 -9.49694872E-01 -4.98831123E-01 -3.18139374E-01 -3.62980932E-01 -8.18927824E-01
ZS 29  9.88334417E-03 -5.81823230E-01 -1.02577579E+00  4.09865528E-01  7.08045483E-01 -9.83392596E-01 -3.06619078E-01 -1.49815917E+00
ZS 30 -4.00970578E-01 -8.41402054E-01 -3.75560343E-01  7.90000439E-01 -3.30731928E-01  2.07863584E-01 -3.50244701E-01 -8.71981442E-01
ZS 31 -4.72878218E-02 -7.97014773E-01 -1.79177940E+00  8.27434599E-01 -7.76070178E-01  2.46965140E-01 -4.20379877E-01 -3.45772862E-01
ZS 32 -6.05568230E-01 -4.01458383E-01  7.53156602E-01 -6.93903863E-01 -1.34955263E+00 -2.33891793E-02  5.74861228E-01  5.97443104E-01
ZS 33 -9.09356773E-03  1.01237369E+00 -1.16907167E+00  8.50296021E-02  1.06460549E-01  3.42878401E-01  1.26657724E+00  4.50262338E-01
ZS 34  9.71219838E-02  4.40829277E-01 -5.58725238E-01 -7.88812280E-01  8.02621067E-01 -1.37059164E+00 -2.18194664E-01  7.34844983E-01
ZS 35  3.54565978E-01  1.28898048E+00  6.58964992E-01  6.45763874E-01 -4.50336635E-01 -4.76821184E-01 -7.86224782E-01 -8.29351068E-01
ZS 36 -6.59674406E-03  1.17072988E+00  7.05594897E-01 -9.59893107E-01 -2.74809778E-01 -1.59652889E-01 -1.20390868E+00 -1.36302114E-01
ZS 37 -2.38352561E+00  2.48766303E-01  1.35832176E-01  6.93315387E-01 -3.02309155E-01 -4.62497532E-01 -3.42845112E-01  8.22799206E-01
ZS 38 -4.59262133E-02  1.32107094E-01 -2.24610567E+00  7.13729501E-01 -4.49814111E-01 -1.52422249E-01  7.11103082E-02  7.60734200E-01
ZS 39  1.40130317E+00  1.07076347E+00 -1.78236127E-01 -4.19181585E-03  5.03084242E-01 -3.38010013E-01 -5.75330257E-01  2.39114717E-01
ZS 40 -3.11184287E-01 -1.12310052E+00  1.00351179E+00 -9.61768985E-01 -3.63629133E-01 -1.24552858E+00 -3.29592884E-01 -8.58030915E-02
ZS 41 -2.20808089E-01 -2.48849213E-01  9.65065539E-01 -3.94229352E-01 -7.87955999E-01 -3.72213602E-01  1.11135650E+00 -1.84597343E-01
ZS 42 -5.99071503E-01 -1.03518236E+00 -6.70630455E-01  6.80150092E-01  6.76753700E-01  3.18905920E-01  1.32768881E+00 -1.65097392E+00
ZS 43  3.10869277E-01 -3.16371113E-01 -3.57586503E-01 -2.99656779E-01  1.02296722E+00  2.44855031E-01 -1.40151882E+00 -5.36344051E-02
ZS 44  1.12148499E+00 -6.23353839E-01  9.28261459E-01 -1.75922704E+00  2.86488712E-01  6.30192816E-01 -6.83054090E-01  6.28478289E-01
ZS 45 -9.96776223E-01 -7.54318118E-01  2.04594016E-01 -1.61378786E-01 -7.10632801E-01  2.06565857E-02 -3.79995912E-01  2.94853866E-01
ZS 46  2.13240519E-01 -1.33083069E+00 -1.33299696E+00 -6.54031038E-02  1.26178992E+00 -6.31723821E-01 -1.18078262E-01 -1.38337636E+00
ZH  1  1.01346898E+00  8.89657736E-01  1.75747466E+00  1.09280157E+00
ZH  2  7.81814635E-01  1.66360939E+00  1.22663164E+00  1.32646430E+00
ZH  3  1.89889002E+00  1.10199761E+00  7.10311532E-01  5.01361489E-01
ZH  4  3.17741364E-01  8.97939503E-01  1.00413668E+00  2.30231380E+00
ZH  5  1.04960394E+00  2.15439868E+00  4.99542177E-01  1.24200749E+00
ZH  6  2.31600213E+00  1.22606874E+00  8.49006236E-01  1.20593023E+00
ZH  7  1.37177432E+00  2.75828981E+00  7.44264603E-01  1.06647849E+00
ZH  8  1.46313250E+00  4.79742497E-01  1.62265849E+00  9.38219428E-01
ZH  9  3.94832373E-01  1.03165400E+00  2.21265578E+00  2.86339253E-01
ZH 10  1.06434691E+00  2.12741256E+00  7.86092818E-01  1.08775961E+00
ZH 11  8.88821721E-01  8.87482941E-01  2.41053581E+00  1.36010274E-01
ZH 12  4.56404984E-01  1.29507768E+00  9.23259854E-01  6.18398726E-01
ZH 13  1.15260065E+00  4.79092509E-01  1.58558643E+00  1.12796676E+00
ZH 14  2.23311448E+00  3.52784216E-01  4.45196688E-01  6.33728385E-01
ZH 15  2.12855864E+00  4.90326494E-01  9.98644114E-01  5.41847646E-01
ZH 16  7.31395900E-01  9.07688677E-01  1.95576119E+00  1.11067247E+00
ZH 17  7.51953602E-01  5.79651594E-01  2.31761551E+00  1.60863185E+00
ZH 18  9.04632330E-01  1.23863149E+00  2.03999424E+00  1.00060153E+00
ZH 19  8.58393133E-01  1.24879122E+00  9.74962175E-01  2.07017970E+00
ZH 20  8.27739060E-01  1.74582791E+00  9.17279124E-01  8.63090217E-01
ZH 21  1.01537502E+00  1.86498868E+00  1.46230090E+00  9.86842692E-01
ZH 22  6.94449067E-01  7.89188266E-01  1.18432856E+00  8.10147405E-01
ZH 23  6.72020674E-01  8.59768629E-01  7.12627232E-01  2.44294810E+00
ZH 24  1.07329941E+00  8.70688975E-01  1.93242455E+00  8.35593164E-01
ZH 25  1.36259651E+00  6.42950535E-01  1.30081892E+00  9.59425807E-01
ZH 26  2.87321973E+00  1.49038839E+00  7.90268362E-01  4.97979432E-01
ZH 27  1.18611264E+00  1.27074778E+00  7.90657401E-01  2.07936668E+00
ZH 28  3.43137950E-01  1.01408541E+00  1.77114117E+00  7.22649336E-01
ZH 29  5.64135849E-01  1.21862221E+00  9.55951989E-01  1.66938496E+00
ZH 30  2.95241761E+00  1.23934186E+00  1.03793395E+00  9.10926700E-01
ZH 31  1.30583906E+00  1.41759741E+00  5.96280932E-01  2.00238156E+00
ZH 32  1.35701084E+00  7.25004911E-01  1.51656497E+00  1.21261239E+00
ZH 33  8.38783622E-01  2.30995798E+00  5.23003340E-01  1.02385974E+00
ZH 34  2.49819517E+00  8.22751462E-01  1.25417495E+00  9.42850292E-01
ZH 35  1.21023250E+00  6.63987398E-01  5.33886552E-01  2.51260972E+00
ZH 36  1.45748878E+00  1.03150630E+00  1.05273366E+00  1.66009343E+00
ZH 37  2.71698880E+00  5.22786498E-01  1.22818935E+00  9.62323725E-01
ZH 38  4.57711935E-01  2.94829869E+00  7.73027718E-01  1.12357998E+00
ZH 39  1.45608485E+00  1.22211385E+00  5.49976826E-01  7.86242545E-01
ZH 40  9.37762678E-01  1.04872155E+00  2.23337913E+00  4.97697622E-01
ZH 41  9.51187611E-01  1.01726735E+00  2.04012847E+00  8.08628678E-01
ZH 42  2.32421994E+00  8.06568980E-01  7.41863251E-01  1.65392959E+00
ZH 43  1.14947987E+00  8.98055375E-01  7.58025885E-01  1.92699909E+00
ZH 44  1.00803721E+00  1.41641772E+00  7.44108796E-01  2.37742805E+00
ZH 45  2.11915970E+00  1.14242959E+00  6.10501826E-01  1.10104954E+00
ZH 46  1.09544301E+00  1.45798230E+00  1.14136648E+00  1.25006223E+00
DEC T rungs=4 block=1 rank=1 half=T pool=4 metric=  2.0198983275890350E+02
DECPAYLOAD 0010010001100100001100100111111001
RUNG L1 count=3 pool=3
H 1 1001011101100011100001010101110000010011101100 F   1.0445727452635765E+02   2.1085314831137657E+02 236
H 2 1001011100001000101100110111110000010011101100 F   1.0369915178418159E+02   2.1009502556920052E+02 236
H 3 1001011100001000101001010101110000010011101100 F   1.0346647706627846E+02   2.0986235085129738E+02 236
RUNG L2 count=3 pool=3
H 1 0001000011011001001100010011100100011010100011 F   7.6417725369334221E+01   1.5398083655536175E+02 163
H 2 1101011110011001111110010010001100101000111101 F   7.5608538717031479E+01   1.5339249476790428E+02 61
H 3 0010000010010010111111101100100101010011011001 F   7.5194438114762306E+01   1.5489638306200504E+02 217
RUNG L4 count=3 pool=3
H 1 1000001110010100111000001000010001101010001110 F   5.4589152812957764E+01   1.1009796380996704E+02 142
H 2 0101100110100110001100011010101100011000100011 F   5.2434306859970093E+01   1.0566126894950867E+02 35
H 3 0101100110100110001110100100100100111010100011 F   5.2139002352952957E+01   1.0729659751057625E+02 163
RUNG H1 count=4 pool=4
H 1 0010010001100100001100100111111001011011101010 T   2.0198983275890350E+02   4.0397966551780701E+02 234
H 2 0010010001100100001000100111111001011011101010 F   1.8395444393157959E+02   3.8594427669048309E+02 234
H 3 0011010001100100001100100111111001011011101011 F   1.8379989352822304E+02   3.8522666946053505E+02 235
H 4 0010010001100100001100000111111001011011101010 F   1.8351601712405682E+02   3.8550584988296032E+02 234
CASE 30  8.00  0.00  2.50
PAYLOAD 0011100010000011010111101100010000
ZS  1  5.51626980E-01  7.15211153E-01  1.35368884E-01 -5.61742902E-01 -3.42103451E-01  8.76502156E-01 -6.24703526E-01 -6.33813858E-01
ZS  2 -4.46113497E-01 -3.33192825E-01  1.57708824E+00  2.05883503E-01 -3.80773336E-01  1.58256620E-01  3.61600667E-01 -1.62153018E+00
ZS  3  1.48777890E+00 -1.27011335E+00  1.73938549E+00 -2.05986738E-01  1.14232469E+00 -1.03482616E+00 -4.43586916E-01  1.16715193E-01
ZS  4 -5.90860844E-03 -4.08327103E-01 -2.99777508E-01 -7.28954375E-01  5.12253404E-01  2.73176432E-01 -9.51293468E-01 -9.40252542E-01
ZS  5 -2.63145894E-01 -9.62855160E-01 -7.42889762E-01 -6.70852900E-01  8.94014359E-01 -1.57635951E+00 -8.73830438E-01 -1.89971685E-01
ZS  6  1.03405678E+00  4.34472203E-01  8.79065514E-01 -1.58897400E-01  1.23857355E+00 -4.41746235E-01  2.55554974E-01 -1.07448590E+00
ZS  7  2.46690345E+00  5.33375502E-01 -2.59561747E-01  1.01134980E+00 -8.33050251E-01  2.99754500E-01 -1.30342633E-01 -1.17368078E+00
ZS  8 -1.39807796E+00  4.11337197E-01  1.03207302E+00  2.07682490E-01  1.74233630E-01 -9.51291323E-01  6.76872253E-01 -7.95593083E-01
ZS  9 -1.54479906E-01 -3.69663388E-02 -2.97541916E-02 -1.11238182E+00  6.08177185E-01 -1.09688342E+00  5.72225153E-02 -4.00073528E-01
ZS 10  4.02990133E-01 -6.45438731E-01 -9.20149565E-01  1.32747102E+00 -3.03231478E-01  8.34300518E-02  6.48757696E-01  2.89865077E-01
ZS 11 -4.78842318E-01 -6.74841285E-01  1.41943216E+00 -6.04312778E-01 -1.29766285E+00  3.87318999E-01  2.52872884E-01 -1.41242325E-01
ZS 12 -7.63105273E-01  1.33359456E+00  1.29406452E-02 -9.01502967E-02 -2.19810754E-01 -3.66759509E-01  9.95419502E-01 -5.79765379E-01
ZS 13  3.96410108E-01 -1.15694761E+00 -9.39877868E-01 -1.11449802E+00 -7.24901974E-01 -2.01289773E-01  4.04541820E-01  1.39178550E+00
ZS 14  6.47603393E-01 -1.60989225E+00  1.84127474E+00 -5.61183333E-01  4.15742338E-01 -5.64404368E-01  1.50491595E-01  5.82571864E-01
ZS 15  1.58116472E+00 -1.48141575E+00 -9.00205225E-02 -5.40209651E-01 -4.68670726E-02  1.60163775E-01 -8.23284030E-01  4.19369876E-01
ZS 16 -3.04265976E-01 -3.62688154E-02  6.71251178E-01 -1.07024717E+00  4.48183924E-01 -4.80474651E-01 -2.77050436E-01 -2.16069877E-01
ZS 17 -5.38365483E-01  5.06409883E-01  8.33727658E-01  4.65545058E-03  2.81546950E-01  1.86330512E-01 -5.73758960E-01 -1.62246004E-01
ZS 18 -4.10122961E-01  2.60527134E-01 -1.72891915E-01  2.63943791E-01  3.26379567E-01 -7.84897327E-01  7.60164857E-03 -3.85433793E-01
ZS 19  6.65310025E-02  4.02780116E-01 -3.29691470E-01 -5.09907722E-01 -5.81849098E-01 -4.93920892E-01  3.32868427E-01 -1.76926404E-01
ZS 20  5.50752208E-02 -9.63511467E-01  9.87119496E-01 -5.13963461E-01 -1.05660856E-01 -1.58512384E-01  3.09119582E-01 -1.69736013E-01
ZS 21  1.15619493E+00 -1.50397575E+00  4.57285762E-01 -1.43425596E+00 -1.90302253E-01  4.40544546E-01 -3.53001475E-01 -2.18767285E-01
ZS 22  3.38134170E-01  4.13678586E-03  1.13121405E-01  1.27243328E+00  1.54532611E+00 -1.05076909E-01 -9.26318288E-01  5.03391325E-01
ZS 23 -3.43899608E-01 -1.04582191E+00  9.97406900E-01  5.46314716E-01  5.60248315E-01 -2.47375652E-01 -1.24825215E+00 -4.61055338E-01
ZS 24 -3.21323514E-01 -1.89801633E+00  1.75876129E+00  3.49528193E-01  5.24688661E-01 -1.39424920E-01 -3.59615028E-01 -1.44146180E+00
ZS 25  1.05937801E-01  1.60242736E-01  7.12709010E-01  7.87882805E-01 -2.41531402E-01  2.55494326E-01  2.40483809E+00 -4.28628445E-01
ZS 26  7.91382432E-01 -4.26889122E-01 -1.13980675E+00 -8.09090614E-01  9.57783878E-01  4.43896919E-01  8.17994654E-01  1.03925121E+00
ZS 27  6.31596446E-01 -8.24816883E-01 -8.90027344E-01  1.55417517E-01 -8.43366385E-01 -1.21964681E+00  5.72539449E-01 -1.32018125E+00
ZS 28  1.34618902E+00 -7.97814548E-01  3.01825941E-01  1.52409995E+00 -1.17029794E-01  8.37167054E-02  1.58075261E+00 -3.42656493E-01
ZS 29  8.29743594E-02  1.31838691E+00 -4.26911652E-01  5.91895580E-02  1.92191350E+00 -2.61608839E-01 -4.25558090E-01 -7.37434328E-01
ZS 30  1.52050555E-02  9.66103911E-01  1.48368716E+00 -1.02314663E+00 -7.52806246E-01  9.02555287E-01 -6.42808259E-01  2.71669090E-01
ZS 31  1.20909071E+00 -3.29742402E-01 -2.79905438E-01 -2.40883797E-01  2.57452428E-01 -6.99846447E-02 -1.65350020E-01 -2.90890425E-01
ZS 32  2.76377439E-01  1.09599960E+00 -4.82406586E-01 -8.70867491E-01 -1.46426618E-01 -4.03964043E-01 -2.54603863E-01 -3.64527643E-01
ZS 33 -1.44615662E+00 -3.43945563E-01 -4.18159127E-01 -3.76473606E-01 -6.69494748E-01 -4.66800854E-02  7.35134661E-01 -9.04307604E-01
ZS 34  2.82499135E-01 -1.14920902E+00  1.24135792E-01 -2.29208991E-02 -4.65678990E-01  2.96596885E-01 -1.13533700E+00 -1.02615908E-01
ZS 35  4.49392974E-01 -5.49033999E-01  6.24263585E-01  1.81314737E-01 -2.91508853E-01  1.17534161E-01  3.75287652E-01 -2.57814169E-01
ZS 36  1.61917865E+00  2.71619201E-01 -8.22435081E-01  5.81602812E-01  3.39393616E-02  8.58294606E-01  6.52969182E-01  3.31092626E-01
ZS 37  1.18654156E+00 -5.10226607E-01  6.02379084E-01 -3.85742188E-01 -2.36067861E-01  5.35945177E-01 -9.68456566E-01  3.52970213E-02
ZS 38  6.25863433E-01 -5.43175101E-01 -1.97734818E-01 -8.09956253E-01  8.95263851E-02  1.12230146E+00  3.97633374E-01 -5.56679428E-01
ZS 39  3.89506996E-01 -5.00058293E-01 -2.03693414E+00 -2.16953903E-01 -1.77768707E-01 -7.12715745E-01 -9.10899043E-02 -9.70858812E-01
ZS 40  7.11035848E-01  2.11523175E-01  1.06299055E+00 -3.89302522E-01  1.31404161E-01  8.60242486E-01 -6.28965497E-01 -2.04113036E-01
ZS 41  1.22868133E+00  4.15133506E-01 -9.46416438E-01 -1.03661418E-01 -9.69987869E-01  8.67716074E-02  2.03286141E-01  1.02844685E-01
ZS 42 -1.69705510E+00  1.12249017E+00  4.38551635E-01 -8.71858239E-01  5.96835256E-01 -1.73788518E-03  3.64602417E-01 -4.97408628E-01
ZS 43 -3.65334511E-01  3.10468674E-01  1.09233648E-01  3.03696513E-01  5.89095116E-01 -3.00253987E-01  9.77043748E-01  6.16972208E-01
ZS 44  3.09318662E-01 -4.81724024E-01 -1.81698397E-01  4.20457125E-03  6.37795150E-01  7.80113816E-01  1.99245349E-01 -5.25367856E-01
ZS 45  8.53063107E-01  9.53878164E-02  7.30364323E-01 -1.53582239E+00  6.68906808E-01 -1.63616776E+00  2.89754122E-01  1.02799028E-01
ZS 46  4.49936152E-01 -3.36127132E-01  8.73723984E-01  3.00395608E-01  1.24973691E+00  4.19613242E-01  3.61953884E-01 -6.98431283E-02
ZH  1  2.11814523E+00  7.65713096E-01  6.93183303E-01  8.85860264E-01
ZH  2  5.14434874E-01  1.77826416E+00  4.50202465E-01  1.19778824E+00
ZH  3  2.57737637E+00  1.45494592E+00  1.16130185E+00  5.72402656E-01
ZH  4  8.18750024E-01  5.57635128E-01  1.88195777E+00  1.07834196E+00
ZH  5  8.36285770E-01  7.39233434E-01  2.45529962E+00  1.04472685E+00
ZH  6  1.21774721E+00  6.43695593E-01  2.72864866E+00  1.30173492E+00
ZH  7  2.00474930E+00  7.92771935E-01  2.48977971E+00  8.77415955E-01
ZH  8  1.09575617E+00  2.09178472E+00  8.51130188E-01  2.39432621E+00
ZH  9  4.91370678E-01  1.93276751E+00  1.16342950E+00  1.03399694E+00
ZH 10  9.53933895E-01  1.23070908E+00  5.30279696E-01  1.17905772E+00
ZH 11  6.48661435E-01  2.57107091E+00  1.17864990E+00  4.25932854E-01
ZH 12  1.21168816E+00  4.90702778E-01  3.69188815E-01  2.13689423E+00
ZH 13  1.98186350E+00  1.25766039E+00  1.39707029E+00  1.18037355E+00
ZH 14  2.04641795E+00  1.54480255E+00  7.77771354E-01  1.04793417E+00
ZH 15  1.92480552E+00  5.34157693E-01  1.02223957E+00  9.57652688E-01
ZH 16  2.27363005E-01  1.56794357E+00  5.25899351E-01  7.07930028E-01
ZH 17  1.76444042E+00  1.31606829E+00  3.50259095E-01  5.99483430E-01
ZH 18  3.57495546E-01  6.79298043E-01  1.29860961E+00  5.48811615E-01
ZH 19  1.13995576E+00  6.63980186E-01  7.07172334E-01  3.49420160E-01
ZH 20  9.00714338E-01  2.66259861E+00  6.77746773E-01  9.08569515E-01
ZH 21  1.78316569E+00  2.24569631E+00  1.60469699E+00  1.16613102E+00
ZH 22  8.12351525E-01  1.13502192E+00  2.02393603E+00  8.02832246E-01
ZH 23  1.54309642E+00  8.44156921E-01  5.91841578E-01  1.49400496E+00
ZH 24  1.58957529E+00  1.44549477E+00  1.07254362E+00  1.45956051E+00
ZH 25  8.79703939E-01  7.55292177E-01  4.82279360E-01  2.32358956E+00
ZH 26  9.85479057E-01  1.02707386E+00  8.87157619E-01  1.85877943E+00
ZH 27  2.37239408E+00  6.92898989E-01  1.07080686E+00  1.11349249E+00
ZH 28  1.27687752E+00  1.16251850E+00  3.58736366E-01  2.08996797E+00
ZH 29  1.01953566E+00  7.11746395E-01  3.18634701E+00  7.08333135E-01
ZH 30  1.75619137E+00  1.27820170E+00  1.29891896E+00  5.85670948E-01
ZH 31  1.92884064E+00  1.21502733E+00  1.04005313E+00  1.29057837E+00
ZH 32  1.13816941E+00  1.17537761E+00  2.10669231E+00  3.47770065E-01
ZH 33  1.25074255E+00  2.17000675E+00  5.17629623E-01  1.16174817E+00
ZH 34  1.73532486E+00  6.61404729E-01  4.83615220E-01  1.11639869E+00
ZH 35  1.35018849E+00  6.45563483E-01  1.12435782E+00  1.22028100E+00
ZH 36  1.77913535E+00  1.27709460E+00  1.06397188E+00  1.03423834E+00
ZH 37  9.21383381E-01  1.80085957E+00  9.28014338E-01  8.28920007E-01
ZH 38  2.19268870E+00  9.29363847E-01  1.01875830E+00  1.12486660E+00
ZH 39  1.15053535E+00  1.58588386E+00  1.49105620E+00  1.30323267E+00
ZH 40  1.86945915E+00  9.05176580E-01  8.49976063E-01  5.20958960E-01
ZH 41  1.35059261E+00  1.36770189E+00  1.06687629E+00  5.88016987E-01
ZH 42  1.92179143E+00  1.24024379E+00  4.90176529E-01  1.01834047E+00
ZH 43  1.05302668E+00  7.46922672E-01  1.24679780E+00  1.26675808E+00
ZH 44  2.35384870E+00  5.25141299E-01  9.35860813E-01  1.01223457E+00
ZH 45  1.16169524E+00  1.85730278E+00  1.28778338E+00  9.35537040E-01
ZH 46  7.08728433E-01  8.47930014E-01  2.66237426E+00  9.49071050E-01
DEC T rungs=4 block=1 rank=1 half=T pool=4 metric=  1.8842553436756134E+02
DECPAYLOAD 0011100010000011010111101100010000
RUNG L1 count=3 pool=3
H 1 0110101001010100111100100000110100111011010011 F   1.0107393448054790E+02   2.0269408413767815E+02 211
H 2 1001110000100111110101001111101000110101100111 F   1.0071649616956711E+02   2.0143299233913422E+02 359
H 3 0011100110001000111000000110011001001011111010 F   1.0009254835546017E+02   2.0320019496977329E+02 250
RUNG L2 count=2 pool=2
H 1 0001101000000111110101001111101000001011001001 F   7.2807292953133583E+01   1.4579767802357674E+02 201
H 2 1110111001100010110111010111111001110100001000 F   7.2186276353895664E+01   1.4559804899990559E+02 264
RUNG L4 count=1 pool=1
H 1 1001000101101101110001000100101001111000110011 F   5.5598190844058990E+01   1.1258861166238785E+02 51
RUNG H1 count=4 pool=4
H 1 0011100010000011010111101100010000011010111110 T   1.8842553436756134E+02   3.7685106873512268E+02 190
H 2 0011100010000011010111101100010001011010111110 F   1.7777579981088638E+02   3.6620133417844772E+02 190
H 3 0011100010000011010111101100010000111010111110 F   1.7459496474266052E+02   3.6302049911022186E+02 190
H 4 0011100010000011001101110010101001011010111110 F   1.7352738915383816E+02   3.6195292352139950E+02 190
CASE 31 10.00  0.00  2.50
PAYLOAD 1110101100110001011010011110100100
ZS  1 -1.15706265E-01  5.21292686E-01  8.55774283E-02  4.57612753E-01 -1.14157952E-01 -3.37152690E-01 -1.38507795E+00  2.79457182E-01
ZS  2  5.37188128E-02 -2.09322453E-01  2.13885307E-02  4.88486290E-01 -1.12879682E+00  3.44323277E-01  2.57105231E-01  2.60911345E-01
ZS  3 -2.12036073E-01 -2.76414454E-01 -8.80674422E-01  7.21085787E-01  1.02086365E-03  2.35284388E-01 -2.15324116E+00  1.11679506E+00
ZS  4 -5.67836106E-01 -2.33948380E-01  1.39349163E-01  8.28627348E-01 -5.72405756E-02 -9.30751979E-01 -6.32161617E-01  7.73007631E-01
ZS  5  5.28819084E-01  1.45393848E+00 -4.58384395E-01  1.74076486E+00  5.09292603E-01 -4.97862667E-01  7.11993054E-02 -1.45583093E-01
ZS  6 -8.19919109E-02 -3.53662938E-01 -9.55410600E-02 -2.18270183E-01  3.98964942E-01  2.64728218E-01 -7.81808794E-01  2.08001614E-01
ZS  7  8.92912149E-02 -2.17057586E-01  8.12570572E-01  4.17750418E-01  1.28096807E+00 -2.53892154E-01  2.79063046E-01 -3.05514544E-01
ZS  8 -4.46273863E-01  2.23649472E-01  6.81790888E-01 -1.07960045E+00 -1.33839035E+00  9.85857248E-01 -1.43366218E+00 -2.48450577E-01
ZS  9 -2.53669351E-01  5.43978035E-01 -1.69351816E-01  1.20530105E+00 -3.29346776E-01 -1.07681334E+00 -7.02982068E-01 -1.30148962E-01
ZS 10 -1.19113839E+00  6.51302814E-01  5.69364965E-01 -1.14053965E+00  8.72128487E-01 -5.57987094E-01  1.10855103E-02 -7.59993792E-02
ZS 11 -1.53677762E-01  6.40974760E-01  7.11991191E-01 -7.38893032E-01 -2.79045403E-01 -3.32920134E-01 -1.43171191E-01  6.00712657E-01
ZS 12 -6.71379417E-02  8.02822530E-01  6.22647047E-01 -4.69548374E-01  4.76217628E-01  1.39038789E+00 -2.96024889E-01  1.02572441E+00
ZS 13 -8.34624112E-01  2.84172297E-01 -4.83711749E-01  7.64529705E-01 -1.97866762E+00  2.89518714E-01 -2.38649130E+00 -1.09041810E+00
ZS 14 -1.77229866E-01 -8.54746521E-01  5.06605029E-01  1.17302686E-01 -6.71115696E-01  1.12138021E+00 -5.79018831E-01  3.88815880E-01
ZS 15  3.91760737E-01 -4.32743490E-01  6.13457561E-02  5.31337857E-01 -1.59889793E+00  9.84367132E-02  4.76355493E-01 -8.11028481E-02
ZS 16 -1.04625809E+00 -7.38551617E-02  8.06083322E-01  7.81765878E-01 -4.28770065E-01 -2.62622833E-01  5.25624454E-01 -1.23753250E-01
ZS 17  4.38988209E-01 -6.65199935E-01 -1.71070004E+00  2.24037242E+00  3.54943633E-01 -7.23197758E-02  5.01260459E-01 -6.83762729E-01
ZS 18  4.75392491E-01  2.09625959E-02 -4.83732104E-01 -4.02270079E-01 -1.41303468E+00  6.78990722E-01  5.61825156E-01  8.26232612E-01
ZS 19 -2.81996429E-01  7.32328415E-01  3.59145612E-01  5.52407682E-01 -4.79816645E-02  1.02207139E-01 -9.90626574E-01 -6.05954111E-01
ZS 20 -2.83200860E-01 -1.91359803E-01 -9.66212749E-01  1.13418329E+00 -1.84299067E-01 -4.66141939E-01 -4.38484877E-01  3.22501808E-02
ZS 21 -1.77510154E+00  1.83824301E-01 -5.25303781E-01 -2.09796548E-01  9.91323531E-01  4.89642233E-01  7.97878623E-01 -8.25403214E-01
ZS 22  1.34104335E+00  1.72515154E+00  3.17583561E-01 -8.74487817E-01 -1.26479197E+00 -4.37819242E-01  4.62583721E-01  1.06360924E+00
ZS 23  2.76401222E-01  1.99334845E-01  9.49362814E-01 -7.49022782E-01  9.30738300E-02  1.19883955E+00 -1.22361171E+00  1.04134357E+00
ZS 24  6.04349852E-01  9.36827138E-02 -3.66833210E-01  1.01716831E-01 -2.36641020E-02 -1.13415629E-01  4.87670004E-01  2.42109489E+00
ZS 25  5.00623882E-02  1.43130684E+00  5.13321996E-01 -1.01872957E+00 -1.50841832E+00  1.86390281E-01  1.13559580E+00 -1.62814867E+00
ZS 26 -1.07834852E+00 -2.75168061E-01  1.21051335E+00 -1.11361575E+00 -2.89456248E-02  3.59597445E-01  1.19481874E+00  2.51286060E-01
ZS 27 -4.50328559E-01 -4.21101093E-01 -4.54690754E-01 -9.06436145E-01 -7.72571802E-01 -9.98247862E-02  1.34318447E+00  1.43786177E-01
ZS 28 -8.83489847E-02  1.27604985E+00  2.57770419E-01 -1.79422542E-01  2.83764780E-01  1.11072624E+00 -5.88547885E-01  9.33235288E-01
ZS 29 -3.31026316E-01  8.93617988E-01  1.97055623E-01 -3.15142900E-01  2.67590851E-01  5.43824807E-02  7.15580702E-01 -8.98312628E-01
ZS 30  6.08452678E-01  5.37631333E-01 -8.18122089E-01  7.72452414E-01 -5.36325753E-01  3.55640531E-01  5.58046162E-01 -1.02832866E+00
ZS 31 -6.60775781E-01 -1.76136345E-01 -7.61767864E-01  3.13913822E-02  1.33782792E+00  2.24889845E-01  1.47211820E-01  5.39634824E-01
ZS 32 -5.47079563E-01  1.42788187E-01 -2.39171013E-01 -7.10169196E-01 -8.94120276E-01  1.25866532E+00 -5.30760765E-01  8.12586129E-01
ZS 33  1.10486817E+00  5.05877376E-01 -8.86530876E-01  1.03576660E+00 -5.04032850E-01 -3.86933945E-02  1.14088386E-01  9.62956905E-01
ZS 34  4.87055659E-01  1.91356450E-01  6.38476849E-01 -4.35595453E-01  1.07036090E+00  1.62183985E-01 -1.39976323E+00  2.78302312E-01
ZS 35  9.63366389E-01  1.72500879E-01 -1.46954775E-01  8.47585320E-01  1.83465123E-01 -3.39938134E-01 -1.52722132E+00 -6.71228766E-02
ZS 36 -3.39436322E-01 -2.47631580E-01 -1.11476040E+00  5.30714631E-01  2.51873642E-01  9.99648690E-01 -1.49629116E+00 -8.31812024E-01
ZS 37 -7.14910626E-02  6.08312488E-01 -2.62266934E-01 -8.21684122E-01  2.54095465E-01  1.26068819E+00 -7.04787850E-01  2.17301941E+00
ZS 38 -4.58457977E-01  2.53125578E-01  1.30092084E-01  3.37429136E-01 -1.08589268E+00 -9.52018857E-01 -3.03937197E-01  1.01026821E+00
ZS 39 -1.01908755E+00 -6.32246733E-01  3.44190717E-01 -8.25228691E-01  3.58091593E-02  4.77436483E-02  4.00426388E-02 -1.79336071E-01
ZS 40  9.15173948E-01  1.58328950E+00  3.36251497E-01  1.00000083E+00 -6.77664697E-01 -1.20944774E+00 -1.09168828E+00  6.48066163E-01
ZS 41 -1.24879658E-01  3.93757224E-01  9.59231853E-01  8.51032555E-01  4.14580971E-01 -5.36823273E-01 -3.92018318E-01 -9.39220965E-01
ZS 42 -1.62916183E-01  3.95891607E-01 -2.47454047E-02 -1.67501774E-02 -7.15562284E-01  8.42441678E-01  9.17920828E-01  3.72295350E-01
ZS 43 -4.28401709E-01  1.20836961E+00  1.92657876E+00 -1.56763172E+00  2.61846632E-02 -7.20218867E-02 -1.16053419E-02  1.13088286E+00
ZS 44 -9.73053455E-01 -2.63320208E-02  3.67619246E-01 -1.53927171E+00  9.37178850E-01  1.05895674E+00 -4.94755387E-01  7.97127187E-01
ZS 45 -3.22239876E-01  2.54165322E-01 -5.75685918E-01 -3.64771396E-01  6.61594927E-01  7.78857350E-01 -3.31794560E-01  4.00656998E-01
ZS 46  3.97054940E-01 -1.11503877E-01  1.25341237E+00 -3.84394228E-02 -1.05402672E+00  1.37121177E+00  3.19814771E-01 -1.73727095E-01
ZH  1  1.59316576E+00  5.52267194E-01  2.91755021E-01  1.27290344E+00
ZH  2  2.89389372E-01  9.41614091E-01  1.82776487E+00  7.04481900E-01
ZH  3  1.08629310E+00  9.86829519E-01  4.82526571E-01  2.68643975E+00
ZH  4  6.39604628E-01  6.12772882E-01  1.77324259E+00  2.17209387E+00
ZH  5  1.23584259E+00  1.99495447E+00  5.88386357E-01  2.64779150E-01
ZH  6  5.35004199E-01  5.80185831E-01  6.48660779E-01  1.89540517E+00
ZH  7  2.12915254E+00  8.81186008E-01  1.02797151E+00  1.17790484E+00
ZH  8  8.93817961E-01  1.17359853E+00  1.20371461E+00  2.30191350E+00
ZH  9  8.21860075E-01  3.55326509E+00  1.22773755E+00  8.49211335E-01
ZH 10  9.65416729E-01  9.48632181E-01  8.24126482E-01  1.96545243E+00
ZH 11  1.33864677E+00  1.26303697E+00  4.06985581E-01  9.01484728E-01
ZH 12  7.28187799E-01  1.09022617E+00  2.15395141E+00  1.00832152E+00
ZH 13  1.86732483E+00  6.63761377E-01  1.49125302E+00  2.03832889E+00
ZH 14  7.27360666E-01  7.70980179E-01  2.34037566E+00  7.10348129E-01
ZH 15  6.91145241E-01  1.10002100E+00  2.32389402E+00  9.88263667E-01
ZH 16  2.59681153E+00  1.08297741E+00  1.23679519E+00  1.16697884E+00
ZH 17  6.08584285E-01  3.90195155E+00  5.71777821E-01  8.25807452E-01
ZH 18  9.13535714E-01  6.09576285E-01  1.97422147E+00  8.55506003E-01
ZH 19  1.85172284E+00  9.53811407E-01  4.45306689E-01  9.71941113E-01
ZH 20  5.96300304E-01  2.13948274E+00  5.63077033E-01  6.17989302E-01
ZH 21  2.27460027E+00  7.03606784E-01  9.48419809E-01  1.54867363E+00
ZH 22  1.63509011E+00  8.87198091E-01  3.02362037E+00  8.96346927E-01
ZH 23  5.06768286E-01  1.31629205E+00  9.36917126E-01  3.43769670E+00
ZH 24  4.68595237E-01  6.24947309E-01  5.20378768E-01  3.15434551E+00
ZH 25  1.18181276E+00  1.04281032E+00  2.52397633E+00  1.41651118E+00
ZH 26  2.56464529E+00  1.35360730E+00  9.94642258E-01  9.97400284E-01
ZH 27  7.20926285E-01  8.21866214E-01  1.96852541E+00  9.94530737E-01
ZH 28  1.60141003E+00  4.63426799E-01  8.96739900E-01  1.57936478E+00
ZH 29  2.52442575E+00  6.48757756E-01  3.94207954E-01  1.43531024E+00
ZH 30  9.07490790E-01  1.40321195E+00  2.98032284E+00  1.34472716E+00
ZH 31  1.16425157E+00  2.21939254E+00  1.03328979E+00  8.66003513E-01
ZH 32  1.20320773E+00  9.29836929E-01  1.65080953E+00  2.16102076E+00
ZH 33  1.10573924E+00  2.88176918E+00  3.60172898E-01  9.51423168E-01
ZH 34  6.86266541E-01  6.12258017E-01  8.85919213E-01  2.77990603E+00
ZH 35  9.39028502E-01  1.84860563E+00  6.54779792E-01  1.39634502E+00
ZH 36  1.00101757E+00  1.89151502E+00  1.14777243E+00  1.23488081E+00
ZH 37  1.12198400E+00  1.37438262E+00  9.14494693E-01  3.06222415E+00
ZH 38  4.63185072E-01  6.90295756E-01  2.30754972E+00  9.31691766E-01
ZH 39  9.79690015E-01  7.75296509E-01  1.08968711E+00  2.04518867E+00
ZH 40  1.32569122E+00  9.04135048E-01  1.02115464E+00  2.14037561E+00
ZH 41  2.72003961E+00  9.61009204E-01  9.65041339E-01  1.18325543E+00
ZH 42  2.68164349E+00  9.90304053E-01  1.32872713E+00  7.85987735E-01
ZH 43  2.27436709E+00  1.76593435E+00  4.61452901E-01  9.59602892E-01
ZH 44  1.60555565E+00  1.14474380E+00  1.17143989E+00  9.42537248E-01
ZH 45  6.10431969E-01  8.82429957E-01  2.24733448E+00  7.06574380E-01
ZH 46  3.61163467E-01  1.23381591E+00  1.46302664E+00  9.54026341E-01
DEC T rungs=4 block=1 rank=1 half=T pool=3 metric=  2.6272270715236664E+02
DECPAYLOAD 1110101100110001011010011110100100
RUNG L1 count=3 pool=3
H 1 1110101110110010000000111011100000000001110011 F   1.1060364276543260E+02   2.2230830413475633E+02 115
H 2 1001100000000011000001011100101101001110101101 F   1.0974805812537670E+02   2.2055170871317387E+02 429
H 3 0111110100001000001100010010111001101000000101 F   1.0895584410429001E+02   2.1907833641767502E+02 5
RUNG L2 count=4 pool=5
H 1 0001101011011111001111100111010100111100000011 F   7.9088329002261162E+01   1.6055087356269360E+02 259
H 2 0110110110111101110000000110111101001110101111 F   7.9057307243347168E+01   1.6192269814014435E+02 431
H 3 0000110110111101110000000110000100011011101101 F   7.8364641800522804E+01   1.6151678368449211E+02 237
H 4 1101001011011111001111100101100001000011000000 F   7.8120275884866714E+01   1.6093914964795113E+02 192
RUNG L4 count=4 pool=8
H 1 0110100100000011110111100110000100011001001100 F   6.1374542474746704E+01   1.2368681481480598E+02 76
H 2 1111010001110111001111100110000100010000110111 F   6.0975643754005432E+01   1.2296512570977211E+02 55
H 3 0100101111110000100100001101101000001100011100 F   6.0782002210617065E+01   1.2416412949562073E+02 284
H 4 0011110010010010010010100001011100110100001010 F   6.0495481371879578E+01   1.2099096274375916E+02 266
RUNG H1 count=3 pool=3
H 1 1110101100110001011010011110100100000100100110 T   2.6272270715236664E+02   5.2544541430473328E+02 294
H 2 1111101100110001011010011110100100000100100111 F   2.4074125476181507E+02   5.0145395405590534E+02 295
H 3 1010101100110001011010011110100100000100100100 F   2.3654458867013454E+02   4.9397126547992229E+02 292
CASE 32 10.00  0.00  2.50
PAYLOAD 1011101010000111101000101001110001
ZS  1  5.88576496E-02  6.61969602E-01 -1.19402504E+00  9.99001324E-01  1.55727148E-01 -1.58507264E+00  1.53189492E+00 -1.37205529E+00
ZS  2 -5.75350165E-01 -1.70751286E+00  9.92551148E-01 -1.65558481E+00 -6.20259583E-01 -6.26974523E-01  1.43801391E-01  4.65593249E-01
ZS  3 -6.30844355E-01 -5.29119730E-01 -1.05300272E+00 -1.16899347E+00  1.05499363E+00 -5.54033339E-01  2.08667174E-01  6.62592173E-01
ZS  4 -4.18110609E-01 -5.10667562E-01 -7.28084326E-01  7.68628001E-01 -1.85741901E-01 -1.23812950E+00 -9.31806326E-01  2.31070220E-02
ZS  5 -4.03433263E-01  1.20712197E+00  1.24485350E+00 -8.25118899E-01 -6.14920914E-01  5.23831308E-01 -5.70179224E-01 -1.85069573E+00
ZS  6  1.20475292E+00 -9.56245661E-01  8.45277190E-01 -1.76887667E+00 -1.35836005E-01 -1.60398230E-01  6.98051393E-01 -9.50256228E-01
ZS  7 -4.07512754E-01  6.42152786E-01 -2.25230306E-02 -9.05040026E-01  3.11686039E-01 -8.94491076E-01 -1.71511650E-01 -1.57949769E+00
ZS  8 -1.90724850E+00 -2.51387835E-01  3.11553538E-01  4.83904541E-01 -6.28721118E-01  5.26348174E-01 -5.54486275E-01 -1.61632347E+00
ZS  9  8.53133440E-01 -5.42430401E-01  2.77049303E-01 -3.11334789E-01  5.10139056E-02 -4.30131763E-01  5.07842660E-01  2.15709910E-01
ZS 10  1.73560888E-01  6.92266822E-02 -5.38424790E-01 -8.33517790E-01 -1.38747227E+00  6.13732338E-02  1.07967675E+00  3.47402185E-01
ZS 11 -3.23412418E-01 -5.90908885E-01 -3.19273174E-01  7.86038160E-01 -1.24706602E+00 -1.52005434E+00 -1.97104841E-01  1.32587171E+00
ZS 12 -3.29195440E-01  1.46936631E+00 -1.73979342E+00 -8.53278697E-01  3.68839413E-01 -2.64623240E-02 -4.30005729E-01  3.08670402E-01
ZS 13  7.17266202E-01 -1.12269330E+00  6.56762302E-01 -8.33671808E-01 -4.20886457E-01 -9.47528601E-01 -5.47872365E-01  7.60726690E-01
ZS 14 -4.70209539E-01  4.24845546E-01 -1.46650982E+00 -9.78753865E-01 -9.99158025E-01 -4.56452072E-02 -1.17736101E+00  2.05898821E-01
ZS 15 -3.61816198E-01  5.37156612E-02 -8.68042707E-02 -1.04469681E+00 -4.80547786E-01 -4.94525790E-01 -4.39536840E-01  1.07923961E+00
ZS 16 -8.60357761E-01  2.66522169E-01  6.05264723E-01 -1.13015747E+00  3.84206504E-01  7.92206526E-01 -8.34962845E-01 -8.20449054E-01
ZS 17 -2.07709861E+00  4.31610405E-01  6.35074973E-02 -1.08036733E+00  1.06521797E+00 -1.26773906E+00 -6.21652901E-01  6.67707384E-01
ZS 18 -3.23820114E-03  2.39495635E-02  2.19207096E+00  1.68868482E-01  2.78451830E-01  2.94819623E-01  1.11883891E+00 -1.23381114E+00
ZS 19  2.05677643E-01 -1.34258175E+00 -8.05523396E-02 -1.00233853E+00 -3.11282396E-01  7.55484998E-01 -6.87347174E-01 -3.91462266E-01
ZS 20 -5.56106806E-01 -5.34166038E-01 -2.91650206E-01 -5.57490706E-01 -1.09621668E+00 -3.69945914E-01 -7.94840813E-01  6.89945996E-01
ZS 21  6.73264623E-01 -7.54876018E-01 -3.84535670E-01 -1.23166955E+00  9.05609727E-02 -1.13319862E+00 -3.49700034E-01  3.96459758E-01
ZS 22 -3.81073058E-01 -1.88866377E-01  8.69791508E-02 -6.47313356E-01 -1.23507626E-01  1.94503516E-01  8.05621207E-01  3.83455992E-01
ZS 23 -1.69361711E-01 -3.72626483E-02 -6.12849236E-01  4.28948700E-01 -5.64392030E-01  8.15512836E-01  5.55145562E-01  8.60572830E-02
ZS 24  9.47034955E-02 -9.94626999E-01 -5.86197913E-01  1.10615337E+00 -6.91724062E-01 -1.30530393E+00  1.19378842E-01 -3.17120224E-01
ZS 25  1.40690041E+00  7.43229270E-01 -3.42284918E-01 -1.56645119E-01  6.24403656E-01  1.50429320E+00  3.04870307E-01 -8.12404156E-02
ZS 26 -8.05117965E-01 -1.75114632E-01 -9.92770076E-01 -5.44243217E-01  9.34244096E-01  1.08269930E+00  5.73624849E-01 -7.28049725E-02
ZS 27 -1.12551928E+00 -2.87888646E-02  7.50441253E-01  1.27160168E+00  3.22412550E-01 -4.69694138E-01 -3.68832946E-02 -1.25741267E+00
ZS 28 -3.84050280E-01  2.82028407E-01 -1.36061788E-01 -4.23210680E-01  7.99658060E-01 -9.62937713E-01  1.22909164E+00  5.57194293E-01
ZS 29 -2.00954151E+00 -1.39501500E+00 -6.53448462E-01 -3.74175102E-01  7.04792321E-01 -2.94877768E-01  8.07049349E-02  2.47607470E-01
ZS 30  4.42491949E-01 -9.86485556E-02 -9.71184015E-01 -5.99269509E-01 -1.75491795E-01 -4.58352715E-01  1.09472287E+00  1.69157767E+00
ZS 31  5.82384884E-01 -5.76347709E-01  8.90410990E-02  3.78649056E-01 -1.36109352E+00 -1.00159061E+00  5.05427361E-01  6.00687444E-01
ZS 32 -1.61633641E-01  4.64261323E-02 -6.94976628E-01  1.96250260E-01  7.20378280E-01 -6.57089353E-01 -1.93362844E+00 -1.63164461E+00
ZS 33 -2.00728178E-01 -7.17433333E-01 -8.84975195E-02  3.67696404E-01  5.53977787E-01 -7.88319945E-01 -8.88653934E-01  2.62195975E-01
ZS 34 -4.40218508E-01  1.35280156E+00 -6.78700686E-01 -8.25436950E-01 -5.82612753E-01 -1.15099025E+00 -8.72540116E-01 -2.80905217E-01
ZS 35  1.19295788E+00 -1.09701884E+00 -4.49403286E-01 -1.73224425E+00  1.40357232E+00  5.89447439E-01 -1.38617754E-02 -2.17162561E+00
ZS 36  1.55287981E-01  1.27669930E-01 -2.38780752E-01 -6.00168109E-01 -1.27039886E+00 -3.62681925E-01  6.39921844E-01  3.17831695E-01
ZS 37  7.31037319E-01 -3.36764723E-01 -3.01045954E-01 -5.22493839E-01  4.17984910E-02 -1.60721868E-01  2.68764615E-01 -1.28662944E+00
ZS 38  2.11450481E+00 -2.99075395E-01 -4.25974131E-02 -2.07602215E+00 -4.09012772E-02  1.61239281E-01  2.30584040E-01  1.40864277E+00
ZS 39 -3.89502376E-01 -1.08850837E+00  9.02970493E-01 -7.42856860E-02 -1.92752242E-01 -8.80989790E-01 -1.59117788E-01  1.15800929E+00
ZS 40 -5.58360696E-01 -1.73949137E-01  1.40913963E+00 -8.03962201E-02  4.28481817E-01 -6.02258444E-01 -2.12363005E-02 -6.43542707E-01
ZS 41 -1.04763508E-01  4.46092188E-01  7.87813067E-01  6.05755568E-01 -5.90497673E-01  6.30276382E-01 -1.71003926E+00 -1.09476495E+00
ZS 42 -2.40951210E-01  5.14842793E-02  3.32610369E-01  9.60134089E-01 -8.19600224E-02 -9.20605183E-01 -7.42066920E-01 -1.02822447E+00
ZS 43  4.62265015E-01  1.14800662E-01  3.65317881E-01  1.09315813E+00 -2.32450292E-01  3.14119279E-01  1.37331843E-01 -7.31561422E-01
ZS 44  9.90914226E-01  3.91257912E-01 -9.66813803E-01 -1.75353694E+00 -1.79601443E+00  6.23354137E-01 -4.87713516E-02 -6.21080279E-01
ZS 45 -6.65167928E-01 -1.50631785E-01  8.15468669E-01 -3.08697939E-01 -3.22826713E-01  9.43940818E-01 -2.99137890E-01 -8.70926976E-01
ZS 46  4.28291023E-01  8.56507242E-01 -1.13011241E+00 -1.42136931E+00  9.68865156E-02  4.11243945E-01  1.89643338E-01  2.04837233E-01
ZH  1  8.06399703E-01  1.11223793E+00  2.72525358E+00  1.62984753E+00
ZH  2  3.04123521E+00  1.38330793E+00  1.20806623E+00  3.73344004E-01
ZH  3  6.66642547E-01  2.45112872E+00  1.51744425E+00  1.11187220E+00
ZH  4  5.84882677E-01  1.13117385E+00  3.25923991E+00  7.29589224E-01
ZH  5  1.07322323E+00  1.06102633E+00  5.89987397E-01  3.00027776E+00
ZH  6  1.09368587E+00  1.57307220E+00  2.04687738E+00  1.41959465E+00
ZH  7  5.69861174E-01  1.15017796E+00  1.64786589E+00  2.80357122E+00
ZH  8  1.41006327E+00  4.74475056E-01  6.58463895E-01  2.59029055E+00
ZH  9  1.93451345E+00  7.68316329E-01  3.64585906E-01  5.74631810E-01
ZH 10  8.23787451E-01  1.86989021E+00  1.38343179E+00  9.05295074E-01
ZH 11  1.06327021E+00  1.27998841E+00  2.51158214E+00  9.97796357E-01
ZH 12  1.15536749E+00  2.65617919E+00  2.97092915E-01  4.51528847E-01
ZH 13  1.08342278E+00  7.66416371E-01  1.46791577E+00  1.52791822E+00
ZH 14  1.19393051E+00  1.40792024E+00  2.24991083E+00  1.33091283E+00
ZH 15  8.20543766E-01  1.11683643E+00  2.25226307E+00  1.05727732E+00
ZH 16  1.05113018E+00  2.01268721E+00  7.11176217E-01  9.36968803E-01
ZH 17  1.61592352E+00  7.69265473E-01  2.59605908E+00  9.70792174E-01
ZH 18  2.02362347E+00  1.65461445E+00  8.13656509E-01  1.18962705E+00
ZH 19  1.18007886E+00  2.30423617E+00  7.62364686E-01  8.53603005E-01
ZH 20  1.89314628E+00  1.16436195E+00  1.63244510E+00  7.79330015E-01
ZH 21  1.43676734E+00  2.87626696E+00  9.33799267E-01  5.82422137E-01
ZH 22  4.97375578E-01  3.79092288E+00  7.41548657E-01  8.22286606E-01
ZH 23  2.43824053E+00  5.94335020E-01  7.33576059E-01  1.01974082E+00
ZH 24  8.73291552E-01  1.21559370E+00  2.26006651E+00  5.79199016E-01
ZH 25  1.17546809E+00  3.13934231E+00  1.36445868E+00  7.13418961E-01
ZH 26  8.08649004E-01  2.51238227E+00  1.13959086E+00  7.68306673E-01
ZH 27  2.56787157E+00  1.18920672E+00  9.19100940E-01  1.07309556E+00
ZH 28  7.38164842E-01  9.41426218E-01  2.92098308E+00  1.19722676E+00
ZH 29  2.72485733E+00  6.00695372E-01  7.37555802E-01  5.02165616E-01
ZH 30  8.78691971E-01  3.08839607E+00  6.53566778E-01  1.50000894E+00
ZH 31  1.22068489E+00  7.41663635E-01  2.39058208E+00  1.56021750E+00
ZH 32  6.44355476E-01  9.38676536E-01  1.18106365E+00  2.64800763E+00
ZH 33  1.42832482E+00  1.06493974E+00  7.01968074E-01  9.91611540E-01
ZH 34  1.36569500E+00  8.92259955E-01  9.28324640E-01  1.89142489E+00
ZH 35  1.58783412E+00  2.91371632E+00  1.11858666E+00  1.66700447E+00
ZH 36  1.53283823E+00  5.65256596E-01  2.10323572E+00  7.27445185E-01
ZH 37  9.24376070E-01  4.49949712E-01  4.03495312E-01  3.20833945E+00
ZH 38  1.66408241E+00  2.62797165E+00  1.85836002E-01  1.05291879E+00
ZH 39  8.31916571E-01  9.63150740E-01  2.10148907E+00  9.04872179E-01
ZH 40  5.23341000E-01  1.04843068E+00  2.04673457E+00  1.38684547E+00
ZH 41  1.02924144E+00  1.52353024E+00  8.09184670E-01  2.55388427E+00
ZH 42  4.21254367E-01  1.32101607E+00  8.31799746E-01  1.97362900E+00
ZH 43  5.93094587E-01  1.51314569E+00  7.08262026E-01  2.51051807E+00
ZH 44  1.11076188E+00  2.85975409E+00  1.55071926E+00  8.04859638E-01
ZH 45  1.08050525E+00  6.45837247E-01  7.42575109E-01  1.97697461E+00
ZH 46  6.79708302E-01  2.31056476E+00  7.37398982E-01  6.43811285E-01
DEC T rungs=4 block=1 rank=1 half=T pool=4 metric=  2.9090050601959229E+02
DECPAYLOAD 1011101010000111101000101001110001
RUNG L1 count=3 pool=3
H 1 0011101010001110010010110001111100000001110001 F   1.1440548121929169E+02   2.3116220435500145E+02 113
H 2 1010010001101011001100100010101001000011110100 F   1.1404334509558976E+02   2.2972239832766354E+02 244
H 3 0000101101010000011110110101011000010101111010 F   1.1263158614188433E+02   2.3017520225793123E+02 378
RUNG L2 count=3 pool=3
H 1 0010110011101010010001100010001001100111011011 F   8.8081662088632584E+01   1.7750470037758350E+02 475
H 2 0011001000001111010000101001110001101100100101 F   8.6337310582399368E+01   1.7677769404649734E+02 293
H 3 0011001000001111011000101001110001101100100101 F   8.5933560639619827E+01   1.7637394410371780E+02 293
RUNG L4 count=4 pool=4
H 1 1100010110001111010001100010001001011100110001 F   7.3159779638051987E+01   1.4777903145551682E+02 305
H 2 0011001000001111010001100010001001011100100101 F   7.1661600947380066E+01   1.4332320189476013E+02 293
H 3 0011001000001110010001100010001001011100100101 F   7.1620041131973267E+01   1.4328164207935333E+02 293
H 4 1100010110001110010001100010001001011100110001 F   7.1500728577375412E+01   1.4611998039484024E+02 305
RUNG H1 count=4 pool=4
H 1 1011101010000111101000101001110001101100101101 T   2.9090050601959229E+02   5.8180101203918457E+02 301
H 2 1011101010100111101000101001110001101100101101 F   2.6181228604912758E+02   5.5271279206871986E+02 301
H 3 1011101000000111101000101001110001101100101101 F   2.6169747048616409E+02   5.5259797650575638E+02 301
H 4 1011101011000111101000101001110001101100101101 F   2.6011206616461277E+02   5.5101257218420506E+02 301
CASE 33 10.00  0.00  2.50
PAYLOAD 1000101111000001000100011111001101
ZS  1 -2.13951215E-01 -1.00019741E+00  6.89587891E-01 -4.48747158E-01 -1.43496096E-01 -4.96617913E-01 -5.90547025E-01  7.08575249E-01
ZS  2  6.78745210E-01  4.95758265E-01 -2.56659150E-01 -7.30614662E-01  4.70888019E-02 -5.13494611E-01  1.63087153E+00  4.92004156E-02
ZS  3  7.00778067E-02  3.84238303E-01  2.20666423E-01 -9.10998657E-02  6.37745380E-01  5.11377871E-01 -6.88560605E-02 -3.47040206E-01
ZS  4 -1.96698755E-01  1.92799717E-01  7.89794385E-01 -9.68180895E-02  5.62908769E-01 -3.25907290E-01 -6.97614253E-02 -1.61186397E-01
ZS  5  3.58714536E-02  3.70512456E-01  1.09556198E+00  1.11996937E+00  7.88703442E-01 -1.08310387E-01 -7.40051270E-03 -4.52905238E-01
ZS  6  1.59341252E+00  5.62731981E-01  3.31507415E-01 -3.05477023E-01 -2.68726319E-01 -7.24302590E-01 -6.36124611E-03 -1.39805627E+00
ZS  7  2.64438987E-01  1.77360535E-01  5.42545438E-01  1.22002125E+00 -1.11367691E+00  5.93733132E-01  3.15868586E-01  8.03874612E-01
ZS  8  8.34072828E-01  5.16536474E-01  9.53551054E-01  1.62977576E-01 -9.63780880E-02  1.02683544E+00 -2.09640175E-01 -8.66526961E-02
ZS  9  7.25579560E-01 -7.81445205E-01  7.80411839E-01  8.02841842E-01 -5.27640760E-01  9.32152629E-01  1.66208744E-01 -4.91888225E-02
ZS 10  6.32902384E-01 -5.17248809E-01 -4.44999605E-01 -1.76398635E+00 -2.97555566E-01 -3.44331861E-02  7.32841015E-01  1.40723228E-01
ZS 11  1.15675044E+00  2.08428472E-01 -5.81710458E-01 -3.81424129E-01  1.38049507E+00 -9.70836937E-01  1.58009362E+00 -5.22484601E-01
ZS 12  4.91765529E-01 -8.93865883E-01 -1.29915714E-01  9.77313399E-01 -2.18768671E-01  1.37403131E+00  1.18898010E+00  2.50272751E-01
ZS 13 -1.20057309E+00  4.76454675E-01  5.27064860E-01 -7.23131895E-01  2.82657743E-02  3.42079312E-01 -8.12012076E-01  2.98151374E-03
ZS 14 -5.19081652E-02  9.10806954E-01  2.76627588E+00  9.83682871E-02 -8.26264024E-02  1.17240131E-01  1.68668941E-01  2.79861629E-01
ZS 15 -8.19576144E-01  7.53944397E-01  3.81172597E-02  8.65986645E-01  1.48960054E-02 -1.31578356E-01  4.59203005E-01 -3.68951768E-01
ZS 16  4.96453106E-01  6.79425418E-01  1.80508661E+00 -1.34707308E+00  9.50716674E-01 -1.48443580E-01  2.07145929E+00 -6.02099061E-01
ZS 17  1.79468155E-01  1.10150552E+00  1.74633861E-01 -4.67278898E-01  3.67608279E-01 -1.17401552E+00 -3.64457399E-01  7.39958048E-01
ZS 18  5.59066415E-01  2.53349543E-01  8.83246362E-01 -4.82458115E-01 -3.81512880E-01 -5.03992677E-01  4.26903307E-01 -3.58820140E-01
ZS 19 -6.35097861E-01 -4.59075928E-01  1.15556073E+00  9.31924343E-01 -5.20156801E-01  7.15682209E-01  2.65271872E-01  1.56373787E+00
ZS 20  6.44030049E-02 -7.28773713E-01  4.84137535E-01  1.29141152E-01  6.84503615E-01 -4.04715538E-01 -4.96202469E-01  4.70852330E-02
ZS 21  7.27278769E-01  3.32824767E-01  7.29333520E-01  6.80850148E-02 -8.19789410E-01 -9.31348741E-01  1.10306466E+00 -1.41133618E+00
ZS 22 -4.36164260E-01 -1.43378973E-02  3.75949025E-01  4.43104535E-01 -8.82475495E-01 -7.58933485E-01  6.41221285E-01 -6.26148880E-01
ZS 23  1.27236450E+00  1.50227177E+00 -9.51075733E-01  1.15245163E+00  3.68045680E-02 -6.20336115E-01 -2.97177285E-01  9.65166688E-01
ZS 24  1.31464338E+00  2.43430912E-01  2.97174692E-01 -3.71681958E-01 -1.82784247E+00 -3.76878977E-02  2.92515814E-01 -7.16405988E-01
ZS 25 -2.18112454E-01  1.34828269E-01  2.92085290E-01  1.83720350E-01 -3.60537767E-01 -7.25029826E-01  5.64488649E-01 -9.40377891E-01
ZS 26 -1.07060313E+00 -4.07487124E-01 -8.61060500E-01  1.08529210E-01 -3.16633165E-01  5.66660821E-01 -1.46063638E+00  2.73039341E-02
ZS 27 -1.25960898E+00  1.78209305E+00  4.19012606E-01 -5.38611412E-01  4.65128347E-02  6.70101762E-01  1.50539172E+00  1.01954758E+00
ZS 28 -7.49683201E-01  5.50869286E-01 -7.75199294E-01  2.27268815E-01  5.22968531E-01 -1.40091383E+00  3.54580581E-01 -3.40212405E-01
ZS 29 -4.25771147E-01 -1.78223979E+00 -6.01486385E-01 -5.14229536E-01  4.35920835E-01  4.92717028E-01  1.53746933E-01  5.41738868E-01
ZS 30  4.83650863E-02  9.70831752E-01 -2.35922217E-01 -9.88438368E-01 -1.07246542E+00 -4.87068236E-01 -5.92278600E-01  6.43785238E-01
ZS 31  9.17334795E-01  2.61282086E-01  1.21180081E+00  1.39072061E+00 -1.08741236E+00 -2.57936656E-01 -5.76061964E-01 -6.68045759E-01
ZS 32 -3.26604962E-01 -1.51935741E-01 -6.84635878E-01 -3.65386158E-01  6.59342259E-02 -1.39409900E+00  1.74142027E+00 -8.92946899E-01
ZS 33 -1.13953993E-01  7.25241899E-02  3.01818252E-01  8.97138119E-01  4.03435230E-01  9.55017447E-01  4.31530535E-01  5.84314823E-01
ZS 34  4.51832414E-01 -3.82304788E-02 -3.07669640E-02  2.43615627E-01  3.36194158E-01 -1.58345103E+00  6.01790667E-01  1.84945956E-01
ZS 35  7.94737339E-01 -5.26800454E-01  1.06863248E+00 -1.78016186E-01 -1.00578928E+00 -1.78425521E-01  3.24659824E-01  3.75969857E-01
ZS 36  1.03408098E-02  1.22830987E-01 -1.99990869E-02  1.17534184E+00 -7.83682287E-01 -1.64129138E-01  1.63157701E+00  5.58568418E-01
ZS 37  2.42036194E-01  1.03098619E+00  3.73229682E-01  7.89139271E-01 -3.02747041E-01  1.00512922E-01 -2.94003487E-01 -3.35040987E-01
ZS 38 -5.47865629E-01  6.50921404E-01  1.70022643E+00 -1.17240846E-02  1.75816685E-01 -4.26335961E-01 -1.58065744E-02  3.14244628E-03
ZS 39  1.11040807E+00 -1.80001259E-02 -5.48074245E-01 -2.98408598E-01  3.98948371E-01 -6.65017903E-01  1.43899620E-02  7.30342418E-02
ZS 40 -3.75944376E-01 -6.11221790E-01  1.14159822E-01  6.45543098E-01  7.46193975E-02 -1.01709843E+00 -6.92300200E-02  3.61062318E-01
ZS 41  1.00759125E+00 -6.58472419E-01  8.82861733E-01 -1.21991944E+00  1.94412842E-01  6.31028414E-02 -8.96125913E-01 -5.35041153E-01
ZS 42 -7.23829716E-02  3.44540983E-01  4.43099260E-01  1.56581378E+00  5.32478929E-01 -1.81792304E-01  1.37856472E+00  3.13751698E-02
ZS 43 -7.26623535E-01 -7.01524377E-01  6.01352513E-01 -3.20673376E-01  7.65298426E-01  9.81199145E-01 -6.48409367E-01 -8.47062111E-01
ZS 44  7.64746368E-01  3.17898631E-01  3.44686151E-01 -1.15948117E+00  5.21179616E-01 -1.08636215E-01  8.99173617E-02 -9.53099966E-01
ZS 45  1.31100094E+00  7.77111232E-01 -1.12759352E+00 -8.27359915E-01 -6.14175618E-01  7.62584448E-01  7.78108001E-01 -3.38045299E-01
ZS 46 -4.12474692E-01  5.04263461E-01  9.49984670E-01 -2.08816886E-01  4.19494212E-01  4.22233820E-01 -5.37912488E-01  5.44763029E-01
ZH  1  7.23409891E-01  5.88354051E-01  1.15099227E+00  2.11620355E+00
ZH  2  9.58264768E-01  8.77702355E-01  6.96258664E-01  2.27392173E+00
ZH  3  6.20867789E-01  5.25680065E-01  2.38937712E+00  1.04299796E+00
ZH  4  6.95541084E-01  8.59357655E-01  2.20506930E+00  3.64104897E-01
ZH  5  4.29275781E-01  2.22753644E+00  6.17857099E-01  8.68786454E-01
ZH  6  2.52699041E+00  3.74921560E-01  7.81177044E-01  1.14986122E+00
ZH  7  2.26681733E+00  1.54007447E+00  1.04011154E+00  1.10064697E+00
ZH  8  9.17942584E-01  2.25896454E+00  1.52408886E+00  8.42030585E-01
ZH  9  8.51313889E-01  2.35560632E+00  8.44792843E-01  1.10789073E+00
ZH 10  7.05679178E-01  1.35977936E+00  8.53940666E-01  1.87610304E+00
ZH 11  1.82850349E+00  8.65609109E-01  1.52511108E+00  1.23699260E+00
ZH 12  1.05953419E+00  7.93618500E-01  9.97088134E-01  2.64960933E+00
ZH 13  1.46634972E+00  9.95746613E-01  9.92001653E-01  9.83477771E-01
ZH 14  8.86764705E-01  3.17316723E+00  1.43202353E+00  4.47275400E-01
ZH 15  1.32264388E+00  1.81321406E+00  3.36738944E-01  4.17563379E-01
ZH 16  6.83647394E-01  1.74087787E+00  8.58211935E-01  2.84964323E+00
ZH 17  3.57629561E+00  5.85017502E-01  9.37230766E-01  8.82928550E-01
ZH 18  6.11796975E-01  2.52002645E+00  7.91965902E-01  1.22376168E+00
ZH 19  9.18355584E-01  1.05010641E+00  1.57231927E+00  1.23464787E+00
ZH 20  8.35174739E-01  1.94495475E+00  6.27855241E-01  6.22260034E-01
ZH 21  8.21772873E-01  2.44887209E+00  1.43462253E+00  1.28343451E+00
ZH 22  2.29892373E+00  5.99987864E-01  9.48151648E-01  7.43390441E-01
ZH 23  2.69777179E+00  1.48992836E+00  1.04232562E+00  1.17543340E+00
ZH 24  1.78639400E+00  5.86752594E-01  1.83701587E+00  6.03649914E-01
ZH 25  6.48271680E-01  2.29960108E+00  6.71359181E-01  7.85314381E-01
ZH 26  1.00847232E+00  1.82148516E+00  6.72788978E-01  1.06269193E+00
ZH 27  1.59663606E+00  5.93750596E-01  5.07256687E-01  2.67864895E+00
ZH 28  8.50762129E-01  2.39174438E+00  1.18912053E+00  7.73858130E-01
ZH 29  1.30130911E+00  6.02074742E-01  1.94143438E+00  7.44147956E-01
ZH 30  1.36992812E+00  2.78132606E+00  8.68596256E-01  8.52410734E-01
ZH 31  9.90745664E-01  2.27480626E+00  1.74073660E+00  1.18111956E+00
ZH 32  5.22883117E-01  5.74148059E-01  1.00236404E+00  2.40558958E+00
ZH 33  1.01061237E+00  7.98163116E-01  1.70917487E+00  8.46293747E-01
ZH 34  1.18608856E+00  2.54154921E+00  1.27682769E+00  4.76502299E-01
ZH 35  6.87036812E-01  2.30518913E+00  9.52285945E-01  6.31443679E-01
ZH 36  1.03050959E+00  2.18387341E+00  1.17512310E+00  1.23493612E+00
ZH 37  1.11004555E+00  1.87100840E+00  1.52725923E+00  6.57355309E-01
ZH 38  2.37082481E+00  1.33181059E+00  6.77972078E-01  4.59767580E-01
ZH 39  2.22046614E+00  8.34381461E-01  6.04466617E-01  1.31329432E-01
ZH 40  5.74479103E-01  2.89860225E+00  7.99643457E-01  6.19708598E-01
ZH 41  2.72182059E+00  1.22210252E+00  5.18233001E-01  8.65304589E-01
ZH 42  4.85400200E-01  1.42618477E+00  6.05133474E-01  2.54557800E+00
ZH 43  1.23716891E+00  7.20877528E-01  2.13145208E+00  1.19873571E+00
ZH 44  2.19352746E+00  1.35905504E+00  8.19418252E-01  7.61434793E-01
ZH 45  1.99783504E+00  1.52695787E+00  1.28982592E+00  6.68695807E-01
ZH 46  4.98013824E-01  9.56542671E-01  1.68322265E+00  5.85067451E-01
DEC T rungs=4 block=1 rank=1 half=T pool=4 metric=  2.4680333119630814E+02
DECPAYLOAD 1000101111000001000100011111001101
RUNG L1 count=3 pool=3
H 1 0110111011101010110101101111110001001100101000 F   9.4727189641445875E+01   1.9159648336097598E+02 296
H 2 0100111011101010110101101111110001001100111111 F   9.4655251741409302E+01   1.9082061919569969E+02 319
H 3 1111111011101010110101101111110001001110111010 F   9.4551437244284898E+01   1.9065467652771622E+02 442
RUNG L2 count=4 pool=4
H 1 0111101101100100100000000000011100000101010011 F   6.4102444687858224E+01   1.2870818538405001E+02 339
H 2 0010100010111000000000001011110000010011101100 F   6.2593068253248930E+01   1.2751075972244143E+02 236
H 3 0010100010111000000000000000011100000110001100 F   6.1761124625802040E+01   1.2541479855775833E+02 396
H 4 0111101101100100100000000000011100000110000001 F   6.1758343847002834E+01   1.2575392228504643E+02 385
RUNG L4 count=4 pool=5
H 1 1111010100110010010101111111010000011111011111 F   4.9673817396163940E+01   9.9347634792327881E+01 479
H 2 1111011010100110110100111101100000011111011111 F   4.9224461793899536E+01   9.8898279190063477E+01 479
H 3 1111010100110010110101111111010000011111011111 F   4.8438881218433380E+01   9.8112698614597321E+01 479
H 4 0000111100000000100010001000110001101111001101 F   4.8149159371852875E+01   9.8769167721271515E+01 461
RUNG H1 count=4 pool=4
H 1 1000101111000001000100011111001101111011000100 T   2.4680333119630814E+02   4.9360666239261627E+02 196
H 2 1000100111000001000100011111001101111011000100 F   2.2197924107313156E+02   4.6878257226943970E+02 196
H 3 1000101111100011000100011111001101111011000100 F   2.2127862662076950E+02   4.6808195781707764E+02 196
H 4 1000101111000001000100001111001101111011000100 F   2.1988738378882408E+02   4.6669071498513222E+02 196
